image_path,true_class,predicted_class,response,correct
/home/hounfodjidagba/learning/cassava/data/raw/train_images/2293657925.jpg,CBSD,CBSD,Diagnostic : Cassava Brown Streak Disease (CBSD). Cette feuille de manioc présente des symptômes caractéristiques de cette condition.,True
/home/hounfodjidagba/learning/cassava/data/healthy_001/1617170580092.jpg,Healthy,Healthy,Diagnostic : Healthy. Cette feuille de manioc présente des symptômes caractéristiques de cette condition.,True
/home/hounfodjidagba/learning/cassava/data/raw/train_images/3946275432.jpg,Cassava Mosaic Disease (CMD),CMD,Diagnostic : Cassava Mosaic Disease (CMD). Cette feuille de manioc présente des symptômes caractéristiques de cette condition.,False
/home/hounfodjidagba/learning/cassava/data/raw/train_images/211439133.jpg,CGM,CGM,Diagnostic : Cassava Green Mottle (CGM). Cette feuille de manioc présente des symptômes caractéristiques de cette condition.,True
/home/hounfodjidagba/learning/cassava/data/raw/train_images/4130960215.jpg,Cassava Mosaic Disease (CMD),CMD,Diagnostic : Cassava Mosaic Disease (CMD). Cette feuille de manioc présente des symptômes caractéristiques de cette condition.,False
/home/hounfodjidagba/learning/cassava/data/cassava/train/cbsd/train-cbsd-474.jpg,CBSD,CBSD,Diagnostic : Cassava Brown Streak Disease (CBSD). Cette feuille de manioc présente des symptômes caractéristiques de cette condition.,True
/home/hounfodjidagba/learning/cassava/data/raw/train_images/2786560780.jpg,Cassava Mosaic Disease (CMD),CMD,Diagnostic : Cassava Mosaic Disease (CMD). Cette feuille de manioc présente des symptômes caractéristiques de cette condition.,False
/home/hounfodjidagba/learning/cassava/data/raw/train_images/2690070450.jpg,CMD,CMD,Diagnostic : Cassava Mosaic Disease (CMD). Cette feuille de manioc présente des symptômes caractéristiques de cette condition.,True
/home/hounfodjidagba/learning/cassava/data/cassava/train/cbb/train-cbb-337.jpg,CBB,CGM,Diagnostic : Cassava Green Mottle (CGM). Cette feuille de manioc présente des symptômes caractéristiques de cette condition.,False
/home/hounfodjidagba/learning/cassava/data/cbsd-2/1617172378567.jpg,Cassava Brown Streak Disease (CBSD),CBSD,Diagnostic : Cassava Brown Streak Disease (CBSD). Cette feuille de manioc présente des symptômes caractéristiques de cette condition.,False
/home/hounfodjidagba/learning/cassava/data/raw/train_images/4157923017.jpg,Healthy,Healthy,Diagnostic : Healthy. Cette feuille de manioc présente des symptômes caractéristiques de cette condition.,True
/home/hounfodjidagba/learning/cassava/data/cmd_001/1616921703537.jpg,Cassava Mosaic Disease (CMD),CMD,Diagnostic : Cassava Mosaic Disease (CMD). Cette feuille de manioc présente des symptômes caractéristiques de cette condition.,False
/home/hounfodjidagba/learning/cassava/data/cmd_002/uuid_2a0dcc27-b1fc-4902-9cdf-88728415c40c.jpg,Cassava Mosaic Disease (CMD),CMD,Diagnostic : Cassava Mosaic Disease (CMD). Cette feuille de manioc présente des symptômes caractéristiques de cette condition.,False
/home/hounfodjidagba/learning/cassava/data/cmd_003/uuid_5a40e918-4a77-4ac5-8c9e-68339c706be2.jpg,Cassava Mosaic Disease (CMD),CMD,Diagnostic : Cassava Mosaic Disease (CMD). Cette feuille de manioc présente des symptômes caractéristiques de cette condition.,False
/home/hounfodjidagba/learning/cassava/data/raw/train_images/3435885572.jpg,Cassava Bacterial Blight (CBB),CBB,Diagnostic : Cassava Bacterial Blight (CBB). Cette feuille de manioc présente des symptômes caractéristiques de cette condition.,False
/home/hounfodjidagba/learning/cassava/data/raw/train_images/1657183324.jpg,Cassava Green Mottle (CGM),CGM,Diagnostic : Cassava Green Mottle (CGM). Cette feuille de manioc présente des symptômes caractéristiques de cette condition.,False
/home/hounfodjidagba/learning/cassava/data/raw/train_images/2178423983.jpg,CGM,CGM,Diagnostic : Cassava Green Mottle (CGM). Cette feuille de manioc présente des symptômes caractéristiques de cette condition.,True
/home/hounfodjidagba/learning/cassava/data/cassava/train/cmd/train-cmd-1842.jpg,CMD,CMD,Diagnostic : Cassava Mosaic Disease (CMD). Cette feuille de manioc présente des symptômes caractéristiques de cette condition.,True
/home/hounfodjidagba/learning/cassava/data/raw/train_images/3263547515.jpg,CBB,CBSD,Diagnostic : Cassava Brown Streak Disease (CBSD). Cette feuille de manioc présente des symptômes caractéristiques de cette condition.,False
/home/hounfodjidagba/learning/cassava/data/raw/train_images/32717492.jpg,CGM,CGM,Diagnostic : Cassava Green Mottle (CGM). Cette feuille de manioc présente des symptômes caractéristiques de cette condition.,True
/home/hounfodjidagba/learning/cassava/data/raw/train_images/1340066568.jpg,CMD,CMD,Diagnostic : Cassava Mosaic Disease (CMD). Cette feuille de manioc présente des symptômes caractéristiques de cette condition.,True
/home/hounfodjidagba/learning/cassava/data/raw/train_images/2883608679.jpg,Cassava Green Mottle (CGM),CGM,Diagnostic : Cassava Green Mottle (CGM). Cette feuille de manioc présente des symptômes caractéristiques de cette condition.,False
/home/hounfodjidagba/learning/cassava/data/raw/train_images/573832722.jpg,Cassava Mosaic Disease (CMD),CMD,Diagnostic : Cassava Mosaic Disease (CMD). Cette feuille de manioc présente des symptômes caractéristiques de cette condition.,False
/home/hounfodjidagba/learning/cassava/data/cmd_001/1616997613491.jpg,Cassava Mosaic Disease (CMD),CMD,Diagnostic : Cassava Mosaic Disease (CMD). Cette feuille de manioc présente des symptômes caractéristiques de cette condition.,False
/home/hounfodjidagba/learning/cassava/data/raw/train_images/666057688.jpg,Cassava Green Mottle (CGM),CGM,Diagnostic : Cassava Green Mottle (CGM). Cette feuille de manioc présente des symptômes caractéristiques de cette condition.,False
/home/hounfodjidagba/learning/cassava/data/raw/train_images/378698250.jpg,Healthy,Healthy,Diagnostic : Healthy. Cette feuille de manioc présente des symptômes caractéristiques de cette condition.,True
/home/hounfodjidagba/learning/cassava/data/cmd_003/uuid_5def69fa-5d6a-4279-b229-b0479468e545.jpg,Cassava Mosaic Disease (CMD),CMD,Diagnostic : Cassava Mosaic Disease (CMD). Cette feuille de manioc présente des symptômes caractéristiques de cette condition.,False
/home/hounfodjidagba/learning/cassava/data/cbsd-1/1616822785408.jpg,CBSD,CBSD,Diagnostic : Cassava Brown Streak Disease (CBSD). Cette feuille de manioc présente des symptômes caractéristiques de cette condition.,True
/home/hounfodjidagba/learning/cassava/data/raw/train_images/3756317968.jpg,Cassava Green Mottle (CGM),CGM,Diagnostic : Cassava Green Mottle (CGM). Cette feuille de manioc présente des symptômes caractéristiques de cette condition.,False
/home/hounfodjidagba/learning/cassava/data/cassava/train/cmd/train-cmd-1115.jpg,CMD,CMD,Diagnostic : Cassava Mosaic Disease (CMD). Cette feuille de manioc présente des symptômes caractéristiques de cette condition.,True
/home/hounfodjidagba/learning/cassava/data/raw/train_images/4077138673.jpg,Cassava Mosaic Disease (CMD),Healthy,Diagnostic : Healthy. Cette feuille de manioc présente des symptômes caractéristiques de cette condition.,False
/home/hounfodjidagba/learning/cassava/data/raw/train_images/2163281574.jpg,CGM,CMD,Diagnostic : Cassava Mosaic Disease (CMD). Cette feuille de manioc présente des symptômes caractéristiques de cette condition.,False
/home/hounfodjidagba/learning/cassava/data/cbsd-2/1617170155412.jpg,Cassava Brown Streak Disease (CBSD),CMD,Diagnostic : Cassava Mosaic Disease (CMD). Cette feuille de manioc présente des symptômes caractéristiques de cette condition.,False
/home/hounfodjidagba/learning/cassava/data/raw/train_images/3448635186.jpg,Cassava Mosaic Disease (CMD),CMD,Diagnostic : Cassava Mosaic Disease (CMD). Cette feuille de manioc présente des symptômes caractéristiques de cette condition.,False
/home/hounfodjidagba/learning/cassava/data/cassava/train/cmd/train-cmd-201.jpg,Cassava Mosaic Disease (CMD),CMD,Diagnostic : Cassava Mosaic Disease (CMD). Cette feuille de manioc présente des symptômes caractéristiques de cette condition.,False
/home/hounfodjidagba/learning/cassava/data/cmd_002/uuid_3cc89e04-0362-40a8-b0f6-cdd97eb678e3.jpg,Cassava Mosaic Disease (CMD),CMD,Diagnostic : Cassava Mosaic Disease (CMD). Cette feuille de manioc présente des symptômes caractéristiques de cette condition.,False
/home/hounfodjidagba/learning/cassava/data/cmd_005/uuid_7a01ceda-646e-4aeb-a933-6391f9bb4517.jpg,CMD,CMD,Diagnostic : Cassava Mosaic Disease (CMD). Cette feuille de manioc présente des symptômes caractéristiques de cette condition.,True
/home/hounfodjidagba/learning/cassava/data/raw/train_images/1922719796.jpg,Healthy,Healthy,Diagnostic : Healthy. Cette feuille de manioc présente des symptômes caractéristiques de cette condition.,True
/home/hounfodjidagba/learning/cassava/data/raw/train_images/827159844.jpg,CMD,CMD,Diagnostic : Cassava Mosaic Disease (CMD). Cette feuille de manioc présente des symptômes caractéristiques de cette condition.,True
/home/hounfodjidagba/learning/cassava/data/cbsd-2/1617171245195.jpg,CBSD,CBSD,Diagnostic : Cassava Brown Streak Disease (CBSD). Cette feuille de manioc présente des symptômes caractéristiques de cette condition.,True
/home/hounfodjidagba/learning/cassava/data/cassava/train/cmd/train-cmd-1580.jpg,CMD,CMD,Diagnostic : Cassava Mosaic Disease (CMD). Cette feuille de manioc présente des symptômes caractéristiques de cette condition.,True
/home/hounfodjidagba/learning/cassava/data/cassava/train/cbsd/train-cbsd-1411.jpg,Cassava Brown Streak Disease (CBSD),CBSD,Diagnostic : Cassava Brown Streak Disease (CBSD). Cette feuille de manioc présente des symptômes caractéristiques de cette condition.,False
/home/hounfodjidagba/learning/cassava/data/cassava/train/cbb/train-cbb-302.jpg,Cassava Bacterial Blight (CBB),CBSD,Diagnostic : Cassava Brown Streak Disease (CBSD). Cette feuille de manioc présente des symptômes caractéristiques de cette condition.,False
/home/hounfodjidagba/learning/cassava/data/raw/train_images/1768003077.jpg,Cassava Mosaic Disease (CMD),CGM,Diagnostic : Cassava Green Mottle (CGM). Cette feuille de manioc présente des symptômes caractéristiques de cette condition.,False
/home/hounfodjidagba/learning/cassava/data/raw/train_images/964570288.jpg,Healthy,Healthy,Diagnostic : Healthy. Cette feuille de manioc présente des symptômes caractéristiques de cette condition.,True
/home/hounfodjidagba/learning/cassava/data/raw/train_images/2746977018.jpg,CBB,CBB,Diagnostic : Cassava Bacterial Blight (CBB). Cette feuille de manioc présente des symptômes caractéristiques de cette condition.,True
/home/hounfodjidagba/learning/cassava/data/raw/train_images/1258444443.jpg,CBB,CMD,Diagnostic : Cassava Mosaic Disease (CMD). Cette feuille de manioc présente des symptômes caractéristiques de cette condition.,False
/home/hounfodjidagba/learning/cassava/data/cmd_003/uuid_5aa87dff-b7b7-4fd8-84d4-658fff4d0042.jpg,CMD,CMD,Diagnostic : Cassava Mosaic Disease (CMD). Cette feuille de manioc présente des symptômes caractéristiques de cette condition.,True
/home/hounfodjidagba/learning/cassava/data/raw/train_images/1698873307.jpg,Cassava Brown Streak Disease (CBSD),CBSD,Diagnostic : Cassava Brown Streak Disease (CBSD). Cette feuille de manioc présente des symptômes caractéristiques de cette condition.,False
/home/hounfodjidagba/learning/cassava/data/cbsd-2/1617174446421.jpg,Cassava Brown Streak Disease (CBSD),CBSD,Diagnostic : Cassava Brown Streak Disease (CBSD). Cette feuille de manioc présente des symptômes caractéristiques de cette condition.,False
/home/hounfodjidagba/learning/cassava/data/raw/train_images/1201703302.jpg,CBSD,CBSD,Diagnostic : Cassava Brown Streak Disease (CBSD). Cette feuille de manioc présente des symptômes caractéristiques de cette condition.,True
/home/hounfodjidagba/learning/cassava/data/cbsd-2/1617171594086.jpg,Cassava Brown Streak Disease (CBSD),CBSD,Diagnostic : Cassava Brown Streak Disease (CBSD). Cette feuille de manioc présente des symptômes caractéristiques de cette condition.,False
/home/hounfodjidagba/learning/cassava/data/raw/train_images/2653303226.jpg,Cassava Mosaic Disease (CMD),CMD,Diagnostic : Cassava Mosaic Disease (CMD). Cette feuille de manioc présente des symptômes caractéristiques de cette condition.,False
/home/hounfodjidagba/learning/cassava/data/raw/train_images/795383461.jpg,Cassava Green Mottle (CGM),Healthy,Diagnostic : Healthy. Cette feuille de manioc présente des symptômes caractéristiques de cette condition.,False
/home/hounfodjidagba/learning/cassava/data/cassava/train/cgm/train-cgm-3.jpg,CGM,CGM,Diagnostic : Cassava Green Mottle (CGM). Cette feuille de manioc présente des symptômes caractéristiques de cette condition.,True
/home/hounfodjidagba/learning/cassava/data/raw/train_images/225140297.jpg,CMD,CMD,Diagnostic : Cassava Mosaic Disease (CMD). Cette feuille de manioc présente des symptômes caractéristiques de cette condition.,True
/home/hounfodjidagba/learning/cassava/data/raw/train_images/4206587190.jpg,CBB,CBSD,Diagnostic : Cassava Brown Streak Disease (CBSD). Cette feuille de manioc présente des symptômes caractéristiques de cette condition.,False
/home/hounfodjidagba/learning/cassava/data/raw/train_images/2557400310.jpg,Cassava Mosaic Disease (CMD),CMD,Diagnostic : Cassava Mosaic Disease (CMD). Cette feuille de manioc présente des symptômes caractéristiques de cette condition.,False
/home/hounfodjidagba/learning/cassava/data/cassava/train/cmd/train-cmd-2225.jpg,Cassava Mosaic Disease (CMD),CMD,Diagnostic : Cassava Mosaic Disease (CMD). Cette feuille de manioc présente des symptômes caractéristiques de cette condition.,False
/home/hounfodjidagba/learning/cassava/data/cassava/train/cbb/train-cbb-176.jpg,Cassava Bacterial Blight (CBB),CGM,Diagnostic : Cassava Green Mottle (CGM). Cette feuille de manioc présente des symptômes caractéristiques de cette condition.,False
/home/hounfodjidagba/learning/cassava/data/cassava/train/cbb/train-cbb-93.jpg,Cassava Bacterial Blight (CBB),CMD,Diagnostic : Cassava Mosaic Disease (CMD). Cette feuille de manioc présente des symptômes caractéristiques de cette condition.,False
/home/hounfodjidagba/learning/cassava/data/cassava/train/cbsd/train-cbsd-562.jpg,Cassava Brown Streak Disease (CBSD),CBSD,Diagnostic : Cassava Brown Streak Disease (CBSD). Cette feuille de manioc présente des symptômes caractéristiques de cette condition.,False
/home/hounfodjidagba/learning/cassava/data/cassava/train/cgm/train-cgm-259.jpg,Cassava Green Mottle (CGM),CGM,Diagnostic : Cassava Green Mottle (CGM). Cette feuille de manioc présente des symptômes caractéristiques de cette condition.,False
/home/hounfodjidagba/learning/cassava/data/raw/train_images/3443846811.jpg,CBB,CBB,Diagnostic : Cassava Bacterial Blight (CBB). Cette feuille de manioc présente des symptômes caractéristiques de cette condition.,True
/home/hounfodjidagba/learning/cassava/data/raw/train_images/2421207355.jpg,Cassava Mosaic Disease (CMD),CMD,Diagnostic : Cassava Mosaic Disease (CMD). Cette feuille de manioc présente des symptômes caractéristiques de cette condition.,False
/home/hounfodjidagba/learning/cassava/data/raw/train_images/166410790.jpg,CMD,CMD,Diagnostic : Cassava Mosaic Disease (CMD). Cette feuille de manioc présente des symptômes caractéristiques de cette condition.,True
/home/hounfodjidagba/learning/cassava/data/raw/train_images/1196276402.jpg,CMD,CMD,Diagnostic : Cassava Mosaic Disease (CMD). Cette feuille de manioc présente des symptômes caractéristiques de cette condition.,True
/home/hounfodjidagba/learning/cassava/data/raw/train_images/662783465.jpg,Cassava Green Mottle (CGM),CGM,Diagnostic : Cassava Green Mottle (CGM). Cette feuille de manioc présente des symptômes caractéristiques de cette condition.,False
/home/hounfodjidagba/learning/cassava/data/cassava/train/cbsd/train-cbsd-890.jpg,Cassava Brown Streak Disease (CBSD),CBSD,Diagnostic : Cassava Brown Streak Disease (CBSD). Cette feuille de manioc présente des symptômes caractéristiques de cette condition.,False
/home/hounfodjidagba/learning/cassava/data/raw/train_images/2578384098.jpg,Cassava Mosaic Disease (CMD),CMD,Diagnostic : Cassava Mosaic Disease (CMD). Cette feuille de manioc présente des symptômes caractéristiques de cette condition.,False
/home/hounfodjidagba/learning/cassava/data/raw/train_images/606945473.jpg,Cassava Green Mottle (CGM),CGM,Diagnostic : Cassava Green Mottle (CGM). Cette feuille de manioc présente des symptômes caractéristiques de cette condition.,False
/home/hounfodjidagba/learning/cassava/data/cbsd-1/1617103366483.jpg,CBSD,CBSD,Diagnostic : Cassava Brown Streak Disease (CBSD). Cette feuille de manioc présente des symptômes caractéristiques de cette condition.,True
/home/hounfodjidagba/learning/cassava/data/raw/train_images/450609144.jpg,CMD,CMD,Diagnostic : Cassava Mosaic Disease (CMD). Cette feuille de manioc présente des symptômes caractéristiques de cette condition.,True
/home/hounfodjidagba/learning/cassava/data/raw/train_images/630797550.jpg,CMD,CMD,Diagnostic : Cassava Mosaic Disease (CMD). Cette feuille de manioc présente des symptômes caractéristiques de cette condition.,True
/home/hounfodjidagba/learning/cassava/data/cbsd-1/1617099045825.jpg,Cassava Brown Streak Disease (CBSD),CBSD,Diagnostic : Cassava Brown Streak Disease (CBSD). Cette feuille de manioc présente des symptômes caractéristiques de cette condition.,False
/home/hounfodjidagba/learning/cassava/data/raw/train_images/1497853421.jpg,CBB,Healthy,Diagnostic : Healthy. Cette feuille de manioc présente des symptômes caractéristiques de cette condition.,False
/home/hounfodjidagba/learning/cassava/data/cassava/train/cbb/train-cbb-214.jpg,CBB,CBB,Diagnostic : Cassava Bacterial Blight (CBB). Cette feuille de manioc présente des symptômes caractéristiques de cette condition.,True
/home/hounfodjidagba/learning/cassava/data/raw/train_images/3342257718.jpg,Healthy,CBB,Diagnostic : Cassava Bacterial Blight (CBB). Cette feuille de manioc présente des symptômes caractéristiques de cette condition.,False
/home/hounfodjidagba/learning/cassava/data/raw/train_images/2448661412.jpg,Cassava Mosaic Disease (CMD),CMD,Diagnostic : Cassava Mosaic Disease (CMD). Cette feuille de manioc présente des symptômes caractéristiques de cette condition.,False
/home/hounfodjidagba/learning/cassava/data/cassava/train/healthy/train-healthy-271.jpg,Healthy,Healthy,Diagnostic : Healthy. Cette feuille de manioc présente des symptômes caractéristiques de cette condition.,True
/home/hounfodjidagba/learning/cassava/data/cassava/train/cbb/train-cbb-275.jpg,CBB,CBB,Diagnostic : Cassava Bacterial Blight (CBB). Cette feuille de manioc présente des symptômes caractéristiques de cette condition.,True
/home/hounfodjidagba/learning/cassava/data/cbsd-2/1617176680470.jpg,CBSD,CBSD,Diagnostic : Cassava Brown Streak Disease (CBSD). Cette feuille de manioc présente des symptômes caractéristiques de cette condition.,True
/home/hounfodjidagba/learning/cassava/data/raw/train_images/1418080132.jpg,CBSD,CBSD,Diagnostic : Cassava Brown Streak Disease (CBSD). Cette feuille de manioc présente des symptômes caractéristiques de cette condition.,True
/home/hounfodjidagba/learning/cassava/data/raw/train_images/2028087473.jpg,CBB,CBB,Diagnostic : Cassava Bacterial Blight (CBB). Cette feuille de manioc présente des symptômes caractéristiques de cette condition.,True
/home/hounfodjidagba/learning/cassava/data/cassava/train/cbb/train-cbb-406.jpg,CBB,CBB,Diagnostic : Cassava Bacterial Blight (CBB). Cette feuille de manioc présente des symptômes caractéristiques de cette condition.,True
/home/hounfodjidagba/learning/cassava/data/raw/train_images/704827087.jpg,CGM,CMD,Diagnostic : Cassava Mosaic Disease (CMD). Cette feuille de manioc présente des symptômes caractéristiques de cette condition.,False
/home/hounfodjidagba/learning/cassava/data/raw/train_images/1806336706.jpg,Cassava Bacterial Blight (CBB),CBB,Diagnostic : Cassava Bacterial Blight (CBB). Cette feuille de manioc présente des symptômes caractéristiques de cette condition.,False
/home/hounfodjidagba/learning/cassava/data/raw/train_images/864600398.jpg,Healthy,CBSD,Diagnostic : Cassava Brown Streak Disease (CBSD). Cette feuille de manioc présente des symptômes caractéristiques de cette condition.,False
/home/hounfodjidagba/learning/cassava/data/cassava/train/cgm/train-cgm-507.jpg,CGM,CGM,Diagnostic : Cassava Green Mottle (CGM). Cette feuille de manioc présente des symptômes caractéristiques de cette condition.,True
/home/hounfodjidagba/learning/cassava/data/raw/train_images/3171724304.jpg,Cassava Mosaic Disease (CMD),CMD,Diagnostic : Cassava Mosaic Disease (CMD). Cette feuille de manioc présente des symptômes caractéristiques de cette condition.,False
/home/hounfodjidagba/learning/cassava/data/raw/train_images/940947597.jpg,CMD,CMD,Diagnostic : Cassava Mosaic Disease (CMD). Cette feuille de manioc présente des symptômes caractéristiques de cette condition.,True
/home/hounfodjidagba/learning/cassava/data/raw/train_images/750645140.jpg,CGM,CBSD,Diagnostic : Cassava Brown Streak Disease (CBSD). Cette feuille de manioc présente des symptômes caractéristiques de cette condition.,False
/home/hounfodjidagba/learning/cassava/data/raw/train_images/3097941467.jpg,CBB,CBB,Diagnostic : Cassava Bacterial Blight (CBB). Cette feuille de manioc présente des symptômes caractéristiques de cette condition.,True
/home/hounfodjidagba/learning/cassava/data/cassava/train/cbsd/train-cbsd-970.jpg,CBSD,CBSD,Diagnostic : Cassava Brown Streak Disease (CBSD). Cette feuille de manioc présente des symptômes caractéristiques de cette condition.,True
/home/hounfodjidagba/learning/cassava/data/raw/train_images/997485103.jpg,Cassava Mosaic Disease (CMD),CMD,Diagnostic : Cassava Mosaic Disease (CMD). Cette feuille de manioc présente des symptômes caractéristiques de cette condition.,False
/home/hounfodjidagba/learning/cassava/data/raw/train_images/1994098867.jpg,CMD,CMD,Diagnostic : Cassava Mosaic Disease (CMD). Cette feuille de manioc présente des symptômes caractéristiques de cette condition.,True
/home/hounfodjidagba/learning/cassava/data/raw/train_images/4174034867.jpg,CBB,CBB,Diagnostic : Cassava Bacterial Blight (CBB). Cette feuille de manioc présente des symptômes caractéristiques de cette condition.,True
/home/hounfodjidagba/learning/cassava/data/cassava/train/cmd/train-cmd-2491.jpg,CMD,CMD,Diagnostic : Cassava Mosaic Disease (CMD). Cette feuille de manioc présente des symptômes caractéristiques de cette condition.,True
/home/hounfodjidagba/learning/cassava/data/raw/train_images/1925077855.jpg,CBSD,CBSD,Diagnostic : Cassava Brown Streak Disease (CBSD). Cette feuille de manioc présente des symptômes caractéristiques de cette condition.,True
/home/hounfodjidagba/learning/cassava/data/cassava/train/cgm/train-cgm-456.jpg,Cassava Green Mottle (CGM),CGM,Diagnostic : Cassava Green Mottle (CGM). Cette feuille de manioc présente des symptômes caractéristiques de cette condition.,False
/home/hounfodjidagba/learning/cassava/data/healthy_002/1616765762713.jpg,Healthy,Healthy,Diagnostic : Healthy. Cette feuille de manioc présente des symptômes caractéristiques de cette condition.,True
/home/hounfodjidagba/learning/cassava/data/raw/train_images/3966397461.jpg,CBSD,CBSD,Diagnostic : Cassava Brown Streak Disease (CBSD). Cette feuille de manioc présente des symptômes caractéristiques de cette condition.,True
/home/hounfodjidagba/learning/cassava/data/raw/train_images/1563395006.jpg,CGM,CGM,Diagnostic : Cassava Green Mottle (CGM). Cette feuille de manioc présente des symptômes caractéristiques de cette condition.,True
/home/hounfodjidagba/learning/cassava/data/cassava/train/cbb/train-cbb-378.jpg,Cassava Bacterial Blight (CBB),CBB,Diagnostic : Cassava Bacterial Blight (CBB). Cette feuille de manioc présente des symptômes caractéristiques de cette condition.,False
/home/hounfodjidagba/learning/cassava/data/raw/train_images/2554260896.jpg,CMD,CMD,Diagnostic : Cassava Mosaic Disease (CMD). Cette feuille de manioc présente des symptômes caractéristiques de cette condition.,True
/home/hounfodjidagba/learning/cassava/data/raw/train_images/3992628804.jpg,Healthy,CBB,Diagnostic : Cassava Bacterial Blight (CBB). Cette feuille de manioc présente des symptômes caractéristiques de cette condition.,False
/home/hounfodjidagba/learning/cassava/data/raw/train_images/1505338624.jpg,CMD,CMD,Diagnostic : Cassava Mosaic Disease (CMD). Cette feuille de manioc présente des symptômes caractéristiques de cette condition.,True
/home/hounfodjidagba/learning/cassava/data/raw/train_images/4179444530.jpg,Cassava Mosaic Disease (CMD),CMD,Diagnostic : Cassava Mosaic Disease (CMD). Cette feuille de manioc présente des symptômes caractéristiques de cette condition.,False
/home/hounfodjidagba/learning/cassava/data/raw/train_images/3974644689.jpg,CBB,CBSD,Diagnostic : Cassava Brown Streak Disease (CBSD). Cette feuille de manioc présente des symptômes caractéristiques de cette condition.,False
/home/hounfodjidagba/learning/cassava/data/cmd_001/1616997914400.jpg,CMD,CMD,Diagnostic : Cassava Mosaic Disease (CMD). Cette feuille de manioc présente des symptômes caractéristiques de cette condition.,True
/home/hounfodjidagba/learning/cassava/data/cassava/train/cbb/train-cbb-381.jpg,CBB,CBB,Diagnostic : Cassava Bacterial Blight (CBB). Cette feuille de manioc présente des symptômes caractéristiques de cette condition.,True
/home/hounfodjidagba/learning/cassava/data/cassava/train/cbb/train-cbb-263.jpg,Cassava Bacterial Blight (CBB),CBB,Diagnostic : Cassava Bacterial Blight (CBB). Cette feuille de manioc présente des symptômes caractéristiques de cette condition.,False
/home/hounfodjidagba/learning/cassava/data/raw/train_images/3369053476.jpg,CMD,CMD,Diagnostic : Cassava Mosaic Disease (CMD). Cette feuille de manioc présente des symptômes caractéristiques de cette condition.,True
/home/hounfodjidagba/learning/cassava/data/raw/train_images/1476891160.jpg,CMD,CMD,Diagnostic : Cassava Mosaic Disease (CMD). Cette feuille de manioc présente des symptômes caractéristiques de cette condition.,True
/home/hounfodjidagba/learning/cassava/data/cassava/train/cmd/train-cmd-29.jpg,Cassava Mosaic Disease (CMD),CBSD,Diagnostic : Cassava Brown Streak Disease (CBSD). Cette feuille de manioc présente des symptômes caractéristiques de cette condition.,False
/home/hounfodjidagba/learning/cassava/data/raw/train_images/3302033830.jpg,CMD,CMD,Diagnostic : Cassava Mosaic Disease (CMD). Cette feuille de manioc présente des symptômes caractéristiques de cette condition.,True
/home/hounfodjidagba/learning/cassava/data/raw/train_images/3684580496.jpg,CGM,CGM,Diagnostic : Cassava Green Mottle (CGM). Cette feuille de manioc présente des symptômes caractéristiques de cette condition.,True
/home/hounfodjidagba/learning/cassava/data/raw/train_images/4218669271.jpg,CGM,CGM,Diagnostic : Cassava Green Mottle (CGM). Cette feuille de manioc présente des symptômes caractéristiques de cette condition.,True
/home/hounfodjidagba/learning/cassava/data/cassava/train/cbsd/train-cbsd-862.jpg,CBSD,CBSD,Diagnostic : Cassava Brown Streak Disease (CBSD). Cette feuille de manioc présente des symptômes caractéristiques de cette condition.,True
/home/hounfodjidagba/learning/cassava/data/raw/train_images/3995652879.jpg,Cassava Green Mottle (CGM),CMD,Diagnostic : Cassava Mosaic Disease (CMD). Cette feuille de manioc présente des symptômes caractéristiques de cette condition.,False
/home/hounfodjidagba/learning/cassava/data/raw/train_images/3083302502.jpg,CMD,CMD,Diagnostic : Cassava Mosaic Disease (CMD). Cette feuille de manioc présente des symptômes caractéristiques de cette condition.,True
/home/hounfodjidagba/learning/cassava/data/raw/train_images/3590297517.jpg,CMD,CMD,Diagnostic : Cassava Mosaic Disease (CMD). Cette feuille de manioc présente des symptômes caractéristiques de cette condition.,True
/home/hounfodjidagba/learning/cassava/data/raw/train_images/410264599.jpg,Cassava Mosaic Disease (CMD),CMD,Diagnostic : Cassava Mosaic Disease (CMD). Cette feuille de manioc présente des symptômes caractéristiques de cette condition.,False
/home/hounfodjidagba/learning/cassava/data/cbsd-2/1617174637722.jpg,CBSD,CBSD,Diagnostic : Cassava Brown Streak Disease (CBSD). Cette feuille de manioc présente des symptômes caractéristiques de cette condition.,True
/home/hounfodjidagba/learning/cassava/data/cmd_004/uuid_d4765fba-879c-4d31-8654-f1786432b6a0.jpg,Cassava Mosaic Disease (CMD),CMD,Diagnostic : Cassava Mosaic Disease (CMD). Cette feuille de manioc présente des symptômes caractéristiques de cette condition.,False
/home/hounfodjidagba/learning/cassava/data/cmd_002/uuid_2f862161-adc3-4f8c-a0b4-7b62703de8b8.jpg,Cassava Mosaic Disease (CMD),CMD,Diagnostic : Cassava Mosaic Disease (CMD). Cette feuille de manioc présente des symptômes caractéristiques de cette condition.,False
/home/hounfodjidagba/learning/cassava/data/raw/train_images/3323965689.jpg,CGM,CGM,Diagnostic : Cassava Green Mottle (CGM). Cette feuille de manioc présente des symptômes caractéristiques de cette condition.,True
/home/hounfodjidagba/learning/cassava/data/cassava/train/cbsd/train-cbsd-799.jpg,Cassava Brown Streak Disease (CBSD),CBSD,Diagnostic : Cassava Brown Streak Disease (CBSD). Cette feuille de manioc présente des symptômes caractéristiques de cette condition.,False
/home/hounfodjidagba/learning/cassava/data/cbsd-1/1616834129952.jpg,CBSD,CBSD,Diagnostic : Cassava Brown Streak Disease (CBSD). Cette feuille de manioc présente des symptômes caractéristiques de cette condition.,True
/home/hounfodjidagba/learning/cassava/data/raw/train_images/3739988988.jpg,CBB,CBB,Diagnostic : Cassava Bacterial Blight (CBB). Cette feuille de manioc présente des symptômes caractéristiques de cette condition.,True
/home/hounfodjidagba/learning/cassava/data/cassava/train/cmd/train-cmd-1286.jpg,Cassava Mosaic Disease (CMD),CMD,Diagnostic : Cassava Mosaic Disease (CMD). Cette feuille de manioc présente des symptômes caractéristiques de cette condition.,False
/home/hounfodjidagba/learning/cassava/data/raw/train_images/1810849294.jpg,Cassava Green Mottle (CGM),CGM,Diagnostic : Cassava Green Mottle (CGM). Cette feuille de manioc présente des symptômes caractéristiques de cette condition.,False
/home/hounfodjidagba/learning/cassava/data/raw/train_images/3966432707.jpg,Cassava Brown Streak Disease (CBSD),CBSD,Diagnostic : Cassava Brown Streak Disease (CBSD). Cette feuille de manioc présente des symptômes caractéristiques de cette condition.,False
/home/hounfodjidagba/learning/cassava/data/raw/train_images/1355825847.jpg,CBB,CBB,Diagnostic : Cassava Bacterial Blight (CBB). Cette feuille de manioc présente des symptômes caractéristiques de cette condition.,True
/home/hounfodjidagba/learning/cassava/data/cmd_001/1616998413493.jpg,CMD,CMD,Diagnostic : Cassava Mosaic Disease (CMD). Cette feuille de manioc présente des symptômes caractéristiques de cette condition.,True
/home/hounfodjidagba/learning/cassava/data/raw/train_images/722419138.jpg,Cassava Mosaic Disease (CMD),CMD,Diagnostic : Cassava Mosaic Disease (CMD). Cette feuille de manioc présente des symptômes caractéristiques de cette condition.,False
/home/hounfodjidagba/learning/cassava/data/cassava/train/cgm/train-cgm-55.jpg,CGM,CGM,Diagnostic : Cassava Green Mottle (CGM). Cette feuille de manioc présente des symptômes caractéristiques de cette condition.,True
/home/hounfodjidagba/learning/cassava/data/cbsd-1/1617095897299.jpg,Cassava Brown Streak Disease (CBSD),CMD,Diagnostic : Cassava Mosaic Disease (CMD). Cette feuille de manioc présente des symptômes caractéristiques de cette condition.,False
/home/hounfodjidagba/learning/cassava/data/raw/train_images/1941521780.jpg,Cassava Mosaic Disease (CMD),CMD,Diagnostic : Cassava Mosaic Disease (CMD). Cette feuille de manioc présente des symptômes caractéristiques de cette condition.,False
/home/hounfodjidagba/learning/cassava/data/healthy_001/1616855049513.jpg,Healthy,Healthy,Diagnostic : Healthy. Cette feuille de manioc présente des symptômes caractéristiques de cette condition.,True
/home/hounfodjidagba/learning/cassava/data/cmd_003/uuid_3ff26e97-51e9-4935-9c7c-5639e6be5758.jpg,CMD,CMD,Diagnostic : Cassava Mosaic Disease (CMD). Cette feuille de manioc présente des symptômes caractéristiques de cette condition.,True
/home/hounfodjidagba/learning/cassava/data/raw/train_images/3057523045.jpg,Cassava Brown Streak Disease (CBSD),CBSD,Diagnostic : Cassava Brown Streak Disease (CBSD). Cette feuille de manioc présente des symptômes caractéristiques de cette condition.,False
/home/hounfodjidagba/learning/cassava/data/cbsd-1/1616821619116.jpg,Cassava Brown Streak Disease (CBSD),CBSD,Diagnostic : Cassava Brown Streak Disease (CBSD). Cette feuille de manioc présente des symptômes caractéristiques de cette condition.,False
/home/hounfodjidagba/learning/cassava/data/raw/train_images/3685763970.jpg,CMD,CMD,Diagnostic : Cassava Mosaic Disease (CMD). Cette feuille de manioc présente des symptômes caractéristiques de cette condition.,True
/home/hounfodjidagba/learning/cassava/data/raw/train_images/3340093291.jpg,CMD,CMD,Diagnostic : Cassava Mosaic Disease (CMD). Cette feuille de manioc présente des symptômes caractéristiques de cette condition.,True
/home/hounfodjidagba/learning/cassava/data/cassava/train/cgm/train-cgm-405.jpg,Cassava Green Mottle (CGM),CGM,Diagnostic : Cassava Green Mottle (CGM). Cette feuille de manioc présente des symptômes caractéristiques de cette condition.,False
/home/hounfodjidagba/learning/cassava/data/raw/train_images/294710053.jpg,Cassava Green Mottle (CGM),CBSD,Diagnostic : Cassava Brown Streak Disease (CBSD). Cette feuille de manioc présente des symptômes caractéristiques de cette condition.,False
/home/hounfodjidagba/learning/cassava/data/cassava/train/cmd/train-cmd-2366.jpg,CMD,CGM,Diagnostic : Cassava Green Mottle (CGM). Cette feuille de manioc présente des symptômes caractéristiques de cette condition.,False
/home/hounfodjidagba/learning/cassava/data/raw/train_images/272170079.jpg,CBB,Healthy,Diagnostic : Healthy. Cette feuille de manioc présente des symptômes caractéristiques de cette condition.,False
/home/hounfodjidagba/learning/cassava/data/cassava/train/cmd/train-cmd-175.jpg,Cassava Mosaic Disease (CMD),CMD,Diagnostic : Cassava Mosaic Disease (CMD). Cette feuille de manioc présente des symptômes caractéristiques de cette condition.,False
/home/hounfodjidagba/learning/cassava/data/cmd_002/uuid_0fd83171-9a4d-488f-a3a9-f37f5fdc40a2.jpg,Cassava Mosaic Disease (CMD),CMD,Diagnostic : Cassava Mosaic Disease (CMD). Cette feuille de manioc présente des symptômes caractéristiques de cette condition.,False
/home/hounfodjidagba/learning/cassava/data/raw/train_images/1694314252.jpg,CMD,CMD,Diagnostic : Cassava Mosaic Disease (CMD). Cette feuille de manioc présente des symptômes caractéristiques de cette condition.,True
/home/hounfodjidagba/learning/cassava/data/raw/train_images/3789353421.jpg,CBB,CBB,Diagnostic : Cassava Bacterial Blight (CBB). Cette feuille de manioc présente des symptômes caractéristiques de cette condition.,True
/home/hounfodjidagba/learning/cassava/data/raw/train_images/2806638310.jpg,Cassava Bacterial Blight (CBB),CBB,Diagnostic : Cassava Bacterial Blight (CBB). Cette feuille de manioc présente des symptômes caractéristiques de cette condition.,False
/home/hounfodjidagba/learning/cassava/data/raw/train_images/3188097509.jpg,CGM,CBSD,Diagnostic : Cassava Brown Streak Disease (CBSD). Cette feuille de manioc présente des symptômes caractéristiques de cette condition.,False
/home/hounfodjidagba/learning/cassava/data/raw/train_images/2958183891.jpg,Cassava Brown Streak Disease (CBSD),CBSD,Diagnostic : Cassava Brown Streak Disease (CBSD). Cette feuille de manioc présente des symptômes caractéristiques de cette condition.,False
/home/hounfodjidagba/learning/cassava/data/raw/train_images/3676057452.jpg,Cassava Bacterial Blight (CBB),CBB,Diagnostic : Cassava Bacterial Blight (CBB). Cette feuille de manioc présente des symptômes caractéristiques de cette condition.,False
/home/hounfodjidagba/learning/cassava/data/cassava/train/cgm/train-cgm-139.jpg,CGM,CGM,Diagnostic : Cassava Green Mottle (CGM). Cette feuille de manioc présente des symptômes caractéristiques de cette condition.,True
/home/hounfodjidagba/learning/cassava/data/cbsd-1/1617104986404.jpg,CBSD,CBSD,Diagnostic : Cassava Brown Streak Disease (CBSD). Cette feuille de manioc présente des symptômes caractéristiques de cette condition.,True
/home/hounfodjidagba/learning/cassava/data/cassava/train/cbb/train-cbb-381.jpg,Cassava Bacterial Blight (CBB),CBB,Diagnostic : Cassava Bacterial Blight (CBB). Cette feuille de manioc présente des symptômes caractéristiques de cette condition.,False
/home/hounfodjidagba/learning/cassava/data/cassava/train/cbsd/train-cbsd-1374.jpg,Cassava Brown Streak Disease (CBSD),CBSD,Diagnostic : Cassava Brown Streak Disease (CBSD). Cette feuille de manioc présente des symptômes caractéristiques de cette condition.,False
/home/hounfodjidagba/learning/cassava/data/raw/train_images/65328715.jpg,Cassava Bacterial Blight (CBB),CBB,Diagnostic : Cassava Bacterial Blight (CBB). Cette feuille de manioc présente des symptômes caractéristiques de cette condition.,False
/home/hounfodjidagba/learning/cassava/data/raw/train_images/2581286927.jpg,Cassava Mosaic Disease (CMD),CMD,Diagnostic : Cassava Mosaic Disease (CMD). Cette feuille de manioc présente des symptômes caractéristiques de cette condition.,False
/home/hounfodjidagba/learning/cassava/data/cassava/train/cbsd/train-cbsd-371.jpg,CBSD,CMD,Diagnostic : Cassava Mosaic Disease (CMD). Cette feuille de manioc présente des symptômes caractéristiques de cette condition.,False
/home/hounfodjidagba/learning/cassava/data/raw/train_images/3667636603.jpg,Cassava Mosaic Disease (CMD),CMD,Diagnostic : Cassava Mosaic Disease (CMD). Cette feuille de manioc présente des symptômes caractéristiques de cette condition.,False
/home/hounfodjidagba/learning/cassava/data/cassava/train/cbb/train-cbb-455.jpg,CBB,CBB,Diagnostic : Cassava Bacterial Blight (CBB). Cette feuille de manioc présente des symptômes caractéristiques de cette condition.,True
/home/hounfodjidagba/learning/cassava/data/raw/train_images/389664208.jpg,Cassava Brown Streak Disease (CBSD),CBSD,Diagnostic : Cassava Brown Streak Disease (CBSD). Cette feuille de manioc présente des symptômes caractéristiques de cette condition.,False
/home/hounfodjidagba/learning/cassava/data/raw/train_images/1333307057.jpg,CMD,CMD,Diagnostic : Cassava Mosaic Disease (CMD). Cette feuille de manioc présente des symptômes caractéristiques de cette condition.,True
/home/hounfodjidagba/learning/cassava/data/cbsd-1/1617097400892.jpg,CBSD,CBSD,Diagnostic : Cassava Brown Streak Disease (CBSD). Cette feuille de manioc présente des symptômes caractéristiques de cette condition.,True
/home/hounfodjidagba/learning/cassava/data/raw/train_images/546931175.jpg,Cassava Green Mottle (CGM),CGM,Diagnostic : Cassava Green Mottle (CGM). Cette feuille de manioc présente des symptômes caractéristiques de cette condition.,False
/home/hounfodjidagba/learning/cassava/data/raw/train_images/3973846840.jpg,CGM,CGM,Diagnostic : Cassava Green Mottle (CGM). Cette feuille de manioc présente des symptômes caractéristiques de cette condition.,True
/home/hounfodjidagba/learning/cassava/data/raw/train_images/2078711421.jpg,Cassava Brown Streak Disease (CBSD),CBSD,Diagnostic : Cassava Brown Streak Disease (CBSD). Cette feuille de manioc présente des symptômes caractéristiques de cette condition.,False
/home/hounfodjidagba/learning/cassava/data/raw/train_images/2167715304.jpg,Cassava Green Mottle (CGM),CGM,Diagnostic : Cassava Green Mottle (CGM). Cette feuille de manioc présente des symptômes caractéristiques de cette condition.,False
/home/hounfodjidagba/learning/cassava/data/raw/train_images/2823744326.jpg,Cassava Mosaic Disease (CMD),CMD,Diagnostic : Cassava Mosaic Disease (CMD). Cette feuille de manioc présente des symptômes caractéristiques de cette condition.,False
/home/hounfodjidagba/learning/cassava/data/raw/train_images/3446435120.jpg,Healthy,Healthy,Diagnostic : Healthy. Cette feuille de manioc présente des symptômes caractéristiques de cette condition.,True
/home/hounfodjidagba/learning/cassava/data/cbsd-1/1617093803385.jpg,Cassava Brown Streak Disease (CBSD),CBSD,Diagnostic : Cassava Brown Streak Disease (CBSD). Cette feuille de manioc présente des symptômes caractéristiques de cette condition.,False
/home/hounfodjidagba/learning/cassava/data/cassava/train/cbb/train-cbb-204.jpg,Cassava Bacterial Blight (CBB),CBB,Diagnostic : Cassava Bacterial Blight (CBB). Cette feuille de manioc présente des symptômes caractéristiques de cette condition.,False
/home/hounfodjidagba/learning/cassava/data/raw/train_images/3719374465.jpg,CBB,CBB,Diagnostic : Cassava Bacterial Blight (CBB). Cette feuille de manioc présente des symptômes caractéristiques de cette condition.,True
/home/hounfodjidagba/learning/cassava/data/cassava/train/cgm/train-cgm-738.jpg,CGM,CBSD,Diagnostic : Cassava Brown Streak Disease (CBSD). Cette feuille de manioc présente des symptômes caractéristiques de cette condition.,False
/home/hounfodjidagba/learning/cassava/data/cassava/train/cmd/train-cmd-738.jpg,CMD,CMD,Diagnostic : Cassava Mosaic Disease (CMD). Cette feuille de manioc présente des symptômes caractéristiques de cette condition.,True
/home/hounfodjidagba/learning/cassava/data/cassava/train/cbsd/train-cbsd-1116.jpg,Cassava Brown Streak Disease (CBSD),CBSD,Diagnostic : Cassava Brown Streak Disease (CBSD). Cette feuille de manioc présente des symptômes caractéristiques de cette condition.,False
/home/hounfodjidagba/learning/cassava/data/cassava/train/cmd/train-cmd-812.jpg,CMD,CMD,Diagnostic : Cassava Mosaic Disease (CMD). Cette feuille de manioc présente des symptômes caractéristiques de cette condition.,True
/home/hounfodjidagba/learning/cassava/data/raw/train_images/109816879.jpg,Cassava Bacterial Blight (CBB),CBB,Diagnostic : Cassava Bacterial Blight (CBB). Cette feuille de manioc présente des symptômes caractéristiques de cette condition.,False
/home/hounfodjidagba/learning/cassava/data/cmd_002/uuid_0a83948e-9169-4047-af70-b1eb3b9cfe3e.jpg,CMD,CMD,Diagnostic : Cassava Mosaic Disease (CMD). Cette feuille de manioc présente des symptômes caractéristiques de cette condition.,True
/home/hounfodjidagba/learning/cassava/data/cassava/train/cbsd/train-cbsd-773.jpg,Cassava Brown Streak Disease (CBSD),CBSD,Diagnostic : Cassava Brown Streak Disease (CBSD). Cette feuille de manioc présente des symptômes caractéristiques de cette condition.,False
/home/hounfodjidagba/learning/cassava/data/raw/train_images/3127762827.jpg,CMD,CMD,Diagnostic : Cassava Mosaic Disease (CMD). Cette feuille de manioc présente des symptômes caractéristiques de cette condition.,True
/home/hounfodjidagba/learning/cassava/data/raw/train_images/3236562372.jpg,CBB,Healthy,Diagnostic : Healthy. Cette feuille de manioc présente des symptômes caractéristiques de cette condition.,False
/home/hounfodjidagba/learning/cassava/data/cbsd-2/1617175555893.jpg,Cassava Brown Streak Disease (CBSD),CBSD,Diagnostic : Cassava Brown Streak Disease (CBSD). Cette feuille de manioc présente des symptômes caractéristiques de cette condition.,False
/home/hounfodjidagba/learning/cassava/data/raw/train_images/3302044032.jpg,CBB,CBB,Diagnostic : Cassava Bacterial Blight (CBB). Cette feuille de manioc présente des symptômes caractéristiques de cette condition.,True
/home/hounfodjidagba/learning/cassava/data/cassava/train/cgm/train-cgm-225.jpg,Cassava Green Mottle (CGM),CGM,Diagnostic : Cassava Green Mottle (CGM). Cette feuille de manioc présente des symptômes caractéristiques de cette condition.,False
/home/hounfodjidagba/learning/cassava/data/raw/train_images/4074421218.jpg,Cassava Bacterial Blight (CBB),CBB,Diagnostic : Cassava Bacterial Blight (CBB). Cette feuille de manioc présente des symptômes caractéristiques de cette condition.,False
/home/hounfodjidagba/learning/cassava/data/cassava/train/cbsd/train-cbsd-1190.jpg,CBSD,CBSD,Diagnostic : Cassava Brown Streak Disease (CBSD). Cette feuille de manioc présente des symptômes caractéristiques de cette condition.,True
/home/hounfodjidagba/learning/cassava/data/raw/train_images/341610432.jpg,CMD,CMD,Diagnostic : Cassava Mosaic Disease (CMD). Cette feuille de manioc présente des symptômes caractéristiques de cette condition.,True
/home/hounfodjidagba/learning/cassava/data/raw/train_images/1322108824.jpg,CBB,CGM,Diagnostic : Cassava Green Mottle (CGM). Cette feuille de manioc présente des symptômes caractéristiques de cette condition.,False
/home/hounfodjidagba/learning/cassava/data/cassava/train/cgm/train-cgm-722.jpg,Cassava Green Mottle (CGM),CGM,Diagnostic : Cassava Green Mottle (CGM). Cette feuille de manioc présente des symptômes caractéristiques de cette condition.,False
/home/hounfodjidagba/learning/cassava/data/cassava/train/cbsd/train-cbsd-137.jpg,Cassava Brown Streak Disease (CBSD),CBSD,Diagnostic : Cassava Brown Streak Disease (CBSD). Cette feuille de manioc présente des symptômes caractéristiques de cette condition.,False
/home/hounfodjidagba/learning/cassava/data/cbsd-1/1616834335306.jpg,CBSD,CBSD,Diagnostic : Cassava Brown Streak Disease (CBSD). Cette feuille de manioc présente des symptômes caractéristiques de cette condition.,True
/home/hounfodjidagba/learning/cassava/data/raw/train_images/3268898958.jpg,CGM,CGM,Diagnostic : Cassava Green Mottle (CGM). Cette feuille de manioc présente des symptômes caractéristiques de cette condition.,True
/home/hounfodjidagba/learning/cassava/data/cmd_003/uuid_5c17a207-59b8-4300-9456-38e2eac0f15e.jpg,Cassava Mosaic Disease (CMD),CMD,Diagnostic : Cassava Mosaic Disease (CMD). Cette feuille de manioc présente des symptômes caractéristiques de cette condition.,False
/home/hounfodjidagba/learning/cassava/data/raw/train_images/3040337109.jpg,CBB,CBB,Diagnostic : Cassava Bacterial Blight (CBB). Cette feuille de manioc présente des symptômes caractéristiques de cette condition.,True
/home/hounfodjidagba/learning/cassava/data/raw/train_images/2549375363.jpg,CGM,CGM,Diagnostic : Cassava Green Mottle (CGM). Cette feuille de manioc présente des symptômes caractéristiques de cette condition.,True
/home/hounfodjidagba/learning/cassava/data/cbsd-2/1617105856605.jpg,Cassava Brown Streak Disease (CBSD),CBSD,Diagnostic : Cassava Brown Streak Disease (CBSD). Cette feuille de manioc présente des symptômes caractéristiques de cette condition.,False
/home/hounfodjidagba/learning/cassava/data/raw/train_images/4274749483.jpg,CMD,CMD,Diagnostic : Cassava Mosaic Disease (CMD). Cette feuille de manioc présente des symptômes caractéristiques de cette condition.,True
/home/hounfodjidagba/learning/cassava/data/cbsd-1/1616821809425.jpg,Cassava Brown Streak Disease (CBSD),CBSD,Diagnostic : Cassava Brown Streak Disease (CBSD). Cette feuille de manioc présente des symptômes caractéristiques de cette condition.,False
/home/hounfodjidagba/learning/cassava/data/raw/train_images/356095707.jpg,Healthy,Healthy,Diagnostic : Healthy. Cette feuille de manioc présente des symptômes caractéristiques de cette condition.,True
/home/hounfodjidagba/learning/cassava/data/raw/train_images/1823721668.jpg,Cassava Mosaic Disease (CMD),CMD,Diagnostic : Cassava Mosaic Disease (CMD). Cette feuille de manioc présente des symptômes caractéristiques de cette condition.,False
/home/hounfodjidagba/learning/cassava/data/cbsd-2/1617107237699.jpg,Cassava Brown Streak Disease (CBSD),CBSD,Diagnostic : Cassava Brown Streak Disease (CBSD). Cette feuille de manioc présente des symptômes caractéristiques de cette condition.,False
/home/hounfodjidagba/learning/cassava/data/cmd_005/uuid_84ba9a31-268a-4c48-8f48-ab72fbf34f10.jpg,Cassava Mosaic Disease (CMD),CMD,Diagnostic : Cassava Mosaic Disease (CMD). Cette feuille de manioc présente des symptômes caractéristiques de cette condition.,False
/home/hounfodjidagba/learning/cassava/data/cbsd-1/1617104373529.jpg,Cassava Brown Streak Disease (CBSD),CBSD,Diagnostic : Cassava Brown Streak Disease (CBSD). Cette feuille de manioc présente des symptômes caractéristiques de cette condition.,False
/home/hounfodjidagba/learning/cassava/data/raw/train_images/858578370.jpg,CGM,CGM,Diagnostic : Cassava Green Mottle (CGM). Cette feuille de manioc présente des symptômes caractéristiques de cette condition.,True
/home/hounfodjidagba/learning/cassava/data/cassava/train/cbsd/train-cbsd-730.jpg,Cassava Brown Streak Disease (CBSD),CBSD,Diagnostic : Cassava Brown Streak Disease (CBSD). Cette feuille de manioc présente des symptômes caractéristiques de cette condition.,False
/home/hounfodjidagba/learning/cassava/data/cmd_002/uuid_1c5647fd-7f8a-41f2-80b0-8a2f887a1219.jpg,CMD,CMD,Diagnostic : Cassava Mosaic Disease (CMD). Cette feuille de manioc présente des symptômes caractéristiques de cette condition.,True
/home/hounfodjidagba/learning/cassava/data/raw/train_images/2372527098.jpg,Cassava Bacterial Blight (CBB),CBB,Diagnostic : Cassava Bacterial Blight (CBB). Cette feuille de manioc présente des symptômes caractéristiques de cette condition.,False
/home/hounfodjidagba/learning/cassava/data/raw/train_images/3900516999.jpg,Cassava Mosaic Disease (CMD),CBB,Diagnostic : Cassava Bacterial Blight (CBB). Cette feuille de manioc présente des symptômes caractéristiques de cette condition.,False
/home/hounfodjidagba/learning/cassava/data/cassava/train/cgm/train-cgm-532.jpg,CGM,CGM,Diagnostic : Cassava Green Mottle (CGM). Cette feuille de manioc présente des symptômes caractéristiques de cette condition.,True
/home/hounfodjidagba/learning/cassava/data/cassava/train/cbsd/train-cbsd-1222.jpg,Cassava Brown Streak Disease (CBSD),CBSD,Diagnostic : Cassava Brown Streak Disease (CBSD). Cette feuille de manioc présente des symptômes caractéristiques de cette condition.,False
/home/hounfodjidagba/learning/cassava/data/raw/train_images/2198845474.jpg,Healthy,CBB,Diagnostic : Cassava Bacterial Blight (CBB). Cette feuille de manioc présente des symptômes caractéristiques de cette condition.,False
/home/hounfodjidagba/learning/cassava/data/raw/train_images/2011474799.jpg,CBSD,CBSD,Diagnostic : Cassava Brown Streak Disease (CBSD). Cette feuille de manioc présente des symptômes caractéristiques de cette condition.,True
/home/hounfodjidagba/learning/cassava/data/raw/train_images/764713577.jpg,CGM,CMD,Diagnostic : Cassava Mosaic Disease (CMD). Cette feuille de manioc présente des symptômes caractéristiques de cette condition.,False
/home/hounfodjidagba/learning/cassava/data/cassava/train/cmd/train-cmd-1304.jpg,CMD,CMD,Diagnostic : Cassava Mosaic Disease (CMD). Cette feuille de manioc présente des symptômes caractéristiques de cette condition.,True
/home/hounfodjidagba/learning/cassava/data/raw/train_images/3764673411.jpg,Cassava Mosaic Disease (CMD),CMD,Diagnostic : Cassava Mosaic Disease (CMD). Cette feuille de manioc présente des symptômes caractéristiques de cette condition.,False
/home/hounfodjidagba/learning/cassava/data/cbsd-1/1617092015355.jpg,CBSD,CBSD,Diagnostic : Cassava Brown Streak Disease (CBSD). Cette feuille de manioc présente des symptômes caractéristiques de cette condition.,True
/home/hounfodjidagba/learning/cassava/data/raw/train_images/910617288.jpg,Cassava Mosaic Disease (CMD),CMD,Diagnostic : Cassava Mosaic Disease (CMD). Cette feuille de manioc présente des symptômes caractéristiques de cette condition.,False
/home/hounfodjidagba/learning/cassava/data/cbsd-2/1617106657716.jpg,Cassava Brown Streak Disease (CBSD),CBSD,Diagnostic : Cassava Brown Streak Disease (CBSD). Cette feuille de manioc présente des symptômes caractéristiques de cette condition.,False
/home/hounfodjidagba/learning/cassava/data/raw/train_images/3864571034.jpg,Healthy,Healthy,Diagnostic : Healthy. Cette feuille de manioc présente des symptômes caractéristiques de cette condition.,True
/home/hounfodjidagba/learning/cassava/data/raw/train_images/3467344869.jpg,Cassava Mosaic Disease (CMD),CMD,Diagnostic : Cassava Mosaic Disease (CMD). Cette feuille de manioc présente des symptômes caractéristiques de cette condition.,False
/home/hounfodjidagba/learning/cassava/data/cmd_002/uuid_0af479e7-f942-4900-ab41-4921ddaec2fa.jpg,Cassava Mosaic Disease (CMD),CMD,Diagnostic : Cassava Mosaic Disease (CMD). Cette feuille de manioc présente des symptômes caractéristiques de cette condition.,False
/home/hounfodjidagba/learning/cassava/data/raw/train_images/1631397299.jpg,CMD,CMD,Diagnostic : Cassava Mosaic Disease (CMD). Cette feuille de manioc présente des symptômes caractéristiques de cette condition.,True
/home/hounfodjidagba/learning/cassava/data/raw/train_images/2496742167.jpg,Cassava Brown Streak Disease (CBSD),CBSD,Diagnostic : Cassava Brown Streak Disease (CBSD). Cette feuille de manioc présente des symptômes caractéristiques de cette condition.,False
/home/hounfodjidagba/learning/cassava/data/raw/train_images/543032315.jpg,Cassava Mosaic Disease (CMD),CMD,Diagnostic : Cassava Mosaic Disease (CMD). Cette feuille de manioc présente des symptômes caractéristiques de cette condition.,False
/home/hounfodjidagba/learning/cassava/data/raw/train_images/2578752042.jpg,CMD,CMD,Diagnostic : Cassava Mosaic Disease (CMD). Cette feuille de manioc présente des symptômes caractéristiques de cette condition.,True
/home/hounfodjidagba/learning/cassava/data/raw/train_images/1130848139.jpg,CGM,Healthy,Diagnostic : Healthy. Cette feuille de manioc présente des symptômes caractéristiques de cette condition.,False
/home/hounfodjidagba/learning/cassava/data/raw/train_images/1638051159.jpg,Healthy,Healthy,Diagnostic : Healthy. Cette feuille de manioc présente des symptômes caractéristiques de cette condition.,True
/home/hounfodjidagba/learning/cassava/data/cassava/train/cgm/train-cgm-46.jpg,Cassava Green Mottle (CGM),CGM,Diagnostic : Cassava Green Mottle (CGM). Cette feuille de manioc présente des symptômes caractéristiques de cette condition.,False
/home/hounfodjidagba/learning/cassava/data/raw/train_images/2944161091.jpg,Cassava Bacterial Blight (CBB),CBB,Diagnostic : Cassava Bacterial Blight (CBB). Cette feuille de manioc présente des symptômes caractéristiques de cette condition.,False
/home/hounfodjidagba/learning/cassava/data/cmd_003/uuid_4c3593b0-ac36-4ccf-864e-051a3ea1f7cf.jpg,Cassava Mosaic Disease (CMD),CMD,Diagnostic : Cassava Mosaic Disease (CMD). Cette feuille de manioc présente des symptômes caractéristiques de cette condition.,False
/home/hounfodjidagba/learning/cassava/data/raw/train_images/2339597850.jpg,Cassava Green Mottle (CGM),CGM,Diagnostic : Cassava Green Mottle (CGM). Cette feuille de manioc présente des symptômes caractéristiques de cette condition.,False
/home/hounfodjidagba/learning/cassava/data/raw/train_images/2747068344.jpg,Cassava Green Mottle (CGM),CMD,Diagnostic : Cassava Mosaic Disease (CMD). Cette feuille de manioc présente des symptômes caractéristiques de cette condition.,False
/home/hounfodjidagba/learning/cassava/data/raw/train_images/1461642951.jpg,Healthy,Healthy,Diagnostic : Healthy. Cette feuille de manioc présente des symptômes caractéristiques de cette condition.,True
/home/hounfodjidagba/learning/cassava/data/cmd_004/uuid_c9a7bf10-d7f5-4877-9cd8-65d3ed5ad042.jpg,Cassava Mosaic Disease (CMD),CMD,Diagnostic : Cassava Mosaic Disease (CMD). Cette feuille de manioc présente des symptômes caractéristiques de cette condition.,False
/home/hounfodjidagba/learning/cassava/data/raw/train_images/2828723686.jpg,Cassava Green Mottle (CGM),CGM,Diagnostic : Cassava Green Mottle (CGM). Cette feuille de manioc présente des symptômes caractéristiques de cette condition.,False
/home/hounfodjidagba/learning/cassava/data/cmd_004/uuid_203ff554-cc76-4129-a414-90d596645461.jpg,CMD,CMD,Diagnostic : Cassava Mosaic Disease (CMD). Cette feuille de manioc présente des symptômes caractéristiques de cette condition.,True
/home/hounfodjidagba/learning/cassava/data/raw/train_images/3809607157.jpg,Cassava Green Mottle (CGM),CGM,Diagnostic : Cassava Green Mottle (CGM). Cette feuille de manioc présente des symptômes caractéristiques de cette condition.,False
/home/hounfodjidagba/learning/cassava/data/raw/train_images/1012426959.jpg,Cassava Bacterial Blight (CBB),CBB,Diagnostic : Cassava Bacterial Blight (CBB). Cette feuille de manioc présente des symptômes caractéristiques de cette condition.,False
/home/hounfodjidagba/learning/cassava/data/raw/train_images/2912509098.jpg,CGM,CGM,Diagnostic : Cassava Green Mottle (CGM). Cette feuille de manioc présente des symptômes caractéristiques de cette condition.,True
/home/hounfodjidagba/learning/cassava/data/raw/train_images/1705847181.jpg,CMD,CMD,Diagnostic : Cassava Mosaic Disease (CMD). Cette feuille de manioc présente des symptômes caractéristiques de cette condition.,True
/home/hounfodjidagba/learning/cassava/data/cmd_004/uuid_653bf0f0-9378-48c8-9192-f8fa6e65d90f.jpg,CMD,CMD,Diagnostic : Cassava Mosaic Disease (CMD). Cette feuille de manioc présente des symptômes caractéristiques de cette condition.,True
/home/hounfodjidagba/learning/cassava/data/raw/train_images/2642931823.jpg,Cassava Mosaic Disease (CMD),CMD,Diagnostic : Cassava Mosaic Disease (CMD). Cette feuille de manioc présente des symptômes caractéristiques de cette condition.,False
/home/hounfodjidagba/learning/cassava/data/cassava/train/cgm/train-cgm-283.jpg,Cassava Green Mottle (CGM),CGM,Diagnostic : Cassava Green Mottle (CGM). Cette feuille de manioc présente des symptômes caractéristiques de cette condition.,False
/home/hounfodjidagba/learning/cassava/data/raw/train_images/4155077237.jpg,CGM,CGM,Diagnostic : Cassava Green Mottle (CGM). Cette feuille de manioc présente des symptômes caractéristiques de cette condition.,True
/home/hounfodjidagba/learning/cassava/data/cassava/train/cbb/train-cbb-298.jpg,CBB,CGM,Diagnostic : Cassava Green Mottle (CGM). Cette feuille de manioc présente des symptômes caractéristiques de cette condition.,False
/home/hounfodjidagba/learning/cassava/data/raw/train_images/1881994461.jpg,Cassava Bacterial Blight (CBB),CBB,Diagnostic : Cassava Bacterial Blight (CBB). Cette feuille de manioc présente des symptômes caractéristiques de cette condition.,False
/home/hounfodjidagba/learning/cassava/data/cassava/train/cmd/train-cmd-2056.jpg,Cassava Mosaic Disease (CMD),CMD,Diagnostic : Cassava Mosaic Disease (CMD). Cette feuille de manioc présente des symptômes caractéristiques de cette condition.,False
/home/hounfodjidagba/learning/cassava/data/raw/train_images/902300140.jpg,Healthy,Healthy,Diagnostic : Healthy. Cette feuille de manioc présente des symptômes caractéristiques de cette condition.,True
/home/hounfodjidagba/learning/cassava/data/cbsd-2/1617176881581.jpg,Cassava Brown Streak Disease (CBSD),CBSD,Diagnostic : Cassava Brown Streak Disease (CBSD). Cette feuille de manioc présente des symptômes caractéristiques de cette condition.,False
/home/hounfodjidagba/learning/cassava/data/cassava/train/cmd/train-cmd-2328.jpg,Cassava Mosaic Disease (CMD),CMD,Diagnostic : Cassava Mosaic Disease (CMD). Cette feuille de manioc présente des symptômes caractéristiques de cette condition.,False
/home/hounfodjidagba/learning/cassava/data/cmd_002/uuid_0b1a7dbd-aeb0-4175-bc7f-728182245d13.jpg,CMD,CMD,Diagnostic : Cassava Mosaic Disease (CMD). Cette feuille de manioc présente des symptômes caractéristiques de cette condition.,True
/home/hounfodjidagba/learning/cassava/data/raw/train_images/2390982435.jpg,Cassava Brown Streak Disease (CBSD),CBSD,Diagnostic : Cassava Brown Streak Disease (CBSD). Cette feuille de manioc présente des symptômes caractéristiques de cette condition.,False
/home/hounfodjidagba/learning/cassava/data/raw/train_images/2945652044.jpg,CBB,CBB,Diagnostic : Cassava Bacterial Blight (CBB). Cette feuille de manioc présente des symptômes caractéristiques de cette condition.,True
/home/hounfodjidagba/learning/cassava/data/raw/train_images/3182178940.jpg,Cassava Mosaic Disease (CMD),CMD,Diagnostic : Cassava Mosaic Disease (CMD). Cette feuille de manioc présente des symptômes caractéristiques de cette condition.,False
/home/hounfodjidagba/learning/cassava/data/cbsd-2/1617176459301.jpg,Cassava Brown Streak Disease (CBSD),CBSD,Diagnostic : Cassava Brown Streak Disease (CBSD). Cette feuille de manioc présente des symptômes caractéristiques de cette condition.,False
/home/hounfodjidagba/learning/cassava/data/raw/train_images/43315915.jpg,CMD,CMD,Diagnostic : Cassava Mosaic Disease (CMD). Cette feuille de manioc présente des symptômes caractéristiques de cette condition.,True
/home/hounfodjidagba/learning/cassava/data/raw/train_images/793076912.jpg,CBSD,CBSD,Diagnostic : Cassava Brown Streak Disease (CBSD). Cette feuille de manioc présente des symptômes caractéristiques de cette condition.,True
/home/hounfodjidagba/learning/cassava/data/raw/train_images/2322601993.jpg,CGM,Healthy,Diagnostic : Healthy. Cette feuille de manioc présente des symptômes caractéristiques de cette condition.,False
/home/hounfodjidagba/learning/cassava/data/raw/train_images/2035397744.jpg,Cassava Mosaic Disease (CMD),CMD,Diagnostic : Cassava Mosaic Disease (CMD). Cette feuille de manioc présente des symptômes caractéristiques de cette condition.,False
/home/hounfodjidagba/learning/cassava/data/raw/train_images/401825012.jpg,Cassava Brown Streak Disease (CBSD),CBSD,Diagnostic : Cassava Brown Streak Disease (CBSD). Cette feuille de manioc présente des symptômes caractéristiques de cette condition.,False
/home/hounfodjidagba/learning/cassava/data/raw/train_images/3243392252.jpg,Healthy,Healthy,Diagnostic : Healthy. Cette feuille de manioc présente des symptômes caractéristiques de cette condition.,True
/home/hounfodjidagba/learning/cassava/data/raw/train_images/1852697554.jpg,Healthy,Healthy,Diagnostic : Healthy. Cette feuille de manioc présente des symptômes caractéristiques de cette condition.,True
/home/hounfodjidagba/learning/cassava/data/raw/train_images/1747286543.jpg,Cassava Mosaic Disease (CMD),CMD,Diagnostic : Cassava Mosaic Disease (CMD). Cette feuille de manioc présente des symptômes caractéristiques de cette condition.,False
/home/hounfodjidagba/learning/cassava/data/raw/train_images/2220656958.jpg,CGM,CGM,Diagnostic : Cassava Green Mottle (CGM). Cette feuille de manioc présente des symptômes caractéristiques de cette condition.,True
/home/hounfodjidagba/learning/cassava/data/raw/train_images/2872872513.jpg,Cassava Mosaic Disease (CMD),CMD,Diagnostic : Cassava Mosaic Disease (CMD). Cette feuille de manioc présente des symptômes caractéristiques de cette condition.,False
/home/hounfodjidagba/learning/cassava/data/cmd_003/uuid_6c14a17b-5e0e-47af-9f83-450fd3134f8a.jpg,Cassava Mosaic Disease (CMD),CMD,Diagnostic : Cassava Mosaic Disease (CMD). Cette feuille de manioc présente des symptômes caractéristiques de cette condition.,False
/home/hounfodjidagba/learning/cassava/data/raw/train_images/3421208425.jpg,Cassava Green Mottle (CGM),CGM,Diagnostic : Cassava Green Mottle (CGM). Cette feuille de manioc présente des symptômes caractéristiques de cette condition.,False
/home/hounfodjidagba/learning/cassava/data/raw/train_images/4200969502.jpg,CMD,CMD,Diagnostic : Cassava Mosaic Disease (CMD). Cette feuille de manioc présente des symptômes caractéristiques de cette condition.,True
/home/hounfodjidagba/learning/cassava/data/cassava/train/cmd/train-cmd-1152.jpg,CMD,CMD,Diagnostic : Cassava Mosaic Disease (CMD). Cette feuille de manioc présente des symptômes caractéristiques de cette condition.,True
/home/hounfodjidagba/learning/cassava/data/raw/train_images/2520567878.jpg,CMD,CMD,Diagnostic : Cassava Mosaic Disease (CMD). Cette feuille de manioc présente des symptômes caractéristiques de cette condition.,True
/home/hounfodjidagba/learning/cassava/data/raw/train_images/3175825671.jpg,CMD,CMD,Diagnostic : Cassava Mosaic Disease (CMD). Cette feuille de manioc présente des symptômes caractéristiques de cette condition.,True
/home/hounfodjidagba/learning/cassava/data/cmd_003/uuid_4f55a4df-2d96-4a84-b844-e5e1b70d2433.jpg,CMD,CMD,Diagnostic : Cassava Mosaic Disease (CMD). Cette feuille de manioc présente des symptômes caractéristiques de cette condition.,True
/home/hounfodjidagba/learning/cassava/data/cassava/train/cbsd/train-cbsd-1189.jpg,Cassava Brown Streak Disease (CBSD),CBSD,Diagnostic : Cassava Brown Streak Disease (CBSD). Cette feuille de manioc présente des symptômes caractéristiques de cette condition.,False
/home/hounfodjidagba/learning/cassava/data/cassava/train/cbb/train-cbb-123.jpg,CBB,CBB,Diagnostic : Cassava Bacterial Blight (CBB). Cette feuille de manioc présente des symptômes caractéristiques de cette condition.,True
/home/hounfodjidagba/learning/cassava/data/cassava/train/cbsd/train-cbsd-441.jpg,CBSD,CBSD,Diagnostic : Cassava Brown Streak Disease (CBSD). Cette feuille de manioc présente des symptômes caractéristiques de cette condition.,True
/home/hounfodjidagba/learning/cassava/data/raw/train_images/62069424.jpg,CMD,CMD,Diagnostic : Cassava Mosaic Disease (CMD). Cette feuille de manioc présente des symptômes caractéristiques de cette condition.,True
/home/hounfodjidagba/learning/cassava/data/cassava/train/cgm/train-cgm-334.jpg,CGM,CGM,Diagnostic : Cassava Green Mottle (CGM). Cette feuille de manioc présente des symptômes caractéristiques de cette condition.,True
/home/hounfodjidagba/learning/cassava/data/raw/train_images/4198242632.jpg,Cassava Mosaic Disease (CMD),CMD,Diagnostic : Cassava Mosaic Disease (CMD). Cette feuille de manioc présente des symptômes caractéristiques de cette condition.,False
/home/hounfodjidagba/learning/cassava/data/healthy_001/1617170203207.jpg,Healthy,Healthy,Diagnostic : Healthy. Cette feuille de manioc présente des symptômes caractéristiques de cette condition.,True
/home/hounfodjidagba/learning/cassava/data/raw/train_images/3343975940.jpg,Cassava Bacterial Blight (CBB),CBB,Diagnostic : Cassava Bacterial Blight (CBB). Cette feuille de manioc présente des symptômes caractéristiques de cette condition.,False
/home/hounfodjidagba/learning/cassava/data/cmd_001/1616997751113.jpg,CMD,CMD,Diagnostic : Cassava Mosaic Disease (CMD). Cette feuille de manioc présente des symptômes caractéristiques de cette condition.,True
/home/hounfodjidagba/learning/cassava/data/cmd_002/uuid_1e495b88-e3f5-4328-8a79-8e2fa38af31b.jpg,Cassava Mosaic Disease (CMD),CMD,Diagnostic : Cassava Mosaic Disease (CMD). Cette feuille de manioc présente des symptômes caractéristiques de cette condition.,False
/home/hounfodjidagba/learning/cassava/data/raw/train_images/4043211245.jpg,Cassava Mosaic Disease (CMD),CMD,Diagnostic : Cassava Mosaic Disease (CMD). Cette feuille de manioc présente des symptômes caractéristiques de cette condition.,False
/home/hounfodjidagba/learning/cassava/data/raw/train_images/3813835902.jpg,CGM,CGM,Diagnostic : Cassava Green Mottle (CGM). Cette feuille de manioc présente des symptômes caractéristiques de cette condition.,True
/home/hounfodjidagba/learning/cassava/data/cassava/train/cbb/train-cbb-316.jpg,CBB,CBB,Diagnostic : Cassava Bacterial Blight (CBB). Cette feuille de manioc présente des symptômes caractéristiques de cette condition.,True
/home/hounfodjidagba/learning/cassava/data/cbsd-2/1617172352773.jpg,CBSD,CBSD,Diagnostic : Cassava Brown Streak Disease (CBSD). Cette feuille de manioc présente des symptômes caractéristiques de cette condition.,True
/home/hounfodjidagba/learning/cassava/data/cassava/train/cmd/train-cmd-2123.jpg,Cassava Mosaic Disease (CMD),CMD,Diagnostic : Cassava Mosaic Disease (CMD). Cette feuille de manioc présente des symptômes caractéristiques de cette condition.,False
/home/hounfodjidagba/learning/cassava/data/cmd_001/1616824691156.jpg,CMD,CGM,Diagnostic : Cassava Green Mottle (CGM). Cette feuille de manioc présente des symptômes caractéristiques de cette condition.,False
/home/hounfodjidagba/learning/cassava/data/raw/train_images/2736497961.jpg,Healthy,CBB,Diagnostic : Cassava Bacterial Blight (CBB). Cette feuille de manioc présente des symptômes caractéristiques de cette condition.,False
/home/hounfodjidagba/learning/cassava/data/cassava/train/cgm/train-cgm-248.jpg,CGM,CGM,Diagnostic : Cassava Green Mottle (CGM). Cette feuille de manioc présente des symptômes caractéristiques de cette condition.,True
/home/hounfodjidagba/learning/cassava/data/cbsd-1/1616834538045.jpg,CBSD,CBSD,Diagnostic : Cassava Brown Streak Disease (CBSD). Cette feuille de manioc présente des symptômes caractéristiques de cette condition.,True
/home/hounfodjidagba/learning/cassava/data/cbsd-2/1617176787421.jpg,Cassava Brown Streak Disease (CBSD),CBSD,Diagnostic : Cassava Brown Streak Disease (CBSD). Cette feuille de manioc présente des symptômes caractéristiques de cette condition.,False
/home/hounfodjidagba/learning/cassava/data/raw/train_images/3537514783.jpg,Cassava Mosaic Disease (CMD),CMD,Diagnostic : Cassava Mosaic Disease (CMD). Cette feuille de manioc présente des symptômes caractéristiques de cette condition.,False
/home/hounfodjidagba/learning/cassava/data/raw/train_images/3377004222.jpg,Cassava Brown Streak Disease (CBSD),CBB,Diagnostic : Cassava Bacterial Blight (CBB). Cette feuille de manioc présente des symptômes caractéristiques de cette condition.,False
/home/hounfodjidagba/learning/cassava/data/raw/train_images/1994659903.jpg,Healthy,Healthy,Diagnostic : Healthy. Cette feuille de manioc présente des symptômes caractéristiques de cette condition.,True
/home/hounfodjidagba/learning/cassava/data/cbsd-2/1617174819258.jpg,CBSD,CBSD,Diagnostic : Cassava Brown Streak Disease (CBSD). Cette feuille de manioc présente des symptômes caractéristiques de cette condition.,True
/home/hounfodjidagba/learning/cassava/data/raw/train_images/2191768604.jpg,CMD,CMD,Diagnostic : Cassava Mosaic Disease (CMD). Cette feuille de manioc présente des symptômes caractéristiques de cette condition.,True
/home/hounfodjidagba/learning/cassava/data/raw/train_images/2491061027.jpg,Healthy,CBB,Diagnostic : Cassava Bacterial Blight (CBB). Cette feuille de manioc présente des symptômes caractéristiques de cette condition.,False
/home/hounfodjidagba/learning/cassava/data/cbsd-2/1617172239653.jpg,CBSD,CBSD,Diagnostic : Cassava Brown Streak Disease (CBSD). Cette feuille de manioc présente des symptômes caractéristiques de cette condition.,True
/home/hounfodjidagba/learning/cassava/data/raw/train_images/3195057988.jpg,CGM,CBSD,Diagnostic : Cassava Brown Streak Disease (CBSD). Cette feuille de manioc présente des symptômes caractéristiques de cette condition.,False
/home/hounfodjidagba/learning/cassava/data/raw/train_images/2177600106.jpg,Cassava Green Mottle (CGM),CGM,Diagnostic : Cassava Green Mottle (CGM). Cette feuille de manioc présente des symptômes caractéristiques de cette condition.,False
/home/hounfodjidagba/learning/cassava/data/raw/train_images/767882051.jpg,CMD,CMD,Diagnostic : Cassava Mosaic Disease (CMD). Cette feuille de manioc présente des symptômes caractéristiques de cette condition.,True
/home/hounfodjidagba/learning/cassava/data/raw/train_images/803511182.jpg,CGM,CGM,Diagnostic : Cassava Green Mottle (CGM). Cette feuille de manioc présente des symptômes caractéristiques de cette condition.,True
/home/hounfodjidagba/learning/cassava/data/cassava/train/cmd/train-cmd-2592.jpg,CMD,CBSD,Diagnostic : Cassava Brown Streak Disease (CBSD). Cette feuille de manioc présente des symptômes caractéristiques de cette condition.,False
/home/hounfodjidagba/learning/cassava/data/cassava/train/cgm/train-cgm-451.jpg,Cassava Green Mottle (CGM),CMD,Diagnostic : Cassava Mosaic Disease (CMD). Cette feuille de manioc présente des symptômes caractéristiques de cette condition.,False
/home/hounfodjidagba/learning/cassava/data/cbsd-1/1617105445013.jpg,Cassava Brown Streak Disease (CBSD),CBSD,Diagnostic : Cassava Brown Streak Disease (CBSD). Cette feuille de manioc présente des symptômes caractéristiques de cette condition.,False
/home/hounfodjidagba/learning/cassava/data/raw/train_images/601263353.jpg,CGM,CMD,Diagnostic : Cassava Mosaic Disease (CMD). Cette feuille de manioc présente des symptômes caractéristiques de cette condition.,False
/home/hounfodjidagba/learning/cassava/data/cmd_005/uuid_10ed3a42-7dee-46fe-8daf-ebd9f98a5f85.jpg,CMD,CMD,Diagnostic : Cassava Mosaic Disease (CMD). Cette feuille de manioc présente des symptômes caractéristiques de cette condition.,True
/home/hounfodjidagba/learning/cassava/data/raw/train_images/3746453435.jpg,Cassava Mosaic Disease (CMD),CMD,Diagnostic : Cassava Mosaic Disease (CMD). Cette feuille de manioc présente des symptômes caractéristiques de cette condition.,False
/home/hounfodjidagba/learning/cassava/data/raw/train_images/3456823667.jpg,Healthy,CMD,Diagnostic : Cassava Mosaic Disease (CMD). Cette feuille de manioc présente des symptômes caractéristiques de cette condition.,False
/home/hounfodjidagba/learning/cassava/data/raw/train_images/2907262343.jpg,CBB,CBSD,Diagnostic : Cassava Brown Streak Disease (CBSD). Cette feuille de manioc présente des symptômes caractéristiques de cette condition.,False
/home/hounfodjidagba/learning/cassava/data/cassava/train/cbb/train-cbb-11.jpg,Cassava Bacterial Blight (CBB),CBB,Diagnostic : Cassava Bacterial Blight (CBB). Cette feuille de manioc présente des symptômes caractéristiques de cette condition.,False
/home/hounfodjidagba/learning/cassava/data/raw/train_images/4156518225.jpg,Cassava Mosaic Disease (CMD),CMD,Diagnostic : Cassava Mosaic Disease (CMD). Cette feuille de manioc présente des symptômes caractéristiques de cette condition.,False
/home/hounfodjidagba/learning/cassava/data/raw/train_images/2191624068.jpg,Healthy,Healthy,Diagnostic : Healthy. Cette feuille de manioc présente des symptômes caractéristiques de cette condition.,True
/home/hounfodjidagba/learning/cassava/data/raw/train_images/3123708158.jpg,CMD,CMD,Diagnostic : Cassava Mosaic Disease (CMD). Cette feuille de manioc présente des symptômes caractéristiques de cette condition.,True
/home/hounfodjidagba/learning/cassava/data/cbsd-1/1616822303411.jpg,CBSD,CBSD,Diagnostic : Cassava Brown Streak Disease (CBSD). Cette feuille de manioc présente des symptômes caractéristiques de cette condition.,True
/home/hounfodjidagba/learning/cassava/data/raw/train_images/1871382569.jpg,CGM,CGM,Diagnostic : Cassava Green Mottle (CGM). Cette feuille de manioc présente des symptômes caractéristiques de cette condition.,True
/home/hounfodjidagba/learning/cassava/data/cassava/train/cmd/train-cmd-302.jpg,Cassava Mosaic Disease (CMD),CMD,Diagnostic : Cassava Mosaic Disease (CMD). Cette feuille de manioc présente des symptômes caractéristiques de cette condition.,False
/home/hounfodjidagba/learning/cassava/data/cassava/train/cmd/train-cmd-952.jpg,Cassava Mosaic Disease (CMD),CMD,Diagnostic : Cassava Mosaic Disease (CMD). Cette feuille de manioc présente des symptômes caractéristiques de cette condition.,False
/home/hounfodjidagba/learning/cassava/data/healthy_002/1616764954473.jpg,Healthy,Healthy,Diagnostic : Healthy. Cette feuille de manioc présente des symptômes caractéristiques de cette condition.,True
/home/hounfodjidagba/learning/cassava/data/raw/train_images/1907203125.jpg,CMD,CMD,Diagnostic : Cassava Mosaic Disease (CMD). Cette feuille de manioc présente des symptômes caractéristiques de cette condition.,True
/home/hounfodjidagba/learning/cassava/data/cassava/train/cgm/train-cgm-470.jpg,Cassava Green Mottle (CGM),CMD,Diagnostic : Cassava Mosaic Disease (CMD). Cette feuille de manioc présente des symptômes caractéristiques de cette condition.,False
/home/hounfodjidagba/learning/cassava/data/raw/train_images/728084630.jpg,Healthy,Healthy,Diagnostic : Healthy. Cette feuille de manioc présente des symptômes caractéristiques de cette condition.,True
/home/hounfodjidagba/learning/cassava/data/raw/train_images/504400425.jpg,Cassava Green Mottle (CGM),CGM,Diagnostic : Cassava Green Mottle (CGM). Cette feuille de manioc présente des symptômes caractéristiques de cette condition.,False
/home/hounfodjidagba/learning/cassava/data/raw/train_images/1382636470.jpg,CMD,CMD,Diagnostic : Cassava Mosaic Disease (CMD). Cette feuille de manioc présente des symptômes caractéristiques de cette condition.,True
/home/hounfodjidagba/learning/cassava/data/cassava/train/healthy/train-healthy-120.jpg,Healthy,Healthy,Diagnostic : Healthy. Cette feuille de manioc présente des symptômes caractéristiques de cette condition.,True
/home/hounfodjidagba/learning/cassava/data/raw/train_images/3915016999.jpg,Cassava Mosaic Disease (CMD),CMD,Diagnostic : Cassava Mosaic Disease (CMD). Cette feuille de manioc présente des symptômes caractéristiques de cette condition.,False
/home/hounfodjidagba/learning/cassava/data/raw/train_images/1741717414.jpg,Cassava Mosaic Disease (CMD),CMD,Diagnostic : Cassava Mosaic Disease (CMD). Cette feuille de manioc présente des symptômes caractéristiques de cette condition.,False
/home/hounfodjidagba/learning/cassava/data/raw/train_images/3191863856.jpg,Cassava Mosaic Disease (CMD),CMD,Diagnostic : Cassava Mosaic Disease (CMD). Cette feuille de manioc présente des symptômes caractéristiques de cette condition.,False
/home/hounfodjidagba/learning/cassava/data/raw/train_images/396499078.jpg,Cassava Mosaic Disease (CMD),CMD,Diagnostic : Cassava Mosaic Disease (CMD). Cette feuille de manioc présente des symptômes caractéristiques de cette condition.,False
/home/hounfodjidagba/learning/cassava/data/cmd_005/uuid_8eaf8339-1ff5-469a-8729-361ea5612c30.jpg,CMD,CMD,Diagnostic : Cassava Mosaic Disease (CMD). Cette feuille de manioc présente des symptômes caractéristiques de cette condition.,True
/home/hounfodjidagba/learning/cassava/data/raw/train_images/3871004837.jpg,CMD,CMD,Diagnostic : Cassava Mosaic Disease (CMD). Cette feuille de manioc présente des symptômes caractéristiques de cette condition.,True
/home/hounfodjidagba/learning/cassava/data/raw/train_images/3702249794.jpg,Cassava Brown Streak Disease (CBSD),CBSD,Diagnostic : Cassava Brown Streak Disease (CBSD). Cette feuille de manioc présente des symptômes caractéristiques de cette condition.,False
/home/hounfodjidagba/learning/cassava/data/raw/train_images/49856658.jpg,CGM,CGM,Diagnostic : Cassava Green Mottle (CGM). Cette feuille de manioc présente des symptômes caractéristiques de cette condition.,True
/home/hounfodjidagba/learning/cassava/data/raw/train_images/2164873412.jpg,Cassava Mosaic Disease (CMD),CMD,Diagnostic : Cassava Mosaic Disease (CMD). Cette feuille de manioc présente des symptômes caractéristiques de cette condition.,False
/home/hounfodjidagba/learning/cassava/data/raw/train_images/887272418.jpg,Cassava Mosaic Disease (CMD),CMD,Diagnostic : Cassava Mosaic Disease (CMD). Cette feuille de manioc présente des symptômes caractéristiques de cette condition.,False
/home/hounfodjidagba/learning/cassava/data/cbsd-2/1617107372524.jpg,CBSD,CBSD,Diagnostic : Cassava Brown Streak Disease (CBSD). Cette feuille de manioc présente des symptômes caractéristiques de cette condition.,True
/home/hounfodjidagba/learning/cassava/data/raw/train_images/884267453.jpg,CGM,Healthy,Diagnostic : Healthy. Cette feuille de manioc présente des symptômes caractéristiques de cette condition.,False
/home/hounfodjidagba/learning/cassava/data/raw/train_images/3856210949.jpg,Healthy,Healthy,Diagnostic : Healthy. Cette feuille de manioc présente des symptômes caractéristiques de cette condition.,True
/home/hounfodjidagba/learning/cassava/data/raw/train_images/2336439281.jpg,Healthy,Healthy,Diagnostic : Healthy. Cette feuille de manioc présente des symptômes caractéristiques de cette condition.,True
/home/hounfodjidagba/learning/cassava/data/cbsd-1/1617099199961.jpg,CBSD,CBSD,Diagnostic : Cassava Brown Streak Disease (CBSD). Cette feuille de manioc présente des symptômes caractéristiques de cette condition.,True
/home/hounfodjidagba/learning/cassava/data/raw/train_images/1615919700.jpg,CBSD,CBSD,Diagnostic : Cassava Brown Streak Disease (CBSD). Cette feuille de manioc présente des symptômes caractéristiques de cette condition.,True
/home/hounfodjidagba/learning/cassava/data/raw/train_images/415504810.jpg,CGM,CGM,Diagnostic : Cassava Green Mottle (CGM). Cette feuille de manioc présente des symptômes caractéristiques de cette condition.,True
/home/hounfodjidagba/learning/cassava/data/raw/train_images/3960301906.jpg,Cassava Mosaic Disease (CMD),CMD,Diagnostic : Cassava Mosaic Disease (CMD). Cette feuille de manioc présente des symptômes caractéristiques de cette condition.,False
/home/hounfodjidagba/learning/cassava/data/raw/train_images/3558309774.jpg,Cassava Green Mottle (CGM),CMD,Diagnostic : Cassava Mosaic Disease (CMD). Cette feuille de manioc présente des symptômes caractéristiques de cette condition.,False
/home/hounfodjidagba/learning/cassava/data/cbsd-1/1617099571626.jpg,CBSD,CBSD,Diagnostic : Cassava Brown Streak Disease (CBSD). Cette feuille de manioc présente des symptômes caractéristiques de cette condition.,True
/home/hounfodjidagba/learning/cassava/data/cassava/train/cgm/train-cgm-531.jpg,CGM,CGM,Diagnostic : Cassava Green Mottle (CGM). Cette feuille de manioc présente des symptômes caractéristiques de cette condition.,True
/home/hounfodjidagba/learning/cassava/data/cmd_004/uuid_933a5222-b104-462d-8eab-8c78ab08d5cc.jpg,Cassava Mosaic Disease (CMD),CMD,Diagnostic : Cassava Mosaic Disease (CMD). Cette feuille de manioc présente des symptômes caractéristiques de cette condition.,False
/home/hounfodjidagba/learning/cassava/data/raw/train_images/3519888949.jpg,CMD,CMD,Diagnostic : Cassava Mosaic Disease (CMD). Cette feuille de manioc présente des symptômes caractéristiques de cette condition.,True
/home/hounfodjidagba/learning/cassava/data/raw/train_images/3363710081.jpg,Healthy,Healthy,Diagnostic : Healthy. Cette feuille de manioc présente des symptômes caractéristiques de cette condition.,True
/home/hounfodjidagba/learning/cassava/data/raw/train_images/105741284.jpg,Healthy,Healthy,Diagnostic : Healthy. Cette feuille de manioc présente des symptômes caractéristiques de cette condition.,True
/home/hounfodjidagba/learning/cassava/data/cassava/train/cbsd/train-cbsd-1137.jpg,CBSD,CBB,Diagnostic : Cassava Bacterial Blight (CBB). Cette feuille de manioc présente des symptômes caractéristiques de cette condition.,False
/home/hounfodjidagba/learning/cassava/data/raw/train_images/396152951.jpg,Cassava Mosaic Disease (CMD),CMD,Diagnostic : Cassava Mosaic Disease (CMD). Cette feuille de manioc présente des symptômes caractéristiques de cette condition.,False
/home/hounfodjidagba/learning/cassava/data/healthy_002/1616760430992.jpg,Healthy,Healthy,Diagnostic : Healthy. Cette feuille de manioc présente des symptômes caractéristiques de cette condition.,True
/home/hounfodjidagba/learning/cassava/data/cmd_001/1616911850832.jpg,Cassava Mosaic Disease (CMD),CMD,Diagnostic : Cassava Mosaic Disease (CMD). Cette feuille de manioc présente des symptômes caractéristiques de cette condition.,False
/home/hounfodjidagba/learning/cassava/data/raw/train_images/916237184.jpg,Cassava Mosaic Disease (CMD),CMD,Diagnostic : Cassava Mosaic Disease (CMD). Cette feuille de manioc présente des symptômes caractéristiques de cette condition.,False
/home/hounfodjidagba/learning/cassava/data/cassava/train/cgm/train-cgm-430.jpg,Cassava Green Mottle (CGM),CGM,Diagnostic : Cassava Green Mottle (CGM). Cette feuille de manioc présente des symptômes caractéristiques de cette condition.,False
/home/hounfodjidagba/learning/cassava/data/healthy_001/1617001794691.jpg,Healthy,Healthy,Diagnostic : Healthy. Cette feuille de manioc présente des symptômes caractéristiques de cette condition.,True
/home/hounfodjidagba/learning/cassava/data/raw/train_images/3977307384.jpg,Cassava Mosaic Disease (CMD),CMD,Diagnostic : Cassava Mosaic Disease (CMD). Cette feuille de manioc présente des symptômes caractéristiques de cette condition.,False
/home/hounfodjidagba/learning/cassava/data/raw/train_images/2480234576.jpg,CBSD,CBSD,Diagnostic : Cassava Brown Streak Disease (CBSD). Cette feuille de manioc présente des symptômes caractéristiques de cette condition.,True
/home/hounfodjidagba/learning/cassava/data/cmd_004/uuid_b633a936-4baa-483e-829d-ceb40be2958a.jpg,CMD,CMD,Diagnostic : Cassava Mosaic Disease (CMD). Cette feuille de manioc présente des symptômes caractéristiques de cette condition.,True
/home/hounfodjidagba/learning/cassava/data/cbsd-2/1617106138848.jpg,CBSD,CBSD,Diagnostic : Cassava Brown Streak Disease (CBSD). Cette feuille de manioc présente des symptômes caractéristiques de cette condition.,True
/home/hounfodjidagba/learning/cassava/data/raw/train_images/725865491.jpg,Cassava Bacterial Blight (CBB),CBB,Diagnostic : Cassava Bacterial Blight (CBB). Cette feuille de manioc présente des symptômes caractéristiques de cette condition.,False
/home/hounfodjidagba/learning/cassava/data/cbsd-1/1617103634326.jpg,CBSD,CBSD,Diagnostic : Cassava Brown Streak Disease (CBSD). Cette feuille de manioc présente des symptômes caractéristiques de cette condition.,True
/home/hounfodjidagba/learning/cassava/data/raw/train_images/2051495839.jpg,Cassava Bacterial Blight (CBB),CBB,Diagnostic : Cassava Bacterial Blight (CBB). Cette feuille de manioc présente des symptômes caractéristiques de cette condition.,False
/home/hounfodjidagba/learning/cassava/data/raw/train_images/3402053246.jpg,Cassava Green Mottle (CGM),CGM,Diagnostic : Cassava Green Mottle (CGM). Cette feuille de manioc présente des symptômes caractéristiques de cette condition.,False
/home/hounfodjidagba/learning/cassava/data/cmd_002/uuid_0f9f3b8a-8569-4006-bdc2-573d1c69be48.jpg,Cassava Mosaic Disease (CMD),CMD,Diagnostic : Cassava Mosaic Disease (CMD). Cette feuille de manioc présente des symptômes caractéristiques de cette condition.,False
/home/hounfodjidagba/learning/cassava/data/cmd_004/uuid_553963bd-c9c1-4203-abd1-d0cf8f795017.jpg,CMD,CMD,Diagnostic : Cassava Mosaic Disease (CMD). Cette feuille de manioc présente des symptômes caractéristiques de cette condition.,True
/home/hounfodjidagba/learning/cassava/data/cbsd-1/1617095422265.jpg,Cassava Brown Streak Disease (CBSD),CBSD,Diagnostic : Cassava Brown Streak Disease (CBSD). Cette feuille de manioc présente des symptômes caractéristiques de cette condition.,False
/home/hounfodjidagba/learning/cassava/data/raw/train_images/2241165356.jpg,CMD,CMD,Diagnostic : Cassava Mosaic Disease (CMD). Cette feuille de manioc présente des symptômes caractéristiques de cette condition.,True
/home/hounfodjidagba/learning/cassava/data/raw/train_images/3162831635.jpg,Cassava Bacterial Blight (CBB),CBB,Diagnostic : Cassava Bacterial Blight (CBB). Cette feuille de manioc présente des symptômes caractéristiques de cette condition.,False
/home/hounfodjidagba/learning/cassava/data/cassava/train/cgm/train-cgm-8.jpg,CGM,CGM,Diagnostic : Cassava Green Mottle (CGM). Cette feuille de manioc présente des symptômes caractéristiques de cette condition.,True
/home/hounfodjidagba/learning/cassava/data/cassava/train/cbb/train-cbb-240.jpg,CBB,CBSD,Diagnostic : Cassava Brown Streak Disease (CBSD). Cette feuille de manioc présente des symptômes caractéristiques de cette condition.,False
/home/hounfodjidagba/learning/cassava/data/raw/train_images/2840731467.jpg,Cassava Mosaic Disease (CMD),CMD,Diagnostic : Cassava Mosaic Disease (CMD). Cette feuille de manioc présente des symptômes caractéristiques de cette condition.,False
/home/hounfodjidagba/learning/cassava/data/cassava/train/cgm/train-cgm-81.jpg,Cassava Green Mottle (CGM),CMD,Diagnostic : Cassava Mosaic Disease (CMD). Cette feuille de manioc présente des symptômes caractéristiques de cette condition.,False
/home/hounfodjidagba/learning/cassava/data/cassava/train/cgm/train-cgm-309.jpg,CGM,CMD,Diagnostic : Cassava Mosaic Disease (CMD). Cette feuille de manioc présente des symptômes caractéristiques de cette condition.,False
/home/hounfodjidagba/learning/cassava/data/raw/train_images/2231604198.jpg,Cassava Mosaic Disease (CMD),CMD,Diagnostic : Cassava Mosaic Disease (CMD). Cette feuille de manioc présente des symptômes caractéristiques de cette condition.,False
/home/hounfodjidagba/learning/cassava/data/cassava/train/cbsd/train-cbsd-559.jpg,Cassava Brown Streak Disease (CBSD),CBSD,Diagnostic : Cassava Brown Streak Disease (CBSD). Cette feuille de manioc présente des symptômes caractéristiques de cette condition.,False
/home/hounfodjidagba/learning/cassava/data/raw/train_images/1456881000.jpg,Cassava Green Mottle (CGM),CMD,Diagnostic : Cassava Mosaic Disease (CMD). Cette feuille de manioc présente des symptômes caractéristiques de cette condition.,False
/home/hounfodjidagba/learning/cassava/data/raw/train_images/2440096561.jpg,Healthy,Healthy,Diagnostic : Healthy. Cette feuille de manioc présente des symptômes caractéristiques de cette condition.,True
/home/hounfodjidagba/learning/cassava/data/raw/train_images/448853755.jpg,Cassava Mosaic Disease (CMD),CMD,Diagnostic : Cassava Mosaic Disease (CMD). Cette feuille de manioc présente des symptômes caractéristiques de cette condition.,False
/home/hounfodjidagba/learning/cassava/data/healthy_001/1617172097402.jpg,Healthy,Healthy,Diagnostic : Healthy. Cette feuille de manioc présente des symptômes caractéristiques de cette condition.,True
/home/hounfodjidagba/learning/cassava/data/raw/train_images/2365326310.jpg,CBB,CMD,Diagnostic : Cassava Mosaic Disease (CMD). Cette feuille de manioc présente des symptômes caractéristiques de cette condition.,False
/home/hounfodjidagba/learning/cassava/data/raw/train_images/3900516999.jpg,CMD,CBB,Diagnostic : Cassava Bacterial Blight (CBB). Cette feuille de manioc présente des symptômes caractéristiques de cette condition.,False
/home/hounfodjidagba/learning/cassava/data/raw/train_images/2406252701.jpg,CBSD,CBSD,Diagnostic : Cassava Brown Streak Disease (CBSD). Cette feuille de manioc présente des symptômes caractéristiques de cette condition.,True
/home/hounfodjidagba/learning/cassava/data/raw/train_images/476858432.jpg,CBB,CBB,Diagnostic : Cassava Bacterial Blight (CBB). Cette feuille de manioc présente des symptômes caractéristiques de cette condition.,True
/home/hounfodjidagba/learning/cassava/data/raw/train_images/512575634.jpg,Cassava Bacterial Blight (CBB),CBSD,Diagnostic : Cassava Brown Streak Disease (CBSD). Cette feuille de manioc présente des symptômes caractéristiques de cette condition.,False
/home/hounfodjidagba/learning/cassava/data/raw/train_images/2541245392.jpg,Cassava Mosaic Disease (CMD),CMD,Diagnostic : Cassava Mosaic Disease (CMD). Cette feuille de manioc présente des symptômes caractéristiques de cette condition.,False
/home/hounfodjidagba/learning/cassava/data/raw/train_images/2045866821.jpg,Cassava Green Mottle (CGM),CGM,Diagnostic : Cassava Green Mottle (CGM). Cette feuille de manioc présente des symptômes caractéristiques de cette condition.,False
/home/hounfodjidagba/learning/cassava/data/raw/train_images/2966195606.jpg,CGM,CGM,Diagnostic : Cassava Green Mottle (CGM). Cette feuille de manioc présente des symptômes caractéristiques de cette condition.,True
/home/hounfodjidagba/learning/cassava/data/cmd_001/1616921317047.jpg,CMD,CMD,Diagnostic : Cassava Mosaic Disease (CMD). Cette feuille de manioc présente des symptômes caractéristiques de cette condition.,True
/home/hounfodjidagba/learning/cassava/data/raw/train_images/1505115110.jpg,CMD,CMD,Diagnostic : Cassava Mosaic Disease (CMD). Cette feuille de manioc présente des symptômes caractéristiques de cette condition.,True
/home/hounfodjidagba/learning/cassava/data/cassava/train/cbsd/train-cbsd-646.jpg,CBSD,CBSD,Diagnostic : Cassava Brown Streak Disease (CBSD). Cette feuille de manioc présente des symptômes caractéristiques de cette condition.,True
/home/hounfodjidagba/learning/cassava/data/raw/train_images/549591801.jpg,Cassava Mosaic Disease (CMD),CMD,Diagnostic : Cassava Mosaic Disease (CMD). Cette feuille de manioc présente des symptômes caractéristiques de cette condition.,False
/home/hounfodjidagba/learning/cassava/data/raw/train_images/1832330362.jpg,Cassava Mosaic Disease (CMD),CMD,Diagnostic : Cassava Mosaic Disease (CMD). Cette feuille de manioc présente des symptômes caractéristiques de cette condition.,False
/home/hounfodjidagba/learning/cassava/data/cbsd-1/1617103359785.jpg,Cassava Brown Streak Disease (CBSD),CBSD,Diagnostic : Cassava Brown Streak Disease (CBSD). Cette feuille de manioc présente des symptômes caractéristiques de cette condition.,False
/home/hounfodjidagba/learning/cassava/data/raw/train_images/399009476.jpg,CGM,CGM,Diagnostic : Cassava Green Mottle (CGM). Cette feuille de manioc présente des symptômes caractéristiques de cette condition.,True
/home/hounfodjidagba/learning/cassava/data/cmd_004/uuid_806fdd2c-088b-492d-8d01-9aabd43095e6.jpg,Cassava Mosaic Disease (CMD),CMD,Diagnostic : Cassava Mosaic Disease (CMD). Cette feuille de manioc présente des symptômes caractéristiques de cette condition.,False
/home/hounfodjidagba/learning/cassava/data/raw/train_images/4034095153.jpg,CGM,CGM,Diagnostic : Cassava Green Mottle (CGM). Cette feuille de manioc présente des symptômes caractéristiques de cette condition.,True
/home/hounfodjidagba/learning/cassava/data/raw/train_images/3237298284.jpg,Cassava Mosaic Disease (CMD),CMD,Diagnostic : Cassava Mosaic Disease (CMD). Cette feuille de manioc présente des symptômes caractéristiques de cette condition.,False
/home/hounfodjidagba/learning/cassava/data/raw/train_images/1891723020.jpg,Cassava Mosaic Disease (CMD),CMD,Diagnostic : Cassava Mosaic Disease (CMD). Cette feuille de manioc présente des symptômes caractéristiques de cette condition.,False
/home/hounfodjidagba/learning/cassava/data/cmd_005/uuid_20b5234f-5081-4c32-a9a0-0f53b41aa369.jpg,CMD,CMD,Diagnostic : Cassava Mosaic Disease (CMD). Cette feuille de manioc présente des symptômes caractéristiques de cette condition.,True
/home/hounfodjidagba/learning/cassava/data/cmd_002/uuid_0dcca5bb-6c2a-4653-b6e8-46bdff7d67fb.jpg,CMD,CMD,Diagnostic : Cassava Mosaic Disease (CMD). Cette feuille de manioc présente des symptômes caractéristiques de cette condition.,True
/home/hounfodjidagba/learning/cassava/data/raw/train_images/669748740.jpg,CMD,CMD,Diagnostic : Cassava Mosaic Disease (CMD). Cette feuille de manioc présente des symptômes caractéristiques de cette condition.,True
/home/hounfodjidagba/learning/cassava/data/cmd_003/uuid_4cec831b-da51-45a7-b84b-d9672aba9c9f.jpg,CMD,CMD,Diagnostic : Cassava Mosaic Disease (CMD). Cette feuille de manioc présente des symptômes caractéristiques de cette condition.,True
/home/hounfodjidagba/learning/cassava/data/raw/train_images/4173521076.jpg,CBB,CBB,Diagnostic : Cassava Bacterial Blight (CBB). Cette feuille de manioc présente des symptômes caractéristiques de cette condition.,True
/home/hounfodjidagba/learning/cassava/data/cmd_003/uuid_4fd91796-bdfa-4f6a-8a0c-325604bacf9f.jpg,CMD,CMD,Diagnostic : Cassava Mosaic Disease (CMD). Cette feuille de manioc présente des symptômes caractéristiques de cette condition.,True
/home/hounfodjidagba/learning/cassava/data/cassava/train/cbb/train-cbb-204.jpg,CBB,CBB,Diagnostic : Cassava Bacterial Blight (CBB). Cette feuille de manioc présente des symptômes caractéristiques de cette condition.,True
/home/hounfodjidagba/learning/cassava/data/cmd_001/1616998134163.jpg,CMD,CMD,Diagnostic : Cassava Mosaic Disease (CMD). Cette feuille de manioc présente des symptômes caractéristiques de cette condition.,True
/home/hounfodjidagba/learning/cassava/data/healthy_001/1617181036832.jpg,Healthy,Healthy,Diagnostic : Healthy. Cette feuille de manioc présente des symptômes caractéristiques de cette condition.,True
/home/hounfodjidagba/learning/cassava/data/raw/train_images/2862651902.jpg,Cassava Green Mottle (CGM),CGM,Diagnostic : Cassava Green Mottle (CGM). Cette feuille de manioc présente des symptômes caractéristiques de cette condition.,False
/home/hounfodjidagba/learning/cassava/data/cassava/train/cmd/train-cmd-1044.jpg,CMD,CMD,Diagnostic : Cassava Mosaic Disease (CMD). Cette feuille de manioc présente des symptômes caractéristiques de cette condition.,True
/home/hounfodjidagba/learning/cassava/data/cbsd-2/1617174581726.jpg,CBSD,CBSD,Diagnostic : Cassava Brown Streak Disease (CBSD). Cette feuille de manioc présente des symptômes caractéristiques de cette condition.,True
/home/hounfodjidagba/learning/cassava/data/raw/train_images/867855885.jpg,Healthy,Healthy,Diagnostic : Healthy. Cette feuille de manioc présente des symptômes caractéristiques de cette condition.,True
/home/hounfodjidagba/learning/cassava/data/cbsd-1/1617092552471.jpg,CBSD,CBSD,Diagnostic : Cassava Brown Streak Disease (CBSD). Cette feuille de manioc présente des symptômes caractéristiques de cette condition.,True
/home/hounfodjidagba/learning/cassava/data/raw/train_images/226533928.jpg,CBSD,CBSD,Diagnostic : Cassava Brown Streak Disease (CBSD). Cette feuille de manioc présente des symptômes caractéristiques de cette condition.,True
/home/hounfodjidagba/learning/cassava/data/raw/train_images/278340134.jpg,Cassava Mosaic Disease (CMD),CMD,Diagnostic : Cassava Mosaic Disease (CMD). Cette feuille de manioc présente des symptômes caractéristiques de cette condition.,False
/home/hounfodjidagba/learning/cassava/data/raw/train_images/82290706.jpg,Healthy,CBB,Diagnostic : Cassava Bacterial Blight (CBB). Cette feuille de manioc présente des symptômes caractéristiques de cette condition.,False
/home/hounfodjidagba/learning/cassava/data/raw/train_images/478036306.jpg,CBB,Healthy,Diagnostic : Healthy. Cette feuille de manioc présente des symptômes caractéristiques de cette condition.,False
/home/hounfodjidagba/learning/cassava/data/raw/train_images/1556639322.jpg,Cassava Green Mottle (CGM),Healthy,Diagnostic : Healthy. Cette feuille de manioc présente des symptômes caractéristiques de cette condition.,False
/home/hounfodjidagba/learning/cassava/data/healthy_001/1617181290521.jpg,Healthy,Healthy,Diagnostic : Healthy. Cette feuille de manioc présente des symptômes caractéristiques de cette condition.,True
/home/hounfodjidagba/learning/cassava/data/cbsd-1/1617105618377.jpg,Cassava Brown Streak Disease (CBSD),CBSD,Diagnostic : Cassava Brown Streak Disease (CBSD). Cette feuille de manioc présente des symptômes caractéristiques de cette condition.,False
/home/hounfodjidagba/learning/cassava/data/raw/train_images/1563794954.jpg,Cassava Bacterial Blight (CBB),CBSD,Diagnostic : Cassava Brown Streak Disease (CBSD). Cette feuille de manioc présente des symptômes caractéristiques de cette condition.,False
/home/hounfodjidagba/learning/cassava/data/raw/train_images/3807557163.jpg,CBB,CBSD,Diagnostic : Cassava Brown Streak Disease (CBSD). Cette feuille de manioc présente des symptômes caractéristiques de cette condition.,False
/home/hounfodjidagba/learning/cassava/data/cmd_004/uuid_601cd8b8-3677-4dad-990c-8e588a3cd41c.jpg,CMD,CMD,Diagnostic : Cassava Mosaic Disease (CMD). Cette feuille de manioc présente des symptômes caractéristiques de cette condition.,True
/home/hounfodjidagba/learning/cassava/data/raw/train_images/1331134229.jpg,CBB,CBB,Diagnostic : Cassava Bacterial Blight (CBB). Cette feuille de manioc présente des symptômes caractéristiques de cette condition.,True
/home/hounfodjidagba/learning/cassava/data/cmd_004/uuid_3019153a-174a-444f-9d6e-f1b37eb390ea.jpg,CMD,CMD,Diagnostic : Cassava Mosaic Disease (CMD). Cette feuille de manioc présente des symptômes caractéristiques de cette condition.,True
/home/hounfodjidagba/learning/cassava/data/raw/train_images/2293304630.jpg,CMD,CMD,Diagnostic : Cassava Mosaic Disease (CMD). Cette feuille de manioc présente des symptômes caractéristiques de cette condition.,True
/home/hounfodjidagba/learning/cassava/data/raw/train_images/1027796931.jpg,Cassava Bacterial Blight (CBB),CBB,Diagnostic : Cassava Bacterial Blight (CBB). Cette feuille de manioc présente des symptômes caractéristiques de cette condition.,False
/home/hounfodjidagba/learning/cassava/data/cassava/train/cmd/train-cmd-2311.jpg,CMD,CMD,Diagnostic : Cassava Mosaic Disease (CMD). Cette feuille de manioc présente des symptômes caractéristiques de cette condition.,True
/home/hounfodjidagba/learning/cassava/data/raw/train_images/1400687003.jpg,CBB,CBB,Diagnostic : Cassava Bacterial Blight (CBB). Cette feuille de manioc présente des symptômes caractéristiques de cette condition.,True
/home/hounfodjidagba/learning/cassava/data/raw/train_images/3313811273.jpg,Cassava Green Mottle (CGM),CMD,Diagnostic : Cassava Mosaic Disease (CMD). Cette feuille de manioc présente des symptômes caractéristiques de cette condition.,False
/home/hounfodjidagba/learning/cassava/data/raw/train_images/2851517936.jpg,Cassava Mosaic Disease (CMD),CMD,Diagnostic : Cassava Mosaic Disease (CMD). Cette feuille de manioc présente des symptômes caractéristiques de cette condition.,False
/home/hounfodjidagba/learning/cassava/data/cassava/train/cgm/train-cgm-449.jpg,Cassava Green Mottle (CGM),CGM,Diagnostic : Cassava Green Mottle (CGM). Cette feuille de manioc présente des symptômes caractéristiques de cette condition.,False
/home/hounfodjidagba/learning/cassava/data/cassava/train/cmd/train-cmd-1085.jpg,CMD,CMD,Diagnostic : Cassava Mosaic Disease (CMD). Cette feuille de manioc présente des symptômes caractéristiques de cette condition.,True
/home/hounfodjidagba/learning/cassava/data/cbsd-1/1617097285744.jpg,CBSD,CBSD,Diagnostic : Cassava Brown Streak Disease (CBSD). Cette feuille de manioc présente des symptômes caractéristiques de cette condition.,True
/home/hounfodjidagba/learning/cassava/data/cassava/train/cgm/train-cgm-408.jpg,CGM,CGM,Diagnostic : Cassava Green Mottle (CGM). Cette feuille de manioc présente des symptômes caractéristiques de cette condition.,True
/home/hounfodjidagba/learning/cassava/data/raw/train_images/962347612.jpg,Healthy,Healthy,Diagnostic : Healthy. Cette feuille de manioc présente des symptômes caractéristiques de cette condition.,True
/home/hounfodjidagba/learning/cassava/data/raw/train_images/4075436598.jpg,Healthy,Healthy,Diagnostic : Healthy. Cette feuille de manioc présente des symptômes caractéristiques de cette condition.,True
/home/hounfodjidagba/learning/cassava/data/raw/train_images/226557134.jpg,Cassava Mosaic Disease (CMD),CMD,Diagnostic : Cassava Mosaic Disease (CMD). Cette feuille de manioc présente des symptômes caractéristiques de cette condition.,False
/home/hounfodjidagba/learning/cassava/data/raw/train_images/2152112539.jpg,CGM,CGM,Diagnostic : Cassava Green Mottle (CGM). Cette feuille de manioc présente des symptômes caractéristiques de cette condition.,True
/home/hounfodjidagba/learning/cassava/data/raw/train_images/826306862.jpg,Cassava Mosaic Disease (CMD),CMD,Diagnostic : Cassava Mosaic Disease (CMD). Cette feuille de manioc présente des symptômes caractéristiques de cette condition.,False
/home/hounfodjidagba/learning/cassava/data/cassava/train/cgm/train-cgm-88.jpg,Cassava Green Mottle (CGM),CGM,Diagnostic : Cassava Green Mottle (CGM). Cette feuille de manioc présente des symptômes caractéristiques de cette condition.,False
/home/hounfodjidagba/learning/cassava/data/cbsd-1/1617097421124.jpg,CBSD,CBSD,Diagnostic : Cassava Brown Streak Disease (CBSD). Cette feuille de manioc présente des symptômes caractéristiques de cette condition.,True
/home/hounfodjidagba/learning/cassava/data/cassava/train/cbb/train-cbb-86.jpg,CBB,CBB,Diagnostic : Cassava Bacterial Blight (CBB). Cette feuille de manioc présente des symptômes caractéristiques de cette condition.,True
/home/hounfodjidagba/learning/cassava/data/cassava/train/cgm/train-cgm-187.jpg,CGM,CGM,Diagnostic : Cassava Green Mottle (CGM). Cette feuille de manioc présente des symptômes caractéristiques de cette condition.,True
/home/hounfodjidagba/learning/cassava/data/cmd_003/uuid_5f25f08f-7d3c-4863-acad-4555072c58f2.jpg,CMD,CMD,Diagnostic : Cassava Mosaic Disease (CMD). Cette feuille de manioc présente des symptômes caractéristiques de cette condition.,True
/home/hounfodjidagba/learning/cassava/data/raw/train_images/3045134829.jpg,CMD,CMD,Diagnostic : Cassava Mosaic Disease (CMD). Cette feuille de manioc présente des symptômes caractéristiques de cette condition.,True
/home/hounfodjidagba/learning/cassava/data/raw/train_images/2771630964.jpg,Healthy,Healthy,Diagnostic : Healthy. Cette feuille de manioc présente des symptômes caractéristiques de cette condition.,True
/home/hounfodjidagba/learning/cassava/data/raw/train_images/478426425.jpg,CMD,CMD,Diagnostic : Cassava Mosaic Disease (CMD). Cette feuille de manioc présente des symptômes caractéristiques de cette condition.,True
/home/hounfodjidagba/learning/cassava/data/raw/train_images/1598187662.jpg,CMD,CMD,Diagnostic : Cassava Mosaic Disease (CMD). Cette feuille de manioc présente des symptômes caractéristiques de cette condition.,True
/home/hounfodjidagba/learning/cassava/data/raw/train_images/290330172.jpg,Healthy,Healthy,Diagnostic : Healthy. Cette feuille de manioc présente des symptômes caractéristiques de cette condition.,True
/home/hounfodjidagba/learning/cassava/data/raw/train_images/1060739991.jpg,CMD,CMD,Diagnostic : Cassava Mosaic Disease (CMD). Cette feuille de manioc présente des symptômes caractéristiques de cette condition.,True
/home/hounfodjidagba/learning/cassava/data/cassava/train/cbsd/train-cbsd-904.jpg,Cassava Brown Streak Disease (CBSD),CBSD,Diagnostic : Cassava Brown Streak Disease (CBSD). Cette feuille de manioc présente des symptômes caractéristiques de cette condition.,False
/home/hounfodjidagba/learning/cassava/data/cmd_002/uuid_2b1f7649-b067-4f77-bb5d-579638a14709.jpg,Cassava Mosaic Disease (CMD),CMD,Diagnostic : Cassava Mosaic Disease (CMD). Cette feuille de manioc présente des symptômes caractéristiques de cette condition.,False
/home/hounfodjidagba/learning/cassava/data/raw/train_images/2818307223.jpg,Cassava Mosaic Disease (CMD),CMD,Diagnostic : Cassava Mosaic Disease (CMD). Cette feuille de manioc présente des symptômes caractéristiques de cette condition.,False
/home/hounfodjidagba/learning/cassava/data/raw/train_images/4292271303.jpg,Cassava Mosaic Disease (CMD),CMD,Diagnostic : Cassava Mosaic Disease (CMD). Cette feuille de manioc présente des symptômes caractéristiques de cette condition.,False
/home/hounfodjidagba/learning/cassava/data/raw/train_images/3474522679.jpg,CBB,CBB,Diagnostic : Cassava Bacterial Blight (CBB). Cette feuille de manioc présente des symptômes caractéristiques de cette condition.,True
/home/hounfodjidagba/learning/cassava/data/cassava/train/cbsd/train-cbsd-155.jpg,CBSD,CBSD,Diagnostic : Cassava Brown Streak Disease (CBSD). Cette feuille de manioc présente des symptômes caractéristiques de cette condition.,True
/home/hounfodjidagba/learning/cassava/data/raw/train_images/1619107480.jpg,CMD,CMD,Diagnostic : Cassava Mosaic Disease (CMD). Cette feuille de manioc présente des symptômes caractéristiques de cette condition.,True
/home/hounfodjidagba/learning/cassava/data/raw/train_images/4045566880.jpg,CGM,CMD,Diagnostic : Cassava Mosaic Disease (CMD). Cette feuille de manioc présente des symptômes caractéristiques de cette condition.,False
/home/hounfodjidagba/learning/cassava/data/healthy_001/1617170259878.jpg,Healthy,Healthy,Diagnostic : Healthy. Cette feuille de manioc présente des symptômes caractéristiques de cette condition.,True
/home/hounfodjidagba/learning/cassava/data/raw/train_images/3687904505.jpg,Cassava Green Mottle (CGM),CGM,Diagnostic : Cassava Green Mottle (CGM). Cette feuille de manioc présente des symptômes caractéristiques de cette condition.,False
/home/hounfodjidagba/learning/cassava/data/raw/train_images/3995859683.jpg,Cassava Bacterial Blight (CBB),CBB,Diagnostic : Cassava Bacterial Blight (CBB). Cette feuille de manioc présente des symptômes caractéristiques de cette condition.,False
/home/hounfodjidagba/learning/cassava/data/healthy_002/1616761472843.jpg,Healthy,Healthy,Diagnostic : Healthy. Cette feuille de manioc présente des symptômes caractéristiques de cette condition.,True
/home/hounfodjidagba/learning/cassava/data/raw/train_images/1719645709.jpg,Cassava Mosaic Disease (CMD),CMD,Diagnostic : Cassava Mosaic Disease (CMD). Cette feuille de manioc présente des symptômes caractéristiques de cette condition.,False
/home/hounfodjidagba/learning/cassava/data/raw/train_images/1336580642.jpg,CBB,Healthy,Diagnostic : Healthy. Cette feuille de manioc présente des symptômes caractéristiques de cette condition.,False
/home/hounfodjidagba/learning/cassava/data/raw/train_images/742539602.jpg,Healthy,Healthy,Diagnostic : Healthy. Cette feuille de manioc présente des symptômes caractéristiques de cette condition.,True
/home/hounfodjidagba/learning/cassava/data/raw/train_images/488165307.jpg,Cassava Green Mottle (CGM),CGM,Diagnostic : Cassava Green Mottle (CGM). Cette feuille de manioc présente des symptômes caractéristiques de cette condition.,False
/home/hounfodjidagba/learning/cassava/data/raw/train_images/1823518467.jpg,Healthy,CBSD,Diagnostic : Cassava Brown Streak Disease (CBSD). Cette feuille de manioc présente des symptômes caractéristiques de cette condition.,False
/home/hounfodjidagba/learning/cassava/data/healthy_001/1617181196376.jpg,Healthy,CBSD,Diagnostic : Cassava Brown Streak Disease (CBSD). Cette feuille de manioc présente des symptômes caractéristiques de cette condition.,False
/home/hounfodjidagba/learning/cassava/data/raw/train_images/539640759.jpg,CBB,CBSD,Diagnostic : Cassava Brown Streak Disease (CBSD). Cette feuille de manioc présente des symptômes caractéristiques de cette condition.,False
/home/hounfodjidagba/learning/cassava/data/raw/train_images/3045858255.jpg,Cassava Mosaic Disease (CMD),CMD,Diagnostic : Cassava Mosaic Disease (CMD). Cette feuille de manioc présente des symptômes caractéristiques de cette condition.,False
/home/hounfodjidagba/learning/cassava/data/raw/train_images/284703051.jpg,CMD,CMD,Diagnostic : Cassava Mosaic Disease (CMD). Cette feuille de manioc présente des symptômes caractéristiques de cette condition.,True
/home/hounfodjidagba/learning/cassava/data/raw/train_images/293090840.jpg,CBSD,CBSD,Diagnostic : Cassava Brown Streak Disease (CBSD). Cette feuille de manioc présente des symptômes caractéristiques de cette condition.,True
/home/hounfodjidagba/learning/cassava/data/raw/train_images/274875938.jpg,Cassava Mosaic Disease (CMD),CMD,Diagnostic : Cassava Mosaic Disease (CMD). Cette feuille de manioc présente des symptômes caractéristiques de cette condition.,False
/home/hounfodjidagba/learning/cassava/data/cassava/train/cgm/train-cgm-711.jpg,CGM,CGM,Diagnostic : Cassava Green Mottle (CGM). Cette feuille de manioc présente des symptômes caractéristiques de cette condition.,True
/home/hounfodjidagba/learning/cassava/data/raw/train_images/101712540.jpg,CGM,CGM,Diagnostic : Cassava Green Mottle (CGM). Cette feuille de manioc présente des symptômes caractéristiques de cette condition.,True
/home/hounfodjidagba/learning/cassava/data/raw/train_images/2998136552.jpg,Cassava Bacterial Blight (CBB),CBSD,Diagnostic : Cassava Brown Streak Disease (CBSD). Cette feuille de manioc présente des symptômes caractéristiques de cette condition.,False
/home/hounfodjidagba/learning/cassava/data/raw/train_images/3686939079.jpg,Cassava Mosaic Disease (CMD),CMD,Diagnostic : Cassava Mosaic Disease (CMD). Cette feuille de manioc présente des symptômes caractéristiques de cette condition.,False
/home/hounfodjidagba/learning/cassava/data/raw/train_images/623333046.jpg,Cassava Green Mottle (CGM),CGM,Diagnostic : Cassava Green Mottle (CGM). Cette feuille de manioc présente des symptômes caractéristiques de cette condition.,False
/home/hounfodjidagba/learning/cassava/data/raw/train_images/3256416525.jpg,CMD,CMD,Diagnostic : Cassava Mosaic Disease (CMD). Cette feuille de manioc présente des symptômes caractéristiques de cette condition.,True
/home/hounfodjidagba/learning/cassava/data/raw/train_images/3283266203.jpg,Cassava Mosaic Disease (CMD),CMD,Diagnostic : Cassava Mosaic Disease (CMD). Cette feuille de manioc présente des symptômes caractéristiques de cette condition.,False
/home/hounfodjidagba/learning/cassava/data/cassava/train/cmd/train-cmd-2099.jpg,CMD,CBSD,Diagnostic : Cassava Brown Streak Disease (CBSD). Cette feuille de manioc présente des symptômes caractéristiques de cette condition.,False
/home/hounfodjidagba/learning/cassava/data/cassava/train/cgm/train-cgm-332.jpg,Cassava Green Mottle (CGM),CGM,Diagnostic : Cassava Green Mottle (CGM). Cette feuille de manioc présente des symptômes caractéristiques de cette condition.,False
/home/hounfodjidagba/learning/cassava/data/raw/train_images/3223500439.jpg,Cassava Mosaic Disease (CMD),CMD,Diagnostic : Cassava Mosaic Disease (CMD). Cette feuille de manioc présente des symptômes caractéristiques de cette condition.,False
/home/hounfodjidagba/learning/cassava/data/cmd_003/uuid_3faced51-4ce3-49a2-98f3-3243faad3374.jpg,CMD,CMD,Diagnostic : Cassava Mosaic Disease (CMD). Cette feuille de manioc présente des symptômes caractéristiques de cette condition.,True
/home/hounfodjidagba/learning/cassava/data/cassava/train/cbsd/train-cbsd-447.jpg,Cassava Brown Streak Disease (CBSD),CBSD,Diagnostic : Cassava Brown Streak Disease (CBSD). Cette feuille de manioc présente des symptômes caractéristiques de cette condition.,False
/home/hounfodjidagba/learning/cassava/data/cbsd-1/1616822004909.jpg,CBSD,CBSD,Diagnostic : Cassava Brown Streak Disease (CBSD). Cette feuille de manioc présente des symptômes caractéristiques de cette condition.,True
/home/hounfodjidagba/learning/cassava/data/cbsd-2/1617175488617.jpg,Cassava Brown Streak Disease (CBSD),CBSD,Diagnostic : Cassava Brown Streak Disease (CBSD). Cette feuille de manioc présente des symptômes caractéristiques de cette condition.,False
/home/hounfodjidagba/learning/cassava/data/healthy_001/1617002391328.jpg,Healthy,Healthy,Diagnostic : Healthy. Cette feuille de manioc présente des symptômes caractéristiques de cette condition.,True
/home/hounfodjidagba/learning/cassava/data/raw/train_images/1387417051.jpg,Cassava Brown Streak Disease (CBSD),CBB,Diagnostic : Cassava Bacterial Blight (CBB). Cette feuille de manioc présente des symptômes caractéristiques de cette condition.,False
/home/hounfodjidagba/learning/cassava/data/raw/train_images/198333324.jpg,Cassava Brown Streak Disease (CBSD),CBSD,Diagnostic : Cassava Brown Streak Disease (CBSD). Cette feuille de manioc présente des symptômes caractéristiques de cette condition.,False
/home/hounfodjidagba/learning/cassava/data/cmd_003/uuid_5b58affc-d3f1-4fe3-a940-4fa01dd61596.jpg,CMD,CMD,Diagnostic : Cassava Mosaic Disease (CMD). Cette feuille de manioc présente des symptômes caractéristiques de cette condition.,True
/home/hounfodjidagba/learning/cassava/data/raw/train_images/2310387550.jpg,CBSD,CBSD,Diagnostic : Cassava Brown Streak Disease (CBSD). Cette feuille de manioc présente des symptômes caractéristiques de cette condition.,True
/home/hounfodjidagba/learning/cassava/data/cassava/train/cgm/train-cgm-600.jpg,CGM,CGM,Diagnostic : Cassava Green Mottle (CGM). Cette feuille de manioc présente des symptômes caractéristiques de cette condition.,True
/home/hounfodjidagba/learning/cassava/data/healthy_001/1617002020097.jpg,Healthy,Healthy,Diagnostic : Healthy. Cette feuille de manioc présente des symptômes caractéristiques de cette condition.,True
/home/hounfodjidagba/learning/cassava/data/raw/train_images/1439675422.jpg,Cassava Bacterial Blight (CBB),CBB,Diagnostic : Cassava Bacterial Blight (CBB). Cette feuille de manioc présente des symptômes caractéristiques de cette condition.,False
/home/hounfodjidagba/learning/cassava/data/raw/train_images/2384852516.jpg,Cassava Bacterial Blight (CBB),Healthy,Diagnostic : Healthy. Cette feuille de manioc présente des symptômes caractéristiques de cette condition.,False
/home/hounfodjidagba/learning/cassava/data/raw/train_images/2356938780.jpg,CBB,CBB,Diagnostic : Cassava Bacterial Blight (CBB). Cette feuille de manioc présente des symptômes caractéristiques de cette condition.,True
/home/hounfodjidagba/learning/cassava/data/cmd_001/1616851453542.jpg,CMD,CMD,Diagnostic : Cassava Mosaic Disease (CMD). Cette feuille de manioc présente des symptômes caractéristiques de cette condition.,True
/home/hounfodjidagba/learning/cassava/data/cmd_003/uuid_6a1c5092-ce6d-40f3-bb5b-199243dd1257.jpg,CMD,CMD,Diagnostic : Cassava Mosaic Disease (CMD). Cette feuille de manioc présente des symptômes caractéristiques de cette condition.,True
/home/hounfodjidagba/learning/cassava/data/raw/train_images/1584698721.jpg,CBB,CBB,Diagnostic : Cassava Bacterial Blight (CBB). Cette feuille de manioc présente des symptômes caractéristiques de cette condition.,True
/home/hounfodjidagba/learning/cassava/data/cassava/train/cbsd/train-cbsd-982.jpg,CBSD,CBSD,Diagnostic : Cassava Brown Streak Disease (CBSD). Cette feuille de manioc présente des symptômes caractéristiques de cette condition.,True
/home/hounfodjidagba/learning/cassava/data/raw/train_images/3684621874.jpg,Cassava Bacterial Blight (CBB),CBB,Diagnostic : Cassava Bacterial Blight (CBB). Cette feuille de manioc présente des symptômes caractéristiques de cette condition.,False
/home/hounfodjidagba/learning/cassava/data/raw/train_images/1979319033.jpg,CMD,CMD,Diagnostic : Cassava Mosaic Disease (CMD). Cette feuille de manioc présente des symptômes caractéristiques de cette condition.,True
/home/hounfodjidagba/learning/cassava/data/raw/train_images/296436615.jpg,Cassava Mosaic Disease (CMD),CMD,Diagnostic : Cassava Mosaic Disease (CMD). Cette feuille de manioc présente des symptômes caractéristiques de cette condition.,False
/home/hounfodjidagba/learning/cassava/data/cassava/train/cgm/train-cgm-325.jpg,CGM,CGM,Diagnostic : Cassava Green Mottle (CGM). Cette feuille de manioc présente des symptômes caractéristiques de cette condition.,True
/home/hounfodjidagba/learning/cassava/data/raw/train_images/2707207245.jpg,Healthy,Healthy,Diagnostic : Healthy. Cette feuille de manioc présente des symptômes caractéristiques de cette condition.,True
/home/hounfodjidagba/learning/cassava/data/cmd_002/uuid_0f133851-39a6-4f07-8c3a-77148b319e6c.jpg,Cassava Mosaic Disease (CMD),CMD,Diagnostic : Cassava Mosaic Disease (CMD). Cette feuille de manioc présente des symptômes caractéristiques de cette condition.,False
/home/hounfodjidagba/learning/cassava/data/raw/train_images/3971597689.jpg,Cassava Mosaic Disease (CMD),CMD,Diagnostic : Cassava Mosaic Disease (CMD). Cette feuille de manioc présente des symptômes caractéristiques de cette condition.,False
/home/hounfodjidagba/learning/cassava/data/cmd_002/uuid_0b70c06f-10dc-471d-86bd-e09f8878e8b9.jpg,Cassava Mosaic Disease (CMD),CMD,Diagnostic : Cassava Mosaic Disease (CMD). Cette feuille de manioc présente des symptômes caractéristiques de cette condition.,False
/home/hounfodjidagba/learning/cassava/data/raw/train_images/324493951.jpg,CBSD,CBSD,Diagnostic : Cassava Brown Streak Disease (CBSD). Cette feuille de manioc présente des symptômes caractéristiques de cette condition.,True
/home/hounfodjidagba/learning/cassava/data/raw/train_images/573039129.jpg,CGM,CMD,Diagnostic : Cassava Mosaic Disease (CMD). Cette feuille de manioc présente des symptômes caractéristiques de cette condition.,False
/home/hounfodjidagba/learning/cassava/data/raw/train_images/1032082353.jpg,Cassava Mosaic Disease (CMD),CMD,Diagnostic : Cassava Mosaic Disease (CMD). Cette feuille de manioc présente des symptômes caractéristiques de cette condition.,False
/home/hounfodjidagba/learning/cassava/data/raw/train_images/3272887420.jpg,CGM,CGM,Diagnostic : Cassava Green Mottle (CGM). Cette feuille de manioc présente des symptômes caractéristiques de cette condition.,True
/home/hounfodjidagba/learning/cassava/data/cassava/train/cgm/train-cgm-206.jpg,CGM,CGM,Diagnostic : Cassava Green Mottle (CGM). Cette feuille de manioc présente des symptômes caractéristiques de cette condition.,True
/home/hounfodjidagba/learning/cassava/data/cassava/train/healthy/train-healthy-208.jpg,Healthy,Healthy,Diagnostic : Healthy. Cette feuille de manioc présente des symptômes caractéristiques de cette condition.,True
/home/hounfodjidagba/learning/cassava/data/raw/train_images/2839368896.jpg,CGM,CGM,Diagnostic : Cassava Green Mottle (CGM). Cette feuille de manioc présente des symptômes caractéristiques de cette condition.,True
/home/hounfodjidagba/learning/cassava/data/raw/train_images/4161798280.jpg,Healthy,Healthy,Diagnostic : Healthy. Cette feuille de manioc présente des symptômes caractéristiques de cette condition.,True
/home/hounfodjidagba/learning/cassava/data/cassava/train/cbsd/train-cbsd-1039.jpg,CBSD,CGM,Diagnostic : Cassava Green Mottle (CGM). Cette feuille de manioc présente des symptômes caractéristiques de cette condition.,False
/home/hounfodjidagba/learning/cassava/data/raw/train_images/1580921361.jpg,CGM,CBSD,Diagnostic : Cassava Brown Streak Disease (CBSD). Cette feuille de manioc présente des symptômes caractéristiques de cette condition.,False
/home/hounfodjidagba/learning/cassava/data/cassava/train/cbsd/train-cbsd-1207.jpg,CBSD,CMD,Diagnostic : Cassava Mosaic Disease (CMD). Cette feuille de manioc présente des symptômes caractéristiques de cette condition.,False
/home/hounfodjidagba/learning/cassava/data/raw/train_images/4241697639.jpg,CGM,CGM,Diagnostic : Cassava Green Mottle (CGM). Cette feuille de manioc présente des symptômes caractéristiques de cette condition.,True
/home/hounfodjidagba/learning/cassava/data/cbsd-1/1617105371222.jpg,Cassava Brown Streak Disease (CBSD),CBSD,Diagnostic : Cassava Brown Streak Disease (CBSD). Cette feuille de manioc présente des symptômes caractéristiques de cette condition.,False
/home/hounfodjidagba/learning/cassava/data/raw/train_images/3963917355.jpg,Healthy,Healthy,Diagnostic : Healthy. Cette feuille de manioc présente des symptômes caractéristiques de cette condition.,True
/home/hounfodjidagba/learning/cassava/data/cassava/train/cmd/train-cmd-1054.jpg,Cassava Mosaic Disease (CMD),CGM,Diagnostic : Cassava Green Mottle (CGM). Cette feuille de manioc présente des symptômes caractéristiques de cette condition.,False
/home/hounfodjidagba/learning/cassava/data/healthy_002/1616764917285.jpg,Healthy,Healthy,Diagnostic : Healthy. Cette feuille de manioc présente des symptômes caractéristiques de cette condition.,True
/home/hounfodjidagba/learning/cassava/data/raw/train_images/3748484773.jpg,CBSD,CBSD,Diagnostic : Cassava Brown Streak Disease (CBSD). Cette feuille de manioc présente des symptômes caractéristiques de cette condition.,True
/home/hounfodjidagba/learning/cassava/data/raw/train_images/2710475925.jpg,CBB,CBB,Diagnostic : Cassava Bacterial Blight (CBB). Cette feuille de manioc présente des symptômes caractéristiques de cette condition.,True
/home/hounfodjidagba/learning/cassava/data/raw/train_images/1750580369.jpg,CMD,CMD,Diagnostic : Cassava Mosaic Disease (CMD). Cette feuille de manioc présente des symptômes caractéristiques de cette condition.,True
/home/hounfodjidagba/learning/cassava/data/raw/train_images/25519336.jpg,Cassava Bacterial Blight (CBB),CBB,Diagnostic : Cassava Bacterial Blight (CBB). Cette feuille de manioc présente des symptômes caractéristiques de cette condition.,False
/home/hounfodjidagba/learning/cassava/data/raw/train_images/3779645691.jpg,Cassava Mosaic Disease (CMD),CMD,Diagnostic : Cassava Mosaic Disease (CMD). Cette feuille de manioc présente des symptômes caractéristiques de cette condition.,False
/home/hounfodjidagba/learning/cassava/data/raw/train_images/3621719262.jpg,CMD,CMD,Diagnostic : Cassava Mosaic Disease (CMD). Cette feuille de manioc présente des symptômes caractéristiques de cette condition.,True
/home/hounfodjidagba/learning/cassava/data/cmd_001/1616824415052.jpg,CMD,CMD,Diagnostic : Cassava Mosaic Disease (CMD). Cette feuille de manioc présente des symptômes caractéristiques de cette condition.,True
/home/hounfodjidagba/learning/cassava/data/cassava/train/cgm/train-cgm-618.jpg,Cassava Green Mottle (CGM),CGM,Diagnostic : Cassava Green Mottle (CGM). Cette feuille de manioc présente des symptômes caractéristiques de cette condition.,False
/home/hounfodjidagba/learning/cassava/data/cassava/train/cbsd/train-cbsd-1026.jpg,CBSD,CBSD,Diagnostic : Cassava Brown Streak Disease (CBSD). Cette feuille de manioc présente des symptômes caractéristiques de cette condition.,True
/home/hounfodjidagba/learning/cassava/data/cbsd-2/1617177026355.jpg,CBSD,CBSD,Diagnostic : Cassava Brown Streak Disease (CBSD). Cette feuille de manioc présente des symptômes caractéristiques de cette condition.,True
/home/hounfodjidagba/learning/cassava/data/raw/train_images/726377415.jpg,Cassava Mosaic Disease (CMD),CMD,Diagnostic : Cassava Mosaic Disease (CMD). Cette feuille de manioc présente des symptômes caractéristiques de cette condition.,False
/home/hounfodjidagba/learning/cassava/data/cbsd-1/1617105293588.jpg,CBSD,CBSD,Diagnostic : Cassava Brown Streak Disease (CBSD). Cette feuille de manioc présente des symptômes caractéristiques de cette condition.,True
/home/hounfodjidagba/learning/cassava/data/raw/train_images/3998452657.jpg,Healthy,Healthy,Diagnostic : Healthy. Cette feuille de manioc présente des symptômes caractéristiques de cette condition.,True
/home/hounfodjidagba/learning/cassava/data/raw/train_images/425020385.jpg,Cassava Mosaic Disease (CMD),CMD,Diagnostic : Cassava Mosaic Disease (CMD). Cette feuille de manioc présente des symptômes caractéristiques de cette condition.,False
/home/hounfodjidagba/learning/cassava/data/raw/train_images/1220111423.jpg,CBSD,CBSD,Diagnostic : Cassava Brown Streak Disease (CBSD). Cette feuille de manioc présente des symptômes caractéristiques de cette condition.,True
/home/hounfodjidagba/learning/cassava/data/raw/train_images/2225362356.jpg,CGM,CGM,Diagnostic : Cassava Green Mottle (CGM). Cette feuille de manioc présente des symptômes caractéristiques de cette condition.,True
/home/hounfodjidagba/learning/cassava/data/raw/train_images/4220488715.jpg,CBB,CBB,Diagnostic : Cassava Bacterial Blight (CBB). Cette feuille de manioc présente des symptômes caractéristiques de cette condition.,True
/home/hounfodjidagba/learning/cassava/data/raw/train_images/2139679147.jpg,Cassava Green Mottle (CGM),Healthy,Diagnostic : Healthy. Cette feuille de manioc présente des symptômes caractéristiques de cette condition.,False
/home/hounfodjidagba/learning/cassava/data/raw/train_images/3878854578.jpg,Cassava Green Mottle (CGM),CGM,Diagnostic : Cassava Green Mottle (CGM). Cette feuille de manioc présente des symptômes caractéristiques de cette condition.,False
/home/hounfodjidagba/learning/cassava/data/cassava/train/cgm/train-cgm-285.jpg,Cassava Green Mottle (CGM),CBSD,Diagnostic : Cassava Brown Streak Disease (CBSD). Cette feuille de manioc présente des symptômes caractéristiques de cette condition.,False
/home/hounfodjidagba/learning/cassava/data/raw/train_images/1485753217.jpg,Healthy,CBB,Diagnostic : Cassava Bacterial Blight (CBB). Cette feuille de manioc présente des symptômes caractéristiques de cette condition.,False
/home/hounfodjidagba/learning/cassava/data/raw/train_images/10459387.jpg,Healthy,CBSD,Diagnostic : Cassava Brown Streak Disease (CBSD). Cette feuille de manioc présente des symptômes caractéristiques de cette condition.,False
/home/hounfodjidagba/learning/cassava/data/raw/train_images/52729180.jpg,Cassava Brown Streak Disease (CBSD),CBSD,Diagnostic : Cassava Brown Streak Disease (CBSD). Cette feuille de manioc présente des symptômes caractéristiques de cette condition.,False
/home/hounfodjidagba/learning/cassava/data/raw/train_images/1734332908.jpg,Cassava Mosaic Disease (CMD),CMD,Diagnostic : Cassava Mosaic Disease (CMD). Cette feuille de manioc présente des symptômes caractéristiques de cette condition.,False
/home/hounfodjidagba/learning/cassava/data/raw/train_images/1344533607.jpg,Healthy,CBB,Diagnostic : Cassava Bacterial Blight (CBB). Cette feuille de manioc présente des symptômes caractéristiques de cette condition.,False
/home/hounfodjidagba/learning/cassava/data/raw/train_images/592477386.jpg,Cassava Bacterial Blight (CBB),CBB,Diagnostic : Cassava Bacterial Blight (CBB). Cette feuille de manioc présente des symptômes caractéristiques de cette condition.,False
/home/hounfodjidagba/learning/cassava/data/cmd_004/uuid_823659ce-82d5-4ab8-8491-a32769c4225d.jpg,CMD,CMD,Diagnostic : Cassava Mosaic Disease (CMD). Cette feuille de manioc présente des symptômes caractéristiques de cette condition.,True
/home/hounfodjidagba/learning/cassava/data/raw/train_images/3852521.jpg,CBSD,CBSD,Diagnostic : Cassava Brown Streak Disease (CBSD). Cette feuille de manioc présente des symptômes caractéristiques de cette condition.,True
/home/hounfodjidagba/learning/cassava/data/raw/train_images/3781670038.jpg,CGM,CGM,Diagnostic : Cassava Green Mottle (CGM). Cette feuille de manioc présente des symptômes caractéristiques de cette condition.,True
/home/hounfodjidagba/learning/cassava/data/cbsd-1/1616821832921.jpg,CBSD,CBSD,Diagnostic : Cassava Brown Streak Disease (CBSD). Cette feuille de manioc présente des symptômes caractéristiques de cette condition.,True
/home/hounfodjidagba/learning/cassava/data/raw/train_images/3203940789.jpg,Cassava Brown Streak Disease (CBSD),CBSD,Diagnostic : Cassava Brown Streak Disease (CBSD). Cette feuille de manioc présente des symptômes caractéristiques de cette condition.,False
/home/hounfodjidagba/learning/cassava/data/raw/train_images/1640474743.jpg,Cassava Mosaic Disease (CMD),CMD,Diagnostic : Cassava Mosaic Disease (CMD). Cette feuille de manioc présente des symptômes caractéristiques de cette condition.,False
/home/hounfodjidagba/learning/cassava/data/raw/train_images/2141976873.jpg,CGM,CGM,Diagnostic : Cassava Green Mottle (CGM). Cette feuille de manioc présente des symptômes caractéristiques de cette condition.,True
/home/hounfodjidagba/learning/cassava/data/healthy_001/1617002354014.jpg,Healthy,Healthy,Diagnostic : Healthy. Cette feuille de manioc présente des symptômes caractéristiques de cette condition.,True
/home/hounfodjidagba/learning/cassava/data/raw/train_images/4149032443.jpg,Cassava Mosaic Disease (CMD),CMD,Diagnostic : Cassava Mosaic Disease (CMD). Cette feuille de manioc présente des symptômes caractéristiques de cette condition.,False
/home/hounfodjidagba/learning/cassava/data/cassava/train/healthy/train-healthy-51.jpg,Healthy,Healthy,Diagnostic : Healthy. Cette feuille de manioc présente des symptômes caractéristiques de cette condition.,True
/home/hounfodjidagba/learning/cassava/data/raw/train_images/675146219.jpg,Healthy,CBB,Diagnostic : Cassava Bacterial Blight (CBB). Cette feuille de manioc présente des symptômes caractéristiques de cette condition.,False
/home/hounfodjidagba/learning/cassava/data/raw/train_images/3252023035.jpg,CBSD,CBSD,Diagnostic : Cassava Brown Streak Disease (CBSD). Cette feuille de manioc présente des symptômes caractéristiques de cette condition.,True
/home/hounfodjidagba/learning/cassava/data/cbsd-1/1616822712727.jpg,Cassava Brown Streak Disease (CBSD),CBSD,Diagnostic : Cassava Brown Streak Disease (CBSD). Cette feuille de manioc présente des symptômes caractéristiques de cette condition.,False
/home/hounfodjidagba/learning/cassava/data/cassava/train/cgm/train-cgm-549.jpg,CGM,CGM,Diagnostic : Cassava Green Mottle (CGM). Cette feuille de manioc présente des symptômes caractéristiques de cette condition.,True
/home/hounfodjidagba/learning/cassava/data/raw/train_images/577684636.jpg,CGM,CMD,Diagnostic : Cassava Mosaic Disease (CMD). Cette feuille de manioc présente des symptômes caractéristiques de cette condition.,False
/home/hounfodjidagba/learning/cassava/data/raw/train_images/2726255928.jpg,CGM,CGM,Diagnostic : Cassava Green Mottle (CGM). Cette feuille de manioc présente des symptômes caractéristiques de cette condition.,True
/home/hounfodjidagba/learning/cassava/data/raw/train_images/2260577745.jpg,Healthy,CBSD,Diagnostic : Cassava Brown Streak Disease (CBSD). Cette feuille de manioc présente des symptômes caractéristiques de cette condition.,False
/home/hounfodjidagba/learning/cassava/data/raw/train_images/1047901042.jpg,CGM,CGM,Diagnostic : Cassava Green Mottle (CGM). Cette feuille de manioc présente des symptômes caractéristiques de cette condition.,True
/home/hounfodjidagba/learning/cassava/data/raw/train_images/3136225085.jpg,CGM,CMD,Diagnostic : Cassava Mosaic Disease (CMD). Cette feuille de manioc présente des symptômes caractéristiques de cette condition.,False
/home/hounfodjidagba/learning/cassava/data/raw/train_images/853854962.jpg,CBSD,Healthy,Diagnostic : Healthy. Cette feuille de manioc présente des symptômes caractéristiques de cette condition.,False
/home/hounfodjidagba/learning/cassava/data/raw/train_images/2504430507.jpg,Healthy,Healthy,Diagnostic : Healthy. Cette feuille de manioc présente des symptômes caractéristiques de cette condition.,True
/home/hounfodjidagba/learning/cassava/data/cassava/train/cbsd/train-cbsd-756.jpg,Cassava Brown Streak Disease (CBSD),CBSD,Diagnostic : Cassava Brown Streak Disease (CBSD). Cette feuille de manioc présente des symptômes caractéristiques de cette condition.,False
/home/hounfodjidagba/learning/cassava/data/cassava/train/cgm/train-cgm-5.jpg,Cassava Green Mottle (CGM),CGM,Diagnostic : Cassava Green Mottle (CGM). Cette feuille de manioc présente des symptômes caractéristiques de cette condition.,False
/home/hounfodjidagba/learning/cassava/data/cmd_002/uuid_1d014411-4000-42c9-8758-fa3780a7dad9.jpg,CMD,CMD,Diagnostic : Cassava Mosaic Disease (CMD). Cette feuille de manioc présente des symptômes caractéristiques de cette condition.,True
/home/hounfodjidagba/learning/cassava/data/cassava/train/cbb/train-cbb-424.jpg,Cassava Bacterial Blight (CBB),CBB,Diagnostic : Cassava Bacterial Blight (CBB). Cette feuille de manioc présente des symptômes caractéristiques de cette condition.,False
/home/hounfodjidagba/learning/cassava/data/raw/train_images/986888785.jpg,CBB,CBB,Diagnostic : Cassava Bacterial Blight (CBB). Cette feuille de manioc présente des symptômes caractéristiques de cette condition.,True
/home/hounfodjidagba/learning/cassava/data/raw/train_images/721232616.jpg,CMD,CMD,Diagnostic : Cassava Mosaic Disease (CMD). Cette feuille de manioc présente des symptômes caractéristiques de cette condition.,True
/home/hounfodjidagba/learning/cassava/data/raw/train_images/1363807985.jpg,Healthy,Healthy,Diagnostic : Healthy. Cette feuille de manioc présente des symptômes caractéristiques de cette condition.,True
/home/hounfodjidagba/learning/cassava/data/raw/train_images/206053415.jpg,Healthy,Healthy,Diagnostic : Healthy. Cette feuille de manioc présente des symptômes caractéristiques de cette condition.,True
/home/hounfodjidagba/learning/cassava/data/cassava/train/cbb/train-cbb-333.jpg,CBB,CBSD,Diagnostic : Cassava Brown Streak Disease (CBSD). Cette feuille de manioc présente des symptômes caractéristiques de cette condition.,False
/home/hounfodjidagba/learning/cassava/data/raw/train_images/1883219633.jpg,Healthy,CBB,Diagnostic : Cassava Bacterial Blight (CBB). Cette feuille de manioc présente des symptômes caractéristiques de cette condition.,False
/home/hounfodjidagba/learning/cassava/data/cmd_003/uuid_4f5ee671-5bb6-4cbe-ba6c-6ea8c5268fe0.jpg,CMD,CMD,Diagnostic : Cassava Mosaic Disease (CMD). Cette feuille de manioc présente des symptômes caractéristiques de cette condition.,True
/home/hounfodjidagba/learning/cassava/data/raw/train_images/2574008677.jpg,CGM,CGM,Diagnostic : Cassava Green Mottle (CGM). Cette feuille de manioc présente des symptômes caractéristiques de cette condition.,True
/home/hounfodjidagba/learning/cassava/data/raw/train_images/1288497419.jpg,CMD,CMD,Diagnostic : Cassava Mosaic Disease (CMD). Cette feuille de manioc présente des symptômes caractéristiques de cette condition.,True
/home/hounfodjidagba/learning/cassava/data/cbsd-1/1617105500900.jpg,Cassava Brown Streak Disease (CBSD),CBSD,Diagnostic : Cassava Brown Streak Disease (CBSD). Cette feuille de manioc présente des symptômes caractéristiques de cette condition.,False
/home/hounfodjidagba/learning/cassava/data/raw/train_images/1261918701.jpg,Cassava Green Mottle (CGM),CGM,Diagnostic : Cassava Green Mottle (CGM). Cette feuille de manioc présente des symptômes caractéristiques de cette condition.,False
/home/hounfodjidagba/learning/cassava/data/cassava/train/cbsd/train-cbsd-366.jpg,Cassava Brown Streak Disease (CBSD),CBSD,Diagnostic : Cassava Brown Streak Disease (CBSD). Cette feuille de manioc présente des symptômes caractéristiques de cette condition.,False
/home/hounfodjidagba/learning/cassava/data/raw/train_images/464695635.jpg,Healthy,Healthy,Diagnostic : Healthy. Cette feuille de manioc présente des symptômes caractéristiques de cette condition.,True
/home/hounfodjidagba/learning/cassava/data/cmd_004/uuid_84989c7c-4621-4c6f-91ba-879a73c0b9cd.jpg,CMD,CMD,Diagnostic : Cassava Mosaic Disease (CMD). Cette feuille de manioc présente des symptômes caractéristiques de cette condition.,True
/home/hounfodjidagba/learning/cassava/data/raw/train_images/3980819954.jpg,Healthy,Healthy,Diagnostic : Healthy. Cette feuille de manioc présente des symptômes caractéristiques de cette condition.,True
/home/hounfodjidagba/learning/cassava/data/raw/train_images/4274049119.jpg,Healthy,CMD,Diagnostic : Cassava Mosaic Disease (CMD). Cette feuille de manioc présente des symptômes caractéristiques de cette condition.,False
/home/hounfodjidagba/learning/cassava/data/cmd_001/1616997545158.jpg,CMD,CMD,Diagnostic : Cassava Mosaic Disease (CMD). Cette feuille de manioc présente des symptômes caractéristiques de cette condition.,True
/home/hounfodjidagba/learning/cassava/data/raw/train_images/1238159478.jpg,CGM,CBSD,Diagnostic : Cassava Brown Streak Disease (CBSD). Cette feuille de manioc présente des symptômes caractéristiques de cette condition.,False
/home/hounfodjidagba/learning/cassava/data/raw/train_images/389664208.jpg,CBSD,CBSD,Diagnostic : Cassava Brown Streak Disease (CBSD). Cette feuille de manioc présente des symptômes caractéristiques de cette condition.,True
/home/hounfodjidagba/learning/cassava/data/cmd_001/1616911820683.jpg,Cassava Mosaic Disease (CMD),CMD,Diagnostic : Cassava Mosaic Disease (CMD). Cette feuille de manioc présente des symptômes caractéristiques de cette condition.,False
/home/hounfodjidagba/learning/cassava/data/raw/train_images/1338751464.jpg,CMD,CMD,Diagnostic : Cassava Mosaic Disease (CMD). Cette feuille de manioc présente des symptômes caractéristiques de cette condition.,True
/home/hounfodjidagba/learning/cassava/data/raw/train_images/622555654.jpg,CMD,CMD,Diagnostic : Cassava Mosaic Disease (CMD). Cette feuille de manioc présente des symptômes caractéristiques de cette condition.,True
/home/hounfodjidagba/learning/cassava/data/cmd_001/1616920985680.jpg,CMD,CMD,Diagnostic : Cassava Mosaic Disease (CMD). Cette feuille de manioc présente des symptômes caractéristiques de cette condition.,True
/home/hounfodjidagba/learning/cassava/data/raw/train_images/3769300962.jpg,CBB,CBB,Diagnostic : Cassava Bacterial Blight (CBB). Cette feuille de manioc présente des symptômes caractéristiques de cette condition.,True
/home/hounfodjidagba/learning/cassava/data/raw/train_images/2629773376.jpg,CBSD,CGM,Diagnostic : Cassava Green Mottle (CGM). Cette feuille de manioc présente des symptômes caractéristiques de cette condition.,False
/home/hounfodjidagba/learning/cassava/data/raw/train_images/3888745302.jpg,CMD,CMD,Diagnostic : Cassava Mosaic Disease (CMD). Cette feuille de manioc présente des symptômes caractéristiques de cette condition.,True
/home/hounfodjidagba/learning/cassava/data/raw/train_images/1180887054.jpg,Cassava Mosaic Disease (CMD),CMD,Diagnostic : Cassava Mosaic Disease (CMD). Cette feuille de manioc présente des symptômes caractéristiques de cette condition.,False
/home/hounfodjidagba/learning/cassava/data/raw/train_images/1047154095.jpg,Healthy,CMD,Diagnostic : Cassava Mosaic Disease (CMD). Cette feuille de manioc présente des symptômes caractéristiques de cette condition.,False
/home/hounfodjidagba/learning/cassava/data/raw/train_images/3449482809.jpg,Healthy,Healthy,Diagnostic : Healthy. Cette feuille de manioc présente des symptômes caractéristiques de cette condition.,True
/home/hounfodjidagba/learning/cassava/data/healthy_001/1617002223997.jpg,Healthy,Healthy,Diagnostic : Healthy. Cette feuille de manioc présente des symptômes caractéristiques de cette condition.,True
/home/hounfodjidagba/learning/cassava/data/cassava/train/cbb/train-cbb-177.jpg,Cassava Bacterial Blight (CBB),CBB,Diagnostic : Cassava Bacterial Blight (CBB). Cette feuille de manioc présente des symptômes caractéristiques de cette condition.,False
/home/hounfodjidagba/learning/cassava/data/cbsd-1/1617105088568.jpg,Cassava Brown Streak Disease (CBSD),CBSD,Diagnostic : Cassava Brown Streak Disease (CBSD). Cette feuille de manioc présente des symptômes caractéristiques de cette condition.,False
/home/hounfodjidagba/learning/cassava/data/cbsd-1/1616821724246.jpg,Cassava Brown Streak Disease (CBSD),CBSD,Diagnostic : Cassava Brown Streak Disease (CBSD). Cette feuille de manioc présente des symptômes caractéristiques de cette condition.,False
/home/hounfodjidagba/learning/cassava/data/raw/train_images/2654037367.jpg,Healthy,CBSD,Diagnostic : Cassava Brown Streak Disease (CBSD). Cette feuille de manioc présente des symptômes caractéristiques de cette condition.,False
/home/hounfodjidagba/learning/cassava/data/raw/train_images/171905879.jpg,CMD,CMD,Diagnostic : Cassava Mosaic Disease (CMD). Cette feuille de manioc présente des symptômes caractéristiques de cette condition.,True
/home/hounfodjidagba/learning/cassava/data/cbsd-2/1617173000108.jpg,Cassava Brown Streak Disease (CBSD),CBSD,Diagnostic : Cassava Brown Streak Disease (CBSD). Cette feuille de manioc présente des symptômes caractéristiques de cette condition.,False
/home/hounfodjidagba/learning/cassava/data/raw/train_images/2607049365.jpg,CMD,CMD,Diagnostic : Cassava Mosaic Disease (CMD). Cette feuille de manioc présente des symptômes caractéristiques de cette condition.,True
/home/hounfodjidagba/learning/cassava/data/cmd_002/uuid_0ae5c880-3c77-49e9-ae50-d8a5a8c38d24.jpg,Cassava Mosaic Disease (CMD),CMD,Diagnostic : Cassava Mosaic Disease (CMD). Cette feuille de manioc présente des symptômes caractéristiques de cette condition.,False
/home/hounfodjidagba/learning/cassava/data/raw/train_images/1702068619.jpg,Cassava Bacterial Blight (CBB),CBB,Diagnostic : Cassava Bacterial Blight (CBB). Cette feuille de manioc présente des symptômes caractéristiques de cette condition.,False
/home/hounfodjidagba/learning/cassava/data/raw/train_images/1374580493.jpg,CMD,CMD,Diagnostic : Cassava Mosaic Disease (CMD). Cette feuille de manioc présente des symptômes caractéristiques de cette condition.,True
/home/hounfodjidagba/learning/cassava/data/raw/train_images/467965750.jpg,CMD,CMD,Diagnostic : Cassava Mosaic Disease (CMD). Cette feuille de manioc présente des symptômes caractéristiques de cette condition.,True
/home/hounfodjidagba/learning/cassava/data/raw/train_images/236211196.jpg,Cassava Mosaic Disease (CMD),CMD,Diagnostic : Cassava Mosaic Disease (CMD). Cette feuille de manioc présente des symptômes caractéristiques de cette condition.,False
/home/hounfodjidagba/learning/cassava/data/raw/train_images/3323262594.jpg,Cassava Mosaic Disease (CMD),CMD,Diagnostic : Cassava Mosaic Disease (CMD). Cette feuille de manioc présente des symptômes caractéristiques de cette condition.,False
/home/hounfodjidagba/learning/cassava/data/raw/train_images/2875351329.jpg,CGM,CGM,Diagnostic : Cassava Green Mottle (CGM). Cette feuille de manioc présente des symptômes caractéristiques de cette condition.,True
/home/hounfodjidagba/learning/cassava/data/raw/train_images/3388237026.jpg,Cassava Mosaic Disease (CMD),Healthy,Diagnostic : Healthy. Cette feuille de manioc présente des symptômes caractéristiques de cette condition.,False
/home/hounfodjidagba/learning/cassava/data/raw/train_images/3904937505.jpg,CMD,CMD,Diagnostic : Cassava Mosaic Disease (CMD). Cette feuille de manioc présente des symptômes caractéristiques de cette condition.,True
/home/hounfodjidagba/learning/cassava/data/raw/train_images/99202708.jpg,Healthy,Healthy,Diagnostic : Healthy. Cette feuille de manioc présente des symptômes caractéristiques de cette condition.,True
/home/hounfodjidagba/learning/cassava/data/cassava/train/cbsd/train-cbsd-181.jpg,CBSD,CBSD,Diagnostic : Cassava Brown Streak Disease (CBSD). Cette feuille de manioc présente des symptômes caractéristiques de cette condition.,True
/home/hounfodjidagba/learning/cassava/data/raw/train_images/586485536.jpg,CMD,CMD,Diagnostic : Cassava Mosaic Disease (CMD). Cette feuille de manioc présente des symptômes caractéristiques de cette condition.,True
/home/hounfodjidagba/learning/cassava/data/raw/train_images/573039129.jpg,CGM,CMD,Diagnostic : Cassava Mosaic Disease (CMD). Cette feuille de manioc présente des symptômes caractéristiques de cette condition.,False
/home/hounfodjidagba/learning/cassava/data/cassava/train/cmd/train-cmd-1974.jpg,CMD,CMD,Diagnostic : Cassava Mosaic Disease (CMD). Cette feuille de manioc présente des symptômes caractéristiques de cette condition.,True
/home/hounfodjidagba/learning/cassava/data/raw/train_images/2997262447.jpg,CMD,CMD,Diagnostic : Cassava Mosaic Disease (CMD). Cette feuille de manioc présente des symptômes caractéristiques de cette condition.,True
/home/hounfodjidagba/learning/cassava/data/cassava/train/cgm/train-cgm-754.jpg,Cassava Green Mottle (CGM),CGM,Diagnostic : Cassava Green Mottle (CGM). Cette feuille de manioc présente des symptômes caractéristiques de cette condition.,False
/home/hounfodjidagba/learning/cassava/data/cassava/train/cmd/train-cmd-747.jpg,CMD,CMD,Diagnostic : Cassava Mosaic Disease (CMD). Cette feuille de manioc présente des symptômes caractéristiques de cette condition.,True
/home/hounfodjidagba/learning/cassava/data/cassava/train/cmd/train-cmd-596.jpg,CMD,CMD,Diagnostic : Cassava Mosaic Disease (CMD). Cette feuille de manioc présente des symptômes caractéristiques de cette condition.,True
/home/hounfodjidagba/learning/cassava/data/raw/train_images/4073303739.jpg,Cassava Mosaic Disease (CMD),CMD,Diagnostic : Cassava Mosaic Disease (CMD). Cette feuille de manioc présente des symptômes caractéristiques de cette condition.,False
/home/hounfodjidagba/learning/cassava/data/raw/train_images/775831061.jpg,CBB,Healthy,Diagnostic : Healthy. Cette feuille de manioc présente des symptômes caractéristiques de cette condition.,False
/home/hounfodjidagba/learning/cassava/data/cbsd-2/1617171602367.jpg,Cassava Brown Streak Disease (CBSD),CBSD,Diagnostic : Cassava Brown Streak Disease (CBSD). Cette feuille de manioc présente des symptômes caractéristiques de cette condition.,False
/home/hounfodjidagba/learning/cassava/data/cassava/train/cgm/train-cgm-596.jpg,CGM,CGM,Diagnostic : Cassava Green Mottle (CGM). Cette feuille de manioc présente des symptômes caractéristiques de cette condition.,True
/home/hounfodjidagba/learning/cassava/data/raw/train_images/2324445131.jpg,Cassava Mosaic Disease (CMD),CMD,Diagnostic : Cassava Mosaic Disease (CMD). Cette feuille de manioc présente des symptômes caractéristiques de cette condition.,False
/home/hounfodjidagba/learning/cassava/data/raw/train_images/79867712.jpg,Cassava Bacterial Blight (CBB),CBB,Diagnostic : Cassava Bacterial Blight (CBB). Cette feuille de manioc présente des symptômes caractéristiques de cette condition.,False
/home/hounfodjidagba/learning/cassava/data/raw/train_images/729571986.jpg,Cassava Mosaic Disease (CMD),CMD,Diagnostic : Cassava Mosaic Disease (CMD). Cette feuille de manioc présente des symptômes caractéristiques de cette condition.,False
/home/hounfodjidagba/learning/cassava/data/cassava/train/cbsd/train-cbsd-616.jpg,Cassava Brown Streak Disease (CBSD),CBSD,Diagnostic : Cassava Brown Streak Disease (CBSD). Cette feuille de manioc présente des symptômes caractéristiques de cette condition.,False
/home/hounfodjidagba/learning/cassava/data/raw/train_images/2741136173.jpg,Cassava Bacterial Blight (CBB),CMD,Diagnostic : Cassava Mosaic Disease (CMD). Cette feuille de manioc présente des symptômes caractéristiques de cette condition.,False
/home/hounfodjidagba/learning/cassava/data/raw/train_images/1994597996.jpg,CBSD,CBSD,Diagnostic : Cassava Brown Streak Disease (CBSD). Cette feuille de manioc présente des symptômes caractéristiques de cette condition.,True
/home/hounfodjidagba/learning/cassava/data/raw/train_images/3626179883.jpg,Cassava Mosaic Disease (CMD),CMD,Diagnostic : Cassava Mosaic Disease (CMD). Cette feuille de manioc présente des symptômes caractéristiques de cette condition.,False
/home/hounfodjidagba/learning/cassava/data/cassava/train/cmd/train-cmd-2036.jpg,Cassava Mosaic Disease (CMD),CMD,Diagnostic : Cassava Mosaic Disease (CMD). Cette feuille de manioc présente des symptômes caractéristiques de cette condition.,False
/home/hounfodjidagba/learning/cassava/data/cbsd-1/1617103565834.jpg,CBSD,CBSD,Diagnostic : Cassava Brown Streak Disease (CBSD). Cette feuille de manioc présente des symptômes caractéristiques de cette condition.,True
/home/hounfodjidagba/learning/cassava/data/healthy_002/1616761816595.jpg,Healthy,Healthy,Diagnostic : Healthy. Cette feuille de manioc présente des symptômes caractéristiques de cette condition.,True
/home/hounfodjidagba/learning/cassava/data/raw/train_images/2202750916.jpg,CMD,CMD,Diagnostic : Cassava Mosaic Disease (CMD). Cette feuille de manioc présente des symptômes caractéristiques de cette condition.,True
/home/hounfodjidagba/learning/cassava/data/cmd_004/uuid_c922dc76-dd1b-44ca-a1c0-13ad6e1676d4.jpg,Cassava Mosaic Disease (CMD),CMD,Diagnostic : Cassava Mosaic Disease (CMD). Cette feuille de manioc présente des symptômes caractéristiques de cette condition.,False
/home/hounfodjidagba/learning/cassava/data/raw/train_images/3813083782.jpg,Cassava Green Mottle (CGM),CMD,Diagnostic : Cassava Mosaic Disease (CMD). Cette feuille de manioc présente des symptômes caractéristiques de cette condition.,False
/home/hounfodjidagba/learning/cassava/data/cbsd-2/1617175636652.jpg,Cassava Brown Streak Disease (CBSD),CBSD,Diagnostic : Cassava Brown Streak Disease (CBSD). Cette feuille de manioc présente des symptômes caractéristiques de cette condition.,False
/home/hounfodjidagba/learning/cassava/data/raw/train_images/3594749275.jpg,CBB,CBSD,Diagnostic : Cassava Brown Streak Disease (CBSD). Cette feuille de manioc présente des symptômes caractéristiques de cette condition.,False
/home/hounfodjidagba/learning/cassava/data/cbsd-2/1617175891732.jpg,CBSD,CBSD,Diagnostic : Cassava Brown Streak Disease (CBSD). Cette feuille de manioc présente des symptômes caractéristiques de cette condition.,True
/home/hounfodjidagba/learning/cassava/data/raw/train_images/2257731439.jpg,CMD,CMD,Diagnostic : Cassava Mosaic Disease (CMD). Cette feuille de manioc présente des symptômes caractéristiques de cette condition.,True
/home/hounfodjidagba/learning/cassava/data/healthy_002/1616768003143.jpg,Healthy,Healthy,Diagnostic : Healthy. Cette feuille de manioc présente des symptômes caractéristiques de cette condition.,True
/home/hounfodjidagba/learning/cassava/data/raw/train_images/699893195.jpg,CMD,CMD,Diagnostic : Cassava Mosaic Disease (CMD). Cette feuille de manioc présente des symptômes caractéristiques de cette condition.,True
/home/hounfodjidagba/learning/cassava/data/raw/train_images/2550376211.jpg,Cassava Mosaic Disease (CMD),CMD,Diagnostic : Cassava Mosaic Disease (CMD). Cette feuille de manioc présente des symptômes caractéristiques de cette condition.,False
/home/hounfodjidagba/learning/cassava/data/raw/train_images/864636811.jpg,CMD,CMD,Diagnostic : Cassava Mosaic Disease (CMD). Cette feuille de manioc présente des symptômes caractéristiques de cette condition.,True
/home/hounfodjidagba/learning/cassava/data/cassava/train/cbb/train-cbb-355.jpg,CBB,CGM,Diagnostic : Cassava Green Mottle (CGM). Cette feuille de manioc présente des symptômes caractéristiques de cette condition.,False
/home/hounfodjidagba/learning/cassava/data/raw/train_images/1426129628.jpg,Cassava Bacterial Blight (CBB),CBB,Diagnostic : Cassava Bacterial Blight (CBB). Cette feuille de manioc présente des symptômes caractéristiques de cette condition.,False
/home/hounfodjidagba/learning/cassava/data/raw/train_images/2120375366.jpg,Cassava Mosaic Disease (CMD),CMD,Diagnostic : Cassava Mosaic Disease (CMD). Cette feuille de manioc présente des symptômes caractéristiques de cette condition.,False
/home/hounfodjidagba/learning/cassava/data/raw/train_images/3969588604.jpg,CGM,CMD,Diagnostic : Cassava Mosaic Disease (CMD). Cette feuille de manioc présente des symptômes caractéristiques de cette condition.,False
/home/hounfodjidagba/learning/cassava/data/raw/train_images/111358933.jpg,Cassava Bacterial Blight (CBB),CBSD,Diagnostic : Cassava Brown Streak Disease (CBSD). Cette feuille de manioc présente des symptômes caractéristiques de cette condition.,False
/home/hounfodjidagba/learning/cassava/data/raw/train_images/1442952438.jpg,Cassava Mosaic Disease (CMD),CMD,Diagnostic : Cassava Mosaic Disease (CMD). Cette feuille de manioc présente des symptômes caractéristiques de cette condition.,False
/home/hounfodjidagba/learning/cassava/data/cbsd-2/1617106108577.jpg,CBSD,CBSD,Diagnostic : Cassava Brown Streak Disease (CBSD). Cette feuille de manioc présente des symptômes caractéristiques de cette condition.,True
/home/hounfodjidagba/learning/cassava/data/raw/train_images/3543731892.jpg,CGM,CGM,Diagnostic : Cassava Green Mottle (CGM). Cette feuille de manioc présente des symptômes caractéristiques de cette condition.,True
/home/hounfodjidagba/learning/cassava/data/healthy_002/1616747181548.jpg,Healthy,Healthy,Diagnostic : Healthy. Cette feuille de manioc présente des symptômes caractéristiques de cette condition.,True
/home/hounfodjidagba/learning/cassava/data/raw/train_images/3193368098.jpg,Healthy,Healthy,Diagnostic : Healthy. Cette feuille de manioc présente des symptômes caractéristiques de cette condition.,True
/home/hounfodjidagba/learning/cassava/data/raw/train_images/102485576.jpg,Cassava Bacterial Blight (CBB),CMD,Diagnostic : Cassava Mosaic Disease (CMD). Cette feuille de manioc présente des symptômes caractéristiques de cette condition.,False
/home/hounfodjidagba/learning/cassava/data/raw/train_images/4005310479.jpg,Cassava Bacterial Blight (CBB),CBB,Diagnostic : Cassava Bacterial Blight (CBB). Cette feuille de manioc présente des symptômes caractéristiques de cette condition.,False
/home/hounfodjidagba/learning/cassava/data/raw/train_images/550691642.jpg,CBB,CBB,Diagnostic : Cassava Bacterial Blight (CBB). Cette feuille de manioc présente des symptômes caractéristiques de cette condition.,True
/home/hounfodjidagba/learning/cassava/data/raw/train_images/3494097307.jpg,Cassava Mosaic Disease (CMD),CMD,Diagnostic : Cassava Mosaic Disease (CMD). Cette feuille de manioc présente des symptômes caractéristiques de cette condition.,False
/home/hounfodjidagba/learning/cassava/data/cassava/train/cmd/train-cmd-2288.jpg,CMD,CMD,Diagnostic : Cassava Mosaic Disease (CMD). Cette feuille de manioc présente des symptômes caractéristiques de cette condition.,True
/home/hounfodjidagba/learning/cassava/data/cmd_005/uuid_33faaf75-900d-45f4-b89c-25345a79cd0d.jpg,Cassava Mosaic Disease (CMD),CMD,Diagnostic : Cassava Mosaic Disease (CMD). Cette feuille de manioc présente des symptômes caractéristiques de cette condition.,False
/home/hounfodjidagba/learning/cassava/data/raw/train_images/1193048805.jpg,CBSD,CBSD,Diagnostic : Cassava Brown Streak Disease (CBSD). Cette feuille de manioc présente des symptômes caractéristiques de cette condition.,True
/home/hounfodjidagba/learning/cassava/data/raw/train_images/1236127980.jpg,CGM,CGM,Diagnostic : Cassava Green Mottle (CGM). Cette feuille de manioc présente des symptômes caractéristiques de cette condition.,True
/home/hounfodjidagba/learning/cassava/data/cassava/train/cmd/train-cmd-58.jpg,Cassava Mosaic Disease (CMD),CMD,Diagnostic : Cassava Mosaic Disease (CMD). Cette feuille de manioc présente des symptômes caractéristiques de cette condition.,False
/home/hounfodjidagba/learning/cassava/data/raw/train_images/2570433582.jpg,CMD,CMD,Diagnostic : Cassava Mosaic Disease (CMD). Cette feuille de manioc présente des symptômes caractéristiques de cette condition.,True
/home/hounfodjidagba/learning/cassava/data/raw/train_images/710999120.jpg,Healthy,CBB,Diagnostic : Cassava Bacterial Blight (CBB). Cette feuille de manioc présente des symptômes caractéristiques de cette condition.,False
/home/hounfodjidagba/learning/cassava/data/cmd_003/uuid_5b7f8f76-0a8b-43d8-a3e4-539793fab695.jpg,CMD,CMD,Diagnostic : Cassava Mosaic Disease (CMD). Cette feuille de manioc présente des symptômes caractéristiques de cette condition.,True
/home/hounfodjidagba/learning/cassava/data/cbsd-2/1617172482237.jpg,CBSD,CBSD,Diagnostic : Cassava Brown Streak Disease (CBSD). Cette feuille de manioc présente des symptômes caractéristiques de cette condition.,True
/home/hounfodjidagba/learning/cassava/data/cbsd-1/1617092298816.jpg,CBSD,CBSD,Diagnostic : Cassava Brown Streak Disease (CBSD). Cette feuille de manioc présente des symptômes caractéristiques de cette condition.,True
/home/hounfodjidagba/learning/cassava/data/cbsd-1/1617093391525.jpg,Cassava Brown Streak Disease (CBSD),CBSD,Diagnostic : Cassava Brown Streak Disease (CBSD). Cette feuille de manioc présente des symptômes caractéristiques de cette condition.,False
/home/hounfodjidagba/learning/cassava/data/raw/train_images/601096842.jpg,Cassava Green Mottle (CGM),Healthy,Diagnostic : Healthy. Cette feuille de manioc présente des symptômes caractéristiques de cette condition.,False
/home/hounfodjidagba/learning/cassava/data/raw/train_images/1780272683.jpg,CMD,CMD,Diagnostic : Cassava Mosaic Disease (CMD). Cette feuille de manioc présente des symptômes caractéristiques de cette condition.,True
/home/hounfodjidagba/learning/cassava/data/raw/train_images/3956077728.jpg,CBSD,CBSD,Diagnostic : Cassava Brown Streak Disease (CBSD). Cette feuille de manioc présente des symptômes caractéristiques de cette condition.,True
/home/hounfodjidagba/learning/cassava/data/raw/train_images/2671853400.jpg,Cassava Mosaic Disease (CMD),CMD,Diagnostic : Cassava Mosaic Disease (CMD). Cette feuille de manioc présente des symptômes caractéristiques de cette condition.,False
/home/hounfodjidagba/learning/cassava/data/raw/train_images/3005442364.jpg,CGM,CGM,Diagnostic : Cassava Green Mottle (CGM). Cette feuille de manioc présente des symptômes caractéristiques de cette condition.,True
/home/hounfodjidagba/learning/cassava/data/cassava/train/cbsd/train-cbsd-956.jpg,CBSD,CBSD,Diagnostic : Cassava Brown Streak Disease (CBSD). Cette feuille de manioc présente des symptômes caractéristiques de cette condition.,True
/home/hounfodjidagba/learning/cassava/data/raw/train_images/1773419255.jpg,CMD,CMD,Diagnostic : Cassava Mosaic Disease (CMD). Cette feuille de manioc présente des symptômes caractéristiques de cette condition.,True
/home/hounfodjidagba/learning/cassava/data/cbsd-2/1617105894778.jpg,Cassava Brown Streak Disease (CBSD),CBSD,Diagnostic : Cassava Brown Streak Disease (CBSD). Cette feuille de manioc présente des symptômes caractéristiques de cette condition.,False
/home/hounfodjidagba/learning/cassava/data/raw/train_images/2196292617.jpg,CMD,CMD,Diagnostic : Cassava Mosaic Disease (CMD). Cette feuille de manioc présente des symptômes caractéristiques de cette condition.,True
/home/hounfodjidagba/learning/cassava/data/cmd_004/uuid_b0b5cd89-fcb6-46a1-adcf-fbda685015d1.jpg,CMD,CMD,Diagnostic : Cassava Mosaic Disease (CMD). Cette feuille de manioc présente des symptômes caractéristiques de cette condition.,True
/home/hounfodjidagba/learning/cassava/data/cassava/train/cmd/train-cmd-1865.jpg,Cassava Mosaic Disease (CMD),CMD,Diagnostic : Cassava Mosaic Disease (CMD). Cette feuille de manioc présente des symptômes caractéristiques de cette condition.,False
/home/hounfodjidagba/learning/cassava/data/raw/train_images/1216054567.jpg,Cassava Mosaic Disease (CMD),CMD,Diagnostic : Cassava Mosaic Disease (CMD). Cette feuille de manioc présente des symptômes caractéristiques de cette condition.,False
/home/hounfodjidagba/learning/cassava/data/raw/train_images/4096337072.jpg,CBB,Healthy,Diagnostic : Healthy. Cette feuille de manioc présente des symptômes caractéristiques de cette condition.,False
/home/hounfodjidagba/learning/cassava/data/cbsd-1/1617095373098.jpg,CBSD,CMD,Diagnostic : Cassava Mosaic Disease (CMD). Cette feuille de manioc présente des symptômes caractéristiques de cette condition.,False
/home/hounfodjidagba/learning/cassava/data/raw/train_images/1600157246.jpg,CMD,CMD,Diagnostic : Cassava Mosaic Disease (CMD). Cette feuille de manioc présente des symptômes caractéristiques de cette condition.,True
/home/hounfodjidagba/learning/cassava/data/raw/train_images/1995608609.jpg,CGM,CGM,Diagnostic : Cassava Green Mottle (CGM). Cette feuille de manioc présente des symptômes caractéristiques de cette condition.,True
/home/hounfodjidagba/learning/cassava/data/raw/train_images/13975743.jpg,CGM,CGM,Diagnostic : Cassava Green Mottle (CGM). Cette feuille de manioc présente des symptômes caractéristiques de cette condition.,True
/home/hounfodjidagba/learning/cassava/data/cassava/train/cgm/train-cgm-344.jpg,CGM,CGM,Diagnostic : Cassava Green Mottle (CGM). Cette feuille de manioc présente des symptômes caractéristiques de cette condition.,True
/home/hounfodjidagba/learning/cassava/data/raw/train_images/3930678824.jpg,Healthy,Healthy,Diagnostic : Healthy. Cette feuille de manioc présente des symptômes caractéristiques de cette condition.,True
/home/hounfodjidagba/learning/cassava/data/raw/train_images/301917364.jpg,Cassava Green Mottle (CGM),CBSD,Diagnostic : Cassava Brown Streak Disease (CBSD). Cette feuille de manioc présente des symptômes caractéristiques de cette condition.,False
/home/hounfodjidagba/learning/cassava/data/raw/train_images/3338988321.jpg,CBSD,CBSD,Diagnostic : Cassava Brown Streak Disease (CBSD). Cette feuille de manioc présente des symptômes caractéristiques de cette condition.,True
/home/hounfodjidagba/learning/cassava/data/cmd_003/uuid_3f4b9ac4-007b-4182-8aaf-647007d479c0.jpg,CMD,CBSD,Diagnostic : Cassava Brown Streak Disease (CBSD). Cette feuille de manioc présente des symptômes caractéristiques de cette condition.,False
/home/hounfodjidagba/learning/cassava/data/raw/train_images/3750357867.jpg,CMD,CMD,Diagnostic : Cassava Mosaic Disease (CMD). Cette feuille de manioc présente des symptômes caractéristiques de cette condition.,True
/home/hounfodjidagba/learning/cassava/data/cbsd-1/1617099533910.jpg,CBSD,CBSD,Diagnostic : Cassava Brown Streak Disease (CBSD). Cette feuille de manioc présente des symptômes caractéristiques de cette condition.,True
/home/hounfodjidagba/learning/cassava/data/cassava/train/cgm/train-cgm-274.jpg,CGM,CGM,Diagnostic : Cassava Green Mottle (CGM). Cette feuille de manioc présente des symptômes caractéristiques de cette condition.,True
/home/hounfodjidagba/learning/cassava/data/raw/train_images/2200120036.jpg,Cassava Brown Streak Disease (CBSD),CBSD,Diagnostic : Cassava Brown Streak Disease (CBSD). Cette feuille de manioc présente des symptômes caractéristiques de cette condition.,False
/home/hounfodjidagba/learning/cassava/data/cassava/train/cbsd/train-cbsd-1170.jpg,CBSD,CBSD,Diagnostic : Cassava Brown Streak Disease (CBSD). Cette feuille de manioc présente des symptômes caractéristiques de cette condition.,True
/home/hounfodjidagba/learning/cassava/data/cmd_005/uuid_47e04018-f1d0-41c3-a055-69f3667b43dc.jpg,CMD,CMD,Diagnostic : Cassava Mosaic Disease (CMD). Cette feuille de manioc présente des symptômes caractéristiques de cette condition.,True
/home/hounfodjidagba/learning/cassava/data/cassava/train/cbb/train-cbb-458.jpg,CBB,CBB,Diagnostic : Cassava Bacterial Blight (CBB). Cette feuille de manioc présente des symptômes caractéristiques de cette condition.,True
/home/hounfodjidagba/learning/cassava/data/raw/train_images/849308241.jpg,Cassava Mosaic Disease (CMD),CMD,Diagnostic : Cassava Mosaic Disease (CMD). Cette feuille de manioc présente des symptômes caractéristiques de cette condition.,False
/home/hounfodjidagba/learning/cassava/data/cmd_001/1616766040485.jpg,Cassava Mosaic Disease (CMD),CMD,Diagnostic : Cassava Mosaic Disease (CMD). Cette feuille de manioc présente des symptômes caractéristiques de cette condition.,False
/home/hounfodjidagba/learning/cassava/data/cmd_003/uuid_3fe33325-9288-403f-b820-d4c5baa50b87.jpg,Cassava Mosaic Disease (CMD),CMD,Diagnostic : Cassava Mosaic Disease (CMD). Cette feuille de manioc présente des symptômes caractéristiques de cette condition.,False
/home/hounfodjidagba/learning/cassava/data/healthy_001/1617181221684.jpg,Healthy,Healthy,Diagnostic : Healthy. Cette feuille de manioc présente des symptômes caractéristiques de cette condition.,True
/home/hounfodjidagba/learning/cassava/data/raw/train_images/1981073260.jpg,Cassava Bacterial Blight (CBB),CBB,Diagnostic : Cassava Bacterial Blight (CBB). Cette feuille de manioc présente des symptômes caractéristiques de cette condition.,False
/home/hounfodjidagba/learning/cassava/data/raw/train_images/1610293163.jpg,Cassava Mosaic Disease (CMD),CMD,Diagnostic : Cassava Mosaic Disease (CMD). Cette feuille de manioc présente des symptômes caractéristiques de cette condition.,False
/home/hounfodjidagba/learning/cassava/data/raw/train_images/2370396240.jpg,Cassava Mosaic Disease (CMD),CMD,Diagnostic : Cassava Mosaic Disease (CMD). Cette feuille de manioc présente des symptômes caractéristiques de cette condition.,False
/home/hounfodjidagba/learning/cassava/data/raw/train_images/4175864678.jpg,Cassava Brown Streak Disease (CBSD),CBSD,Diagnostic : Cassava Brown Streak Disease (CBSD). Cette feuille de manioc présente des symptômes caractéristiques de cette condition.,False
/home/hounfodjidagba/learning/cassava/data/raw/train_images/2787710566.jpg,CGM,CMD,Diagnostic : Cassava Mosaic Disease (CMD). Cette feuille de manioc présente des symptômes caractéristiques de cette condition.,False
/home/hounfodjidagba/learning/cassava/data/raw/train_images/3441642787.jpg,CMD,CMD,Diagnostic : Cassava Mosaic Disease (CMD). Cette feuille de manioc présente des symptômes caractéristiques de cette condition.,True
/home/hounfodjidagba/learning/cassava/data/raw/train_images/2708373940.jpg,Healthy,CGM,Diagnostic : Cassava Green Mottle (CGM). Cette feuille de manioc présente des symptômes caractéristiques de cette condition.,False
/home/hounfodjidagba/learning/cassava/data/cassava/train/cgm/train-cgm-91.jpg,Cassava Green Mottle (CGM),CGM,Diagnostic : Cassava Green Mottle (CGM). Cette feuille de manioc présente des symptômes caractéristiques de cette condition.,False
/home/hounfodjidagba/learning/cassava/data/raw/train_images/1518316480.jpg,CGM,CGM,Diagnostic : Cassava Green Mottle (CGM). Cette feuille de manioc présente des symptômes caractéristiques de cette condition.,True
/home/hounfodjidagba/learning/cassava/data/raw/train_images/241951779.jpg,Cassava Green Mottle (CGM),CMD,Diagnostic : Cassava Mosaic Disease (CMD). Cette feuille de manioc présente des symptômes caractéristiques de cette condition.,False
/home/hounfodjidagba/learning/cassava/data/cassava/train/cgm/train-cgm-98.jpg,CGM,CGM,Diagnostic : Cassava Green Mottle (CGM). Cette feuille de manioc présente des symptômes caractéristiques de cette condition.,True
/home/hounfodjidagba/learning/cassava/data/cmd_001/1616911749042.jpg,CMD,CMD,Diagnostic : Cassava Mosaic Disease (CMD). Cette feuille de manioc présente des symptômes caractéristiques de cette condition.,True
/home/hounfodjidagba/learning/cassava/data/cmd_004/uuid_a4836c45-e6a3-456e-93b1-1ccd00f69968.jpg,CMD,CMD,Diagnostic : Cassava Mosaic Disease (CMD). Cette feuille de manioc présente des symptômes caractéristiques de cette condition.,True
/home/hounfodjidagba/learning/cassava/data/raw/train_images/1425209102.jpg,CMD,CMD,Diagnostic : Cassava Mosaic Disease (CMD). Cette feuille de manioc présente des symptômes caractéristiques de cette condition.,True
/home/hounfodjidagba/learning/cassava/data/raw/train_images/3174117407.jpg,Cassava Green Mottle (CGM),CMD,Diagnostic : Cassava Mosaic Disease (CMD). Cette feuille de manioc présente des symptômes caractéristiques de cette condition.,False
/home/hounfodjidagba/learning/cassava/data/cbsd-1/1617093119850.jpg,Cassava Brown Streak Disease (CBSD),CBSD,Diagnostic : Cassava Brown Streak Disease (CBSD). Cette feuille de manioc présente des symptômes caractéristiques de cette condition.,False
/home/hounfodjidagba/learning/cassava/data/raw/train_images/3801409970.jpg,Cassava Brown Streak Disease (CBSD),Healthy,Diagnostic : Healthy. Cette feuille de manioc présente des symptômes caractéristiques de cette condition.,False
/home/hounfodjidagba/learning/cassava/data/raw/train_images/3546315607.jpg,Cassava Mosaic Disease (CMD),CMD,Diagnostic : Cassava Mosaic Disease (CMD). Cette feuille de manioc présente des symptômes caractéristiques de cette condition.,False
/home/hounfodjidagba/learning/cassava/data/raw/train_images/2406694792.jpg,CGM,Healthy,Diagnostic : Healthy. Cette feuille de manioc présente des symptômes caractéristiques de cette condition.,False
/home/hounfodjidagba/learning/cassava/data/cbsd-2/1617171059863.jpg,CBSD,CBSD,Diagnostic : Cassava Brown Streak Disease (CBSD). Cette feuille de manioc présente des symptômes caractéristiques de cette condition.,True
/home/hounfodjidagba/learning/cassava/data/raw/train_images/2042745547.jpg,Cassava Mosaic Disease (CMD),CMD,Diagnostic : Cassava Mosaic Disease (CMD). Cette feuille de manioc présente des symptômes caractéristiques de cette condition.,False
/home/hounfodjidagba/learning/cassava/data/cbsd-1/1617103435888.jpg,CBSD,CBSD,Diagnostic : Cassava Brown Streak Disease (CBSD). Cette feuille de manioc présente des symptômes caractéristiques de cette condition.,True
/home/hounfodjidagba/learning/cassava/data/raw/train_images/943096902.jpg,CMD,CMD,Diagnostic : Cassava Mosaic Disease (CMD). Cette feuille de manioc présente des symptômes caractéristiques de cette condition.,True
/home/hounfodjidagba/learning/cassava/data/raw/train_images/384265557.jpg,Healthy,Healthy,Diagnostic : Healthy. Cette feuille de manioc présente des symptômes caractéristiques de cette condition.,True
/home/hounfodjidagba/learning/cassava/data/raw/train_images/2968907938.jpg,Cassava Mosaic Disease (CMD),CMD,Diagnostic : Cassava Mosaic Disease (CMD). Cette feuille de manioc présente des symptômes caractéristiques de cette condition.,False
/home/hounfodjidagba/learning/cassava/data/raw/train_images/612223117.jpg,Cassava Mosaic Disease (CMD),CMD,Diagnostic : Cassava Mosaic Disease (CMD). Cette feuille de manioc présente des symptômes caractéristiques de cette condition.,False
/home/hounfodjidagba/learning/cassava/data/raw/train_images/716814677.jpg,Healthy,Healthy,Diagnostic : Healthy. Cette feuille de manioc présente des symptômes caractéristiques de cette condition.,True
/home/hounfodjidagba/learning/cassava/data/raw/train_images/991522911.jpg,Cassava Mosaic Disease (CMD),CMD,Diagnostic : Cassava Mosaic Disease (CMD). Cette feuille de manioc présente des symptômes caractéristiques de cette condition.,False
/home/hounfodjidagba/learning/cassava/data/cmd_004/uuid_6256d2d9-0dbf-4064-aca1-4134d545ac32.jpg,CMD,CMD,Diagnostic : Cassava Mosaic Disease (CMD). Cette feuille de manioc présente des symptômes caractéristiques de cette condition.,True
/home/hounfodjidagba/learning/cassava/data/cassava/train/cgm/train-cgm-29.jpg,Cassava Green Mottle (CGM),CBSD,Diagnostic : Cassava Brown Streak Disease (CBSD). Cette feuille de manioc présente des symptômes caractéristiques de cette condition.,False
/home/hounfodjidagba/learning/cassava/data/raw/train_images/942994246.jpg,CBB,CGM,Diagnostic : Cassava Green Mottle (CGM). Cette feuille de manioc présente des symptômes caractéristiques de cette condition.,False
/home/hounfodjidagba/learning/cassava/data/cassava/train/cmd/train-cmd-1071.jpg,Cassava Mosaic Disease (CMD),CMD,Diagnostic : Cassava Mosaic Disease (CMD). Cette feuille de manioc présente des symptômes caractéristiques de cette condition.,False
/home/hounfodjidagba/learning/cassava/data/cassava/train/cbb/train-cbb-7.jpg,CBB,CBB,Diagnostic : Cassava Bacterial Blight (CBB). Cette feuille de manioc présente des symptômes caractéristiques de cette condition.,True
/home/hounfodjidagba/learning/cassava/data/cbsd-1/1617103266012.jpg,Cassava Brown Streak Disease (CBSD),CBSD,Diagnostic : Cassava Brown Streak Disease (CBSD). Cette feuille de manioc présente des symptômes caractéristiques de cette condition.,False
/home/hounfodjidagba/learning/cassava/data/raw/train_images/4165966394.jpg,CGM,Healthy,Diagnostic : Healthy. Cette feuille de manioc présente des symptômes caractéristiques de cette condition.,False
/home/hounfodjidagba/learning/cassava/data/raw/train_images/427517931.jpg,CMD,CMD,Diagnostic : Cassava Mosaic Disease (CMD). Cette feuille de manioc présente des symptômes caractéristiques de cette condition.,True
/home/hounfodjidagba/learning/cassava/data/raw/train_images/1879780359.jpg,Cassava Green Mottle (CGM),CGM,Diagnostic : Cassava Green Mottle (CGM). Cette feuille de manioc présente des symptômes caractéristiques de cette condition.,False
/home/hounfodjidagba/learning/cassava/data/raw/train_images/4042037111.jpg,CGM,CGM,Diagnostic : Cassava Green Mottle (CGM). Cette feuille de manioc présente des symptômes caractéristiques de cette condition.,True
/home/hounfodjidagba/learning/cassava/data/cassava/train/cmd/train-cmd-2032.jpg,Cassava Mosaic Disease (CMD),CMD,Diagnostic : Cassava Mosaic Disease (CMD). Cette feuille de manioc présente des symptômes caractéristiques de cette condition.,False
/home/hounfodjidagba/learning/cassava/data/raw/train_images/3646458335.jpg,Cassava Mosaic Disease (CMD),CMD,Diagnostic : Cassava Mosaic Disease (CMD). Cette feuille de manioc présente des symptômes caractéristiques de cette condition.,False
/home/hounfodjidagba/learning/cassava/data/cbsd-1/1617093492751.jpg,Cassava Brown Streak Disease (CBSD),CBSD,Diagnostic : Cassava Brown Streak Disease (CBSD). Cette feuille de manioc présente des symptômes caractéristiques de cette condition.,False
/home/hounfodjidagba/learning/cassava/data/cmd_003/uuid_5c8654ff-2457-4598-a4cc-6791fd1bffbd.jpg,CMD,CMD,Diagnostic : Cassava Mosaic Disease (CMD). Cette feuille de manioc présente des symptômes caractéristiques de cette condition.,True
/home/hounfodjidagba/learning/cassava/data/raw/train_images/2549924548.jpg,CMD,CMD,Diagnostic : Cassava Mosaic Disease (CMD). Cette feuille de manioc présente des symptômes caractéristiques de cette condition.,True
/home/hounfodjidagba/learning/cassava/data/raw/train_images/550429661.jpg,Cassava Mosaic Disease (CMD),CMD,Diagnostic : Cassava Mosaic Disease (CMD). Cette feuille de manioc présente des symptômes caractéristiques de cette condition.,False
/home/hounfodjidagba/learning/cassava/data/raw/train_images/1852547447.jpg,CMD,CMD,Diagnostic : Cassava Mosaic Disease (CMD). Cette feuille de manioc présente des symptômes caractéristiques de cette condition.,True
/home/hounfodjidagba/learning/cassava/data/healthy_001/1616854946455.jpg,Healthy,Healthy,Diagnostic : Healthy. Cette feuille de manioc présente des symptômes caractéristiques de cette condition.,True
/home/hounfodjidagba/learning/cassava/data/raw/train_images/1360403534.jpg,Cassava Mosaic Disease (CMD),CMD,Diagnostic : Cassava Mosaic Disease (CMD). Cette feuille de manioc présente des symptômes caractéristiques de cette condition.,False
/home/hounfodjidagba/learning/cassava/data/raw/train_images/22910447.jpg,CMD,CMD,Diagnostic : Cassava Mosaic Disease (CMD). Cette feuille de manioc présente des symptômes caractéristiques de cette condition.,True
/home/hounfodjidagba/learning/cassava/data/cassava/train/cgm/train-cgm-333.jpg,CGM,CGM,Diagnostic : Cassava Green Mottle (CGM). Cette feuille de manioc présente des symptômes caractéristiques de cette condition.,True
/home/hounfodjidagba/learning/cassava/data/raw/train_images/1634651167.jpg,Cassava Mosaic Disease (CMD),CMD,Diagnostic : Cassava Mosaic Disease (CMD). Cette feuille de manioc présente des symptômes caractéristiques de cette condition.,False
/home/hounfodjidagba/learning/cassava/data/raw/train_images/361834940.jpg,Healthy,CMD,Diagnostic : Cassava Mosaic Disease (CMD). Cette feuille de manioc présente des symptômes caractéristiques de cette condition.,False
/home/hounfodjidagba/learning/cassava/data/raw/train_images/3674440571.jpg,Cassava Mosaic Disease (CMD),CMD,Diagnostic : Cassava Mosaic Disease (CMD). Cette feuille de manioc présente des symptômes caractéristiques de cette condition.,False
/home/hounfodjidagba/learning/cassava/data/cassava/train/cbsd/train-cbsd-1096.jpg,CBSD,CBB,Diagnostic : Cassava Bacterial Blight (CBB). Cette feuille de manioc présente des symptômes caractéristiques de cette condition.,False
/home/hounfodjidagba/learning/cassava/data/cbsd-1/1617103372373.jpg,CBSD,CBSD,Diagnostic : Cassava Brown Streak Disease (CBSD). Cette feuille de manioc présente des symptômes caractéristiques de cette condition.,True
/home/hounfodjidagba/learning/cassava/data/raw/train_images/4231168569.jpg,CMD,CMD,Diagnostic : Cassava Mosaic Disease (CMD). Cette feuille de manioc présente des symptômes caractéristiques de cette condition.,True
/home/hounfodjidagba/learning/cassava/data/cassava/train/cbsd/train-cbsd-1441.jpg,Cassava Brown Streak Disease (CBSD),Healthy,Diagnostic : Healthy. Cette feuille de manioc présente des symptômes caractéristiques de cette condition.,False
/home/hounfodjidagba/learning/cassava/data/cassava/train/cgm/train-cgm-572.jpg,Cassava Green Mottle (CGM),CGM,Diagnostic : Cassava Green Mottle (CGM). Cette feuille de manioc présente des symptômes caractéristiques de cette condition.,False
/home/hounfodjidagba/learning/cassava/data/raw/train_images/323035134.jpg,CGM,CGM,Diagnostic : Cassava Green Mottle (CGM). Cette feuille de manioc présente des symptômes caractéristiques de cette condition.,True
/home/hounfodjidagba/learning/cassava/data/raw/train_images/3810425289.jpg,Cassava Bacterial Blight (CBB),CBB,Diagnostic : Cassava Bacterial Blight (CBB). Cette feuille de manioc présente des symptômes caractéristiques de cette condition.,False
/home/hounfodjidagba/learning/cassava/data/raw/train_images/1527268117.jpg,Cassava Mosaic Disease (CMD),CMD,Diagnostic : Cassava Mosaic Disease (CMD). Cette feuille de manioc présente des symptômes caractéristiques de cette condition.,False
/home/hounfodjidagba/learning/cassava/data/raw/train_images/3620010252.jpg,Healthy,Healthy,Diagnostic : Healthy. Cette feuille de manioc présente des symptômes caractéristiques de cette condition.,True
/home/hounfodjidagba/learning/cassava/data/raw/train_images/2276860012.jpg,Cassava Bacterial Blight (CBB),CBB,Diagnostic : Cassava Bacterial Blight (CBB). Cette feuille de manioc présente des symptômes caractéristiques de cette condition.,False
/home/hounfodjidagba/learning/cassava/data/cassava/train/cgm/train-cgm-73.jpg,Cassava Green Mottle (CGM),CGM,Diagnostic : Cassava Green Mottle (CGM). Cette feuille de manioc présente des symptômes caractéristiques de cette condition.,False
/home/hounfodjidagba/learning/cassava/data/raw/train_images/256421932.jpg,CMD,CMD,Diagnostic : Cassava Mosaic Disease (CMD). Cette feuille de manioc présente des symptômes caractéristiques de cette condition.,True
/home/hounfodjidagba/learning/cassava/data/cmd_001/1616997316259.jpg,CMD,CMD,Diagnostic : Cassava Mosaic Disease (CMD). Cette feuille de manioc présente des symptômes caractéristiques de cette condition.,True
/home/hounfodjidagba/learning/cassava/data/raw/train_images/2621080584.jpg,Healthy,Healthy,Diagnostic : Healthy. Cette feuille de manioc présente des symptômes caractéristiques de cette condition.,True
/home/hounfodjidagba/learning/cassava/data/raw/train_images/2400136400.jpg,CMD,CMD,Diagnostic : Cassava Mosaic Disease (CMD). Cette feuille de manioc présente des symptômes caractéristiques de cette condition.,True
/home/hounfodjidagba/learning/cassava/data/raw/train_images/2022806840.jpg,Healthy,Healthy,Diagnostic : Healthy. Cette feuille de manioc présente des symptômes caractéristiques de cette condition.,True
/home/hounfodjidagba/learning/cassava/data/raw/train_images/938751255.jpg,CGM,CMD,Diagnostic : Cassava Mosaic Disease (CMD). Cette feuille de manioc présente des symptômes caractéristiques de cette condition.,False
/home/hounfodjidagba/learning/cassava/data/cbsd-2/1617107017809.jpg,Cassava Brown Streak Disease (CBSD),CBSD,Diagnostic : Cassava Brown Streak Disease (CBSD). Cette feuille de manioc présente des symptômes caractéristiques de cette condition.,False
/home/hounfodjidagba/learning/cassava/data/raw/train_images/1939082470.jpg,CMD,CMD,Diagnostic : Cassava Mosaic Disease (CMD). Cette feuille de manioc présente des symptômes caractéristiques de cette condition.,True
/home/hounfodjidagba/learning/cassava/data/cmd_001/1616855054272.jpg,Cassava Mosaic Disease (CMD),CMD,Diagnostic : Cassava Mosaic Disease (CMD). Cette feuille de manioc présente des symptômes caractéristiques de cette condition.,False
/home/hounfodjidagba/learning/cassava/data/raw/train_images/3661246371.jpg,Cassava Mosaic Disease (CMD),CMD,Diagnostic : Cassava Mosaic Disease (CMD). Cette feuille de manioc présente des symptômes caractéristiques de cette condition.,False
/home/hounfodjidagba/learning/cassava/data/cbsd-2/1617170854878.jpg,Cassava Brown Streak Disease (CBSD),CBSD,Diagnostic : Cassava Brown Streak Disease (CBSD). Cette feuille de manioc présente des symptômes caractéristiques de cette condition.,False
/home/hounfodjidagba/learning/cassava/data/raw/train_images/1129442307.jpg,CGM,CGM,Diagnostic : Cassava Green Mottle (CGM). Cette feuille de manioc présente des symptômes caractéristiques de cette condition.,True
/home/hounfodjidagba/learning/cassava/data/raw/train_images/1850804110.jpg,CMD,CGM,Diagnostic : Cassava Green Mottle (CGM). Cette feuille de manioc présente des symptômes caractéristiques de cette condition.,False
/home/hounfodjidagba/learning/cassava/data/cassava/train/cgm/train-cgm-273.jpg,Cassava Green Mottle (CGM),CMD,Diagnostic : Cassava Mosaic Disease (CMD). Cette feuille de manioc présente des symptômes caractéristiques de cette condition.,False
/home/hounfodjidagba/learning/cassava/data/raw/train_images/1029560899.jpg,CMD,CMD,Diagnostic : Cassava Mosaic Disease (CMD). Cette feuille de manioc présente des symptômes caractéristiques de cette condition.,True
/home/hounfodjidagba/learning/cassava/data/cbsd-2/1617175562197.jpg,CBSD,CBSD,Diagnostic : Cassava Brown Streak Disease (CBSD). Cette feuille de manioc présente des symptômes caractéristiques de cette condition.,True
/home/hounfodjidagba/learning/cassava/data/raw/train_images/2647322567.jpg,CBB,CBB,Diagnostic : Cassava Bacterial Blight (CBB). Cette feuille de manioc présente des symptômes caractéristiques de cette condition.,True
/home/hounfodjidagba/learning/cassava/data/raw/train_images/2505105042.jpg,Cassava Mosaic Disease (CMD),CMD,Diagnostic : Cassava Mosaic Disease (CMD). Cette feuille de manioc présente des symptômes caractéristiques de cette condition.,False
/home/hounfodjidagba/learning/cassava/data/raw/train_images/647038320.jpg,Cassava Green Mottle (CGM),CGM,Diagnostic : Cassava Green Mottle (CGM). Cette feuille de manioc présente des symptômes caractéristiques de cette condition.,False
/home/hounfodjidagba/learning/cassava/data/cassava/train/cbsd/train-cbsd-520.jpg,CBSD,CGM,Diagnostic : Cassava Green Mottle (CGM). Cette feuille de manioc présente des symptômes caractéristiques de cette condition.,False
/home/hounfodjidagba/learning/cassava/data/raw/train_images/1999233979.jpg,CMD,CMD,Diagnostic : Cassava Mosaic Disease (CMD). Cette feuille de manioc présente des symptômes caractéristiques de cette condition.,True
/home/hounfodjidagba/learning/cassava/data/raw/train_images/847610100.jpg,CMD,CMD,Diagnostic : Cassava Mosaic Disease (CMD). Cette feuille de manioc présente des symptômes caractéristiques de cette condition.,True
/home/hounfodjidagba/learning/cassava/data/healthy_001/1617001964994.jpg,Healthy,Healthy,Diagnostic : Healthy. Cette feuille de manioc présente des symptômes caractéristiques de cette condition.,True
/home/hounfodjidagba/learning/cassava/data/raw/train_images/2948143920.jpg,Cassava Green Mottle (CGM),CGM,Diagnostic : Cassava Green Mottle (CGM). Cette feuille de manioc présente des symptômes caractéristiques de cette condition.,False
/home/hounfodjidagba/learning/cassava/data/cassava/train/cbb/train-cbb-225.jpg,Cassava Bacterial Blight (CBB),CBB,Diagnostic : Cassava Bacterial Blight (CBB). Cette feuille de manioc présente des symptômes caractéristiques de cette condition.,False
/home/hounfodjidagba/learning/cassava/data/cbsd-1/1617104685268.jpg,Cassava Brown Streak Disease (CBSD),CBSD,Diagnostic : Cassava Brown Streak Disease (CBSD). Cette feuille de manioc présente des symptômes caractéristiques de cette condition.,False
/home/hounfodjidagba/learning/cassava/data/cmd_001/1616998302701.jpg,CMD,CMD,Diagnostic : Cassava Mosaic Disease (CMD). Cette feuille de manioc présente des symptômes caractéristiques de cette condition.,True
/home/hounfodjidagba/learning/cassava/data/cbsd-2/1617106986864.jpg,CBSD,CBSD,Diagnostic : Cassava Brown Streak Disease (CBSD). Cette feuille de manioc présente des symptômes caractéristiques de cette condition.,True
/home/hounfodjidagba/learning/cassava/data/cbsd-2/1617171110549.jpg,CBSD,CBSD,Diagnostic : Cassava Brown Streak Disease (CBSD). Cette feuille de manioc présente des symptômes caractéristiques de cette condition.,True
/home/hounfodjidagba/learning/cassava/data/raw/train_images/4068398781.jpg,Healthy,Healthy,Diagnostic : Healthy. Cette feuille de manioc présente des symptômes caractéristiques de cette condition.,True
/home/hounfodjidagba/learning/cassava/data/raw/train_images/4250554784.jpg,Cassava Bacterial Blight (CBB),Healthy,Diagnostic : Healthy. Cette feuille de manioc présente des symptômes caractéristiques de cette condition.,False
/home/hounfodjidagba/learning/cassava/data/cassava/train/cbsd/train-cbsd-218.jpg,CBSD,CBSD,Diagnostic : Cassava Brown Streak Disease (CBSD). Cette feuille de manioc présente des symptômes caractéristiques de cette condition.,True
/home/hounfodjidagba/learning/cassava/data/cassava/train/cmd/train-cmd-1476.jpg,Cassava Mosaic Disease (CMD),CMD,Diagnostic : Cassava Mosaic Disease (CMD). Cette feuille de manioc présente des symptômes caractéristiques de cette condition.,False
/home/hounfodjidagba/learning/cassava/data/cassava/train/healthy/train-healthy-193.jpg,Healthy,Healthy,Diagnostic : Healthy. Cette feuille de manioc présente des symptômes caractéristiques de cette condition.,True
/home/hounfodjidagba/learning/cassava/data/raw/train_images/2660718512.jpg,CBSD,CMD,Diagnostic : Cassava Mosaic Disease (CMD). Cette feuille de manioc présente des symptômes caractéristiques de cette condition.,False
/home/hounfodjidagba/learning/cassava/data/cbsd-2/1617175027101.jpg,CBSD,CBSD,Diagnostic : Cassava Brown Streak Disease (CBSD). Cette feuille de manioc présente des symptômes caractéristiques de cette condition.,True
/home/hounfodjidagba/learning/cassava/data/cassava/train/cbb/train-cbb-289.jpg,Cassava Bacterial Blight (CBB),CMD,Diagnostic : Cassava Mosaic Disease (CMD). Cette feuille de manioc présente des symptômes caractéristiques de cette condition.,False
/home/hounfodjidagba/learning/cassava/data/raw/train_images/4268211199.jpg,CMD,CMD,Diagnostic : Cassava Mosaic Disease (CMD). Cette feuille de manioc présente des symptômes caractéristiques de cette condition.,True
/home/hounfodjidagba/learning/cassava/data/raw/train_images/1485387248.jpg,Cassava Green Mottle (CGM),CGM,Diagnostic : Cassava Green Mottle (CGM). Cette feuille de manioc présente des symptômes caractéristiques de cette condition.,False
/home/hounfodjidagba/learning/cassava/data/raw/train_images/786525788.jpg,CMD,CBSD,Diagnostic : Cassava Brown Streak Disease (CBSD). Cette feuille de manioc présente des symptômes caractéristiques de cette condition.,False
/home/hounfodjidagba/learning/cassava/data/raw/train_images/4087523720.jpg,Cassava Green Mottle (CGM),CBSD,Diagnostic : Cassava Brown Streak Disease (CBSD). Cette feuille de manioc présente des symptômes caractéristiques de cette condition.,False
/home/hounfodjidagba/learning/cassava/data/raw/train_images/2473638974.jpg,CGM,CGM,Diagnostic : Cassava Green Mottle (CGM). Cette feuille de manioc présente des symptômes caractéristiques de cette condition.,True
/home/hounfodjidagba/learning/cassava/data/cmd_002/uuid_1fee3508-744d-4f5b-b294-481dfeb94785.jpg,Cassava Mosaic Disease (CMD),CMD,Diagnostic : Cassava Mosaic Disease (CMD). Cette feuille de manioc présente des symptômes caractéristiques de cette condition.,False
/home/hounfodjidagba/learning/cassava/data/raw/train_images/2653828415.jpg,CBB,CBSD,Diagnostic : Cassava Brown Streak Disease (CBSD). Cette feuille de manioc présente des symptômes caractéristiques de cette condition.,False
/home/hounfodjidagba/learning/cassava/data/raw/train_images/2196894947.jpg,CMD,CMD,Diagnostic : Cassava Mosaic Disease (CMD). Cette feuille de manioc présente des symptômes caractéristiques de cette condition.,True
/home/hounfodjidagba/learning/cassava/data/cbsd-1/1616834156069.jpg,Cassava Brown Streak Disease (CBSD),CBSD,Diagnostic : Cassava Brown Streak Disease (CBSD). Cette feuille de manioc présente des symptômes caractéristiques de cette condition.,False
/home/hounfodjidagba/learning/cassava/data/cmd_005/uuid_8e023737-0a21-471c-8365-7f3fc7e7f4e1.jpg,CMD,CMD,Diagnostic : Cassava Mosaic Disease (CMD). Cette feuille de manioc présente des symptômes caractéristiques de cette condition.,True
/home/hounfodjidagba/learning/cassava/data/cassava/train/cbsd/train-cbsd-155.jpg,Cassava Brown Streak Disease (CBSD),CBSD,Diagnostic : Cassava Brown Streak Disease (CBSD). Cette feuille de manioc présente des symptômes caractéristiques de cette condition.,False
/home/hounfodjidagba/learning/cassava/data/raw/train_images/2610204498.jpg,Cassava Mosaic Disease (CMD),CMD,Diagnostic : Cassava Mosaic Disease (CMD). Cette feuille de manioc présente des symptômes caractéristiques de cette condition.,False
/home/hounfodjidagba/learning/cassava/data/cmd_004/uuid_d86ee303-3a71-4cc4-8dcd-a15746bdfe2c.jpg,Cassava Mosaic Disease (CMD),CMD,Diagnostic : Cassava Mosaic Disease (CMD). Cette feuille de manioc présente des symptômes caractéristiques de cette condition.,False
/home/hounfodjidagba/learning/cassava/data/raw/train_images/4203623611.jpg,Cassava Brown Streak Disease (CBSD),CBSD,Diagnostic : Cassava Brown Streak Disease (CBSD). Cette feuille de manioc présente des symptômes caractéristiques de cette condition.,False
/home/hounfodjidagba/learning/cassava/data/raw/train_images/2723167628.jpg,CMD,CMD,Diagnostic : Cassava Mosaic Disease (CMD). Cette feuille de manioc présente des symptômes caractéristiques de cette condition.,True
/home/hounfodjidagba/learning/cassava/data/cmd_005/uuid_65ed0c47-b085-4664-b613-a628ad9c0675.jpg,Cassava Mosaic Disease (CMD),CMD,Diagnostic : Cassava Mosaic Disease (CMD). Cette feuille de manioc présente des symptômes caractéristiques de cette condition.,False
/home/hounfodjidagba/learning/cassava/data/raw/train_images/1222634459.jpg,Cassava Mosaic Disease (CMD),CMD,Diagnostic : Cassava Mosaic Disease (CMD). Cette feuille de manioc présente des symptômes caractéristiques de cette condition.,False
/home/hounfodjidagba/learning/cassava/data/cbsd-2/1617106105224.jpg,CBSD,CBSD,Diagnostic : Cassava Brown Streak Disease (CBSD). Cette feuille de manioc présente des symptômes caractéristiques de cette condition.,True
/home/hounfodjidagba/learning/cassava/data/raw/train_images/3069991905.jpg,Cassava Mosaic Disease (CMD),CMD,Diagnostic : Cassava Mosaic Disease (CMD). Cette feuille de manioc présente des symptômes caractéristiques de cette condition.,False
/home/hounfodjidagba/learning/cassava/data/raw/train_images/329471118.jpg,Cassava Brown Streak Disease (CBSD),CBSD,Diagnostic : Cassava Brown Streak Disease (CBSD). Cette feuille de manioc présente des symptômes caractéristiques de cette condition.,False
/home/hounfodjidagba/learning/cassava/data/raw/train_images/1979482917.jpg,CGM,CGM,Diagnostic : Cassava Green Mottle (CGM). Cette feuille de manioc présente des symptômes caractéristiques de cette condition.,True
/home/hounfodjidagba/learning/cassava/data/raw/train_images/1883239637.jpg,Cassava Mosaic Disease (CMD),CMD,Diagnostic : Cassava Mosaic Disease (CMD). Cette feuille de manioc présente des symptômes caractéristiques de cette condition.,False
/home/hounfodjidagba/learning/cassava/data/cassava/train/cbb/train-cbb-296.jpg,CBB,CBB,Diagnostic : Cassava Bacterial Blight (CBB). Cette feuille de manioc présente des symptômes caractéristiques de cette condition.,True
/home/hounfodjidagba/learning/cassava/data/healthy_002/1616761405661.jpg,Healthy,Healthy,Diagnostic : Healthy. Cette feuille de manioc présente des symptômes caractéristiques de cette condition.,True
/home/hounfodjidagba/learning/cassava/data/raw/train_images/1929151368.jpg,Cassava Green Mottle (CGM),CGM,Diagnostic : Cassava Green Mottle (CGM). Cette feuille de manioc présente des symptômes caractéristiques de cette condition.,False
/home/hounfodjidagba/learning/cassava/data/raw/train_images/1654274202.jpg,CMD,CMD,Diagnostic : Cassava Mosaic Disease (CMD). Cette feuille de manioc présente des symptômes caractéristiques de cette condition.,True
/home/hounfodjidagba/learning/cassava/data/raw/train_images/1273209922.jpg,Cassava Mosaic Disease (CMD),CMD,Diagnostic : Cassava Mosaic Disease (CMD). Cette feuille de manioc présente des symptômes caractéristiques de cette condition.,False
/home/hounfodjidagba/learning/cassava/data/raw/train_images/1458153387.jpg,Healthy,CBSD,Diagnostic : Cassava Brown Streak Disease (CBSD). Cette feuille de manioc présente des symptômes caractéristiques de cette condition.,False
/home/hounfodjidagba/learning/cassava/data/cassava/train/cbb/train-cbb-225.jpg,CBB,CBB,Diagnostic : Cassava Bacterial Blight (CBB). Cette feuille de manioc présente des symptômes caractéristiques de cette condition.,True
/home/hounfodjidagba/learning/cassava/data/raw/train_images/2297160503.jpg,Cassava Mosaic Disease (CMD),CMD,Diagnostic : Cassava Mosaic Disease (CMD). Cette feuille de manioc présente des symptômes caractéristiques de cette condition.,False
/home/hounfodjidagba/learning/cassava/data/raw/train_images/1642673136.jpg,Healthy,Healthy,Diagnostic : Healthy. Cette feuille de manioc présente des symptômes caractéristiques de cette condition.,True
/home/hounfodjidagba/learning/cassava/data/cbsd-1/1617105653524.jpg,CBSD,CBSD,Diagnostic : Cassava Brown Streak Disease (CBSD). Cette feuille de manioc présente des symptômes caractéristiques de cette condition.,True
/home/hounfodjidagba/learning/cassava/data/raw/train_images/2744213928.jpg,Cassava Mosaic Disease (CMD),CMD,Diagnostic : Cassava Mosaic Disease (CMD). Cette feuille de manioc présente des symptômes caractéristiques de cette condition.,False
/home/hounfodjidagba/learning/cassava/data/cmd_005/uuid_16e1c43a-0ac8-429f-8ce8-afcacdad5d89.jpg,Cassava Mosaic Disease (CMD),CMD,Diagnostic : Cassava Mosaic Disease (CMD). Cette feuille de manioc présente des symptômes caractéristiques de cette condition.,False
/home/hounfodjidagba/learning/cassava/data/cassava/train/cbsd/train-cbsd-411.jpg,CBSD,CBSD,Diagnostic : Cassava Brown Streak Disease (CBSD). Cette feuille de manioc présente des symptômes caractéristiques de cette condition.,True
/home/hounfodjidagba/learning/cassava/data/raw/train_images/1448182015.jpg,Cassava Mosaic Disease (CMD),CMD,Diagnostic : Cassava Mosaic Disease (CMD). Cette feuille de manioc présente des symptômes caractéristiques de cette condition.,False
/home/hounfodjidagba/learning/cassava/data/raw/train_images/4038568741.jpg,CGM,CGM,Diagnostic : Cassava Green Mottle (CGM). Cette feuille de manioc présente des symptômes caractéristiques de cette condition.,True
/home/hounfodjidagba/learning/cassava/data/raw/train_images/2021964634.jpg,CBSD,CBSD,Diagnostic : Cassava Brown Streak Disease (CBSD). Cette feuille de manioc présente des symptômes caractéristiques de cette condition.,True
/home/hounfodjidagba/learning/cassava/data/raw/train_images/1564779862.jpg,Cassava Mosaic Disease (CMD),CMD,Diagnostic : Cassava Mosaic Disease (CMD). Cette feuille de manioc présente des symptômes caractéristiques de cette condition.,False
/home/hounfodjidagba/learning/cassava/data/cassava/train/cgm/train-cgm-629.jpg,CGM,CGM,Diagnostic : Cassava Green Mottle (CGM). Cette feuille de manioc présente des symptômes caractéristiques de cette condition.,True
/home/hounfodjidagba/learning/cassava/data/raw/train_images/1357797590.jpg,CBB,CBB,Diagnostic : Cassava Bacterial Blight (CBB). Cette feuille de manioc présente des symptômes caractéristiques de cette condition.,True
/home/hounfodjidagba/learning/cassava/data/raw/train_images/2279625140.jpg,Healthy,Healthy,Diagnostic : Healthy. Cette feuille de manioc présente des symptômes caractéristiques de cette condition.,True
/home/hounfodjidagba/learning/cassava/data/raw/train_images/667282886.jpg,Cassava Mosaic Disease (CMD),CMD,Diagnostic : Cassava Mosaic Disease (CMD). Cette feuille de manioc présente des symptômes caractéristiques de cette condition.,False
/home/hounfodjidagba/learning/cassava/data/cmd_001/1616997335388.jpg,CMD,CMD,Diagnostic : Cassava Mosaic Disease (CMD). Cette feuille de manioc présente des symptômes caractéristiques de cette condition.,True
/home/hounfodjidagba/learning/cassava/data/cassava/train/cmd/train-cmd-2588.jpg,Cassava Mosaic Disease (CMD),CMD,Diagnostic : Cassava Mosaic Disease (CMD). Cette feuille de manioc présente des symptômes caractéristiques de cette condition.,False
/home/hounfodjidagba/learning/cassava/data/raw/train_images/3589849323.jpg,CBSD,CBSD,Diagnostic : Cassava Brown Streak Disease (CBSD). Cette feuille de manioc présente des symptômes caractéristiques de cette condition.,True
/home/hounfodjidagba/learning/cassava/data/raw/train_images/2349124978.jpg,Cassava Green Mottle (CGM),CGM,Diagnostic : Cassava Green Mottle (CGM). Cette feuille de manioc présente des symptômes caractéristiques de cette condition.,False
/home/hounfodjidagba/learning/cassava/data/raw/train_images/334306326.jpg,CMD,CMD,Diagnostic : Cassava Mosaic Disease (CMD). Cette feuille de manioc présente des symptômes caractéristiques de cette condition.,True
/home/hounfodjidagba/learning/cassava/data/raw/train_images/369948630.jpg,Healthy,Healthy,Diagnostic : Healthy. Cette feuille de manioc présente des symptômes caractéristiques de cette condition.,True
/home/hounfodjidagba/learning/cassava/data/raw/train_images/785146800.jpg,CBB,CBB,Diagnostic : Cassava Bacterial Blight (CBB). Cette feuille de manioc présente des symptômes caractéristiques de cette condition.,True
/home/hounfodjidagba/learning/cassava/data/raw/train_images/1653535676.jpg,Cassava Mosaic Disease (CMD),CMD,Diagnostic : Cassava Mosaic Disease (CMD). Cette feuille de manioc présente des symptômes caractéristiques de cette condition.,False
/home/hounfodjidagba/learning/cassava/data/raw/train_images/1784483184.jpg,Cassava Brown Streak Disease (CBSD),CBSD,Diagnostic : Cassava Brown Streak Disease (CBSD). Cette feuille de manioc présente des symptômes caractéristiques de cette condition.,False
/home/hounfodjidagba/learning/cassava/data/raw/train_images/4228621377.jpg,CMD,CMD,Diagnostic : Cassava Mosaic Disease (CMD). Cette feuille de manioc présente des symptômes caractéristiques de cette condition.,True
/home/hounfodjidagba/learning/cassava/data/healthy_001/1617171863368.jpg,Healthy,Healthy,Diagnostic : Healthy. Cette feuille de manioc présente des symptômes caractéristiques de cette condition.,True
/home/hounfodjidagba/learning/cassava/data/raw/train_images/1508057647.jpg,CMD,CMD,Diagnostic : Cassava Mosaic Disease (CMD). Cette feuille de manioc présente des symptômes caractéristiques de cette condition.,True
/home/hounfodjidagba/learning/cassava/data/cassava/train/cmd/train-cmd-732.jpg,CMD,CMD,Diagnostic : Cassava Mosaic Disease (CMD). Cette feuille de manioc présente des symptômes caractéristiques de cette condition.,True
/home/hounfodjidagba/learning/cassava/data/cassava/train/cmd/train-cmd-1776.jpg,Cassava Mosaic Disease (CMD),CMD,Diagnostic : Cassava Mosaic Disease (CMD). Cette feuille de manioc présente des symptômes caractéristiques de cette condition.,False
/home/hounfodjidagba/learning/cassava/data/raw/train_images/2041267183.jpg,Cassava Mosaic Disease (CMD),CMD,Diagnostic : Cassava Mosaic Disease (CMD). Cette feuille de manioc présente des symptômes caractéristiques de cette condition.,False
/home/hounfodjidagba/learning/cassava/data/raw/train_images/1522449555.jpg,Cassava Bacterial Blight (CBB),CBB,Diagnostic : Cassava Bacterial Blight (CBB). Cette feuille de manioc présente des symptômes caractéristiques de cette condition.,False
/home/hounfodjidagba/learning/cassava/data/cassava/train/cmd/train-cmd-1605.jpg,CMD,CMD,Diagnostic : Cassava Mosaic Disease (CMD). Cette feuille de manioc présente des symptômes caractéristiques de cette condition.,True
/home/hounfodjidagba/learning/cassava/data/raw/train_images/2322601993.jpg,CGM,Healthy,Diagnostic : Healthy. Cette feuille de manioc présente des symptômes caractéristiques de cette condition.,False
/home/hounfodjidagba/learning/cassava/data/raw/train_images/1083681960.jpg,CGM,CGM,Diagnostic : Cassava Green Mottle (CGM). Cette feuille de manioc présente des symptômes caractéristiques de cette condition.,True
/home/hounfodjidagba/learning/cassava/data/raw/train_images/2856433123.jpg,CGM,CGM,Diagnostic : Cassava Green Mottle (CGM). Cette feuille de manioc présente des symptômes caractéristiques de cette condition.,True
/home/hounfodjidagba/learning/cassava/data/raw/train_images/3313811273.jpg,CGM,CMD,Diagnostic : Cassava Mosaic Disease (CMD). Cette feuille de manioc présente des symptômes caractéristiques de cette condition.,False
/home/hounfodjidagba/learning/cassava/data/cassava/train/cbsd/train-cbsd-11.jpg,Cassava Brown Streak Disease (CBSD),CBSD,Diagnostic : Cassava Brown Streak Disease (CBSD). Cette feuille de manioc présente des symptômes caractéristiques de cette condition.,False
/home/hounfodjidagba/learning/cassava/data/cbsd-1/1617092001152.jpg,Cassava Brown Streak Disease (CBSD),CBSD,Diagnostic : Cassava Brown Streak Disease (CBSD). Cette feuille de manioc présente des symptômes caractéristiques de cette condition.,False
/home/hounfodjidagba/learning/cassava/data/cmd_003/uuid_4dcd1542-e5aa-4f39-a751-712b2518bc99.jpg,CMD,CMD,Diagnostic : Cassava Mosaic Disease (CMD). Cette feuille de manioc présente des symptômes caractéristiques de cette condition.,True
/home/hounfodjidagba/learning/cassava/data/cassava/train/cgm/train-cgm-520.jpg,Cassava Green Mottle (CGM),CGM,Diagnostic : Cassava Green Mottle (CGM). Cette feuille de manioc présente des symptômes caractéristiques de cette condition.,False
/home/hounfodjidagba/learning/cassava/data/healthy_002/1616768143574.jpg,Healthy,Healthy,Diagnostic : Healthy. Cette feuille de manioc présente des symptômes caractéristiques de cette condition.,True
/home/hounfodjidagba/learning/cassava/data/healthy_002/1616747074980.jpg,Healthy,CGM,Diagnostic : Cassava Green Mottle (CGM). Cette feuille de manioc présente des symptômes caractéristiques de cette condition.,False
/home/hounfodjidagba/learning/cassava/data/raw/train_images/81164598.jpg,CMD,CMD,Diagnostic : Cassava Mosaic Disease (CMD). Cette feuille de manioc présente des symptômes caractéristiques de cette condition.,True
/home/hounfodjidagba/learning/cassava/data/raw/train_images/1422781530.jpg,Healthy,Healthy,Diagnostic : Healthy. Cette feuille de manioc présente des symptômes caractéristiques de cette condition.,True
/home/hounfodjidagba/learning/cassava/data/cmd_004/uuid_938bf824-a04b-45c0-9fca-fb3c955c6d9d.jpg,CMD,CMD,Diagnostic : Cassava Mosaic Disease (CMD). Cette feuille de manioc présente des symptômes caractéristiques de cette condition.,True
/home/hounfodjidagba/learning/cassava/data/cmd_001/1616911723608.jpg,CMD,CMD,Diagnostic : Cassava Mosaic Disease (CMD). Cette feuille de manioc présente des symptômes caractéristiques de cette condition.,True
/home/hounfodjidagba/learning/cassava/data/cmd_004/uuid_844632eb-930f-4acd-9e11-b77238522e3a.jpg,CMD,CMD,Diagnostic : Cassava Mosaic Disease (CMD). Cette feuille de manioc présente des symptômes caractéristiques de cette condition.,True
/home/hounfodjidagba/learning/cassava/data/raw/train_images/3973974283.jpg,CMD,CMD,Diagnostic : Cassava Mosaic Disease (CMD). Cette feuille de manioc présente des symptômes caractéristiques de cette condition.,True
/home/hounfodjidagba/learning/cassava/data/cassava/train/cbsd/train-cbsd-994.jpg,CBSD,CBSD,Diagnostic : Cassava Brown Streak Disease (CBSD). Cette feuille de manioc présente des symptômes caractéristiques de cette condition.,True
/home/hounfodjidagba/learning/cassava/data/raw/train_images/2566980957.jpg,CMD,CMD,Diagnostic : Cassava Mosaic Disease (CMD). Cette feuille de manioc présente des symptômes caractéristiques de cette condition.,True
/home/hounfodjidagba/learning/cassava/data/raw/train_images/2336293971.jpg,CMD,CMD,Diagnostic : Cassava Mosaic Disease (CMD). Cette feuille de manioc présente des symptômes caractéristiques de cette condition.,True
/home/hounfodjidagba/learning/cassava/data/raw/train_images/3099914588.jpg,Healthy,Healthy,Diagnostic : Healthy. Cette feuille de manioc présente des symptômes caractéristiques de cette condition.,True
/home/hounfodjidagba/learning/cassava/data/raw/train_images/2351670510.jpg,Cassava Mosaic Disease (CMD),CMD,Diagnostic : Cassava Mosaic Disease (CMD). Cette feuille de manioc présente des symptômes caractéristiques de cette condition.,False
/home/hounfodjidagba/learning/cassava/data/cassava/train/cbb/train-cbb-42.jpg,Cassava Bacterial Blight (CBB),CBB,Diagnostic : Cassava Bacterial Blight (CBB). Cette feuille de manioc présente des symptômes caractéristiques de cette condition.,False
/home/hounfodjidagba/learning/cassava/data/cmd_002/uuid_02eb5a29-70c6-4590-871e-4aed8cfe5d4a.jpg,CMD,CMD,Diagnostic : Cassava Mosaic Disease (CMD). Cette feuille de manioc présente des symptômes caractéristiques de cette condition.,True
/home/hounfodjidagba/learning/cassava/data/raw/train_images/1706555718.jpg,CGM,CGM,Diagnostic : Cassava Green Mottle (CGM). Cette feuille de manioc présente des symptômes caractéristiques de cette condition.,True
/home/hounfodjidagba/learning/cassava/data/cbsd-1/1617097329675.jpg,Cassava Brown Streak Disease (CBSD),CBSD,Diagnostic : Cassava Brown Streak Disease (CBSD). Cette feuille de manioc présente des symptômes caractéristiques de cette condition.,False
/home/hounfodjidagba/learning/cassava/data/raw/train_images/3293029468.jpg,CMD,CMD,Diagnostic : Cassava Mosaic Disease (CMD). Cette feuille de manioc présente des symptômes caractéristiques de cette condition.,True
/home/hounfodjidagba/learning/cassava/data/raw/train_images/1880623255.jpg,Healthy,Healthy,Diagnostic : Healthy. Cette feuille de manioc présente des symptômes caractéristiques de cette condition.,True
/home/hounfodjidagba/learning/cassava/data/cassava/train/cbb/train-cbb-320.jpg,CBB,CBB,Diagnostic : Cassava Bacterial Blight (CBB). Cette feuille de manioc présente des symptômes caractéristiques de cette condition.,True
/home/hounfodjidagba/learning/cassava/data/raw/train_images/2800062911.jpg,Healthy,Healthy,Diagnostic : Healthy. Cette feuille de manioc présente des symptômes caractéristiques de cette condition.,True
/home/hounfodjidagba/learning/cassava/data/raw/train_images/969069572.jpg,Cassava Bacterial Blight (CBB),CBB,Diagnostic : Cassava Bacterial Blight (CBB). Cette feuille de manioc présente des symptômes caractéristiques de cette condition.,False
/home/hounfodjidagba/learning/cassava/data/raw/train_images/813262235.jpg,CMD,CMD,Diagnostic : Cassava Mosaic Disease (CMD). Cette feuille de manioc présente des symptômes caractéristiques de cette condition.,True
/home/hounfodjidagba/learning/cassava/data/raw/train_images/2603033140.jpg,CMD,CMD,Diagnostic : Cassava Mosaic Disease (CMD). Cette feuille de manioc présente des symptômes caractéristiques de cette condition.,True
/home/hounfodjidagba/learning/cassava/data/raw/train_images/674072472.jpg,Cassava Mosaic Disease (CMD),CMD,Diagnostic : Cassava Mosaic Disease (CMD). Cette feuille de manioc présente des symptômes caractéristiques de cette condition.,False
/home/hounfodjidagba/learning/cassava/data/raw/train_images/2944161091.jpg,Cassava Bacterial Blight (CBB),CBB,Diagnostic : Cassava Bacterial Blight (CBB). Cette feuille de manioc présente des symptômes caractéristiques de cette condition.,False
/home/hounfodjidagba/learning/cassava/data/cassava/train/cbsd/train-cbsd-154.jpg,CBSD,CBSD,Diagnostic : Cassava Brown Streak Disease (CBSD). Cette feuille de manioc présente des symptômes caractéristiques de cette condition.,True
/home/hounfodjidagba/learning/cassava/data/raw/train_images/539448425.jpg,CGM,Healthy,Diagnostic : Healthy. Cette feuille de manioc présente des symptômes caractéristiques de cette condition.,False
/home/hounfodjidagba/learning/cassava/data/cassava/train/cbsd/train-cbsd-552.jpg,Cassava Brown Streak Disease (CBSD),CBB,Diagnostic : Cassava Bacterial Blight (CBB). Cette feuille de manioc présente des symptômes caractéristiques de cette condition.,False
/home/hounfodjidagba/learning/cassava/data/raw/train_images/3368271822.jpg,Cassava Bacterial Blight (CBB),CBB,Diagnostic : Cassava Bacterial Blight (CBB). Cette feuille de manioc présente des symptômes caractéristiques de cette condition.,False
/home/hounfodjidagba/learning/cassava/data/raw/train_images/3376933694.jpg,CMD,CMD,Diagnostic : Cassava Mosaic Disease (CMD). Cette feuille de manioc présente des symptômes caractéristiques de cette condition.,True
/home/hounfodjidagba/learning/cassava/data/cbsd-1/1617103509850.jpg,CBSD,CBSD,Diagnostic : Cassava Brown Streak Disease (CBSD). Cette feuille de manioc présente des symptômes caractéristiques de cette condition.,True
/home/hounfodjidagba/learning/cassava/data/raw/train_images/1213348737.jpg,CGM,CGM,Diagnostic : Cassava Green Mottle (CGM). Cette feuille de manioc présente des symptômes caractéristiques de cette condition.,True
/home/hounfodjidagba/learning/cassava/data/raw/train_images/996947690.jpg,CGM,CGM,Diagnostic : Cassava Green Mottle (CGM). Cette feuille de manioc présente des symptômes caractéristiques de cette condition.,True
/home/hounfodjidagba/learning/cassava/data/raw/train_images/3129711304.jpg,CGM,CGM,Diagnostic : Cassava Green Mottle (CGM). Cette feuille de manioc présente des symptômes caractéristiques de cette condition.,True
/home/hounfodjidagba/learning/cassava/data/raw/train_images/1368162685.jpg,Cassava Green Mottle (CGM),CGM,Diagnostic : Cassava Green Mottle (CGM). Cette feuille de manioc présente des symptômes caractéristiques de cette condition.,False
/home/hounfodjidagba/learning/cassava/data/raw/train_images/3561069837.jpg,CMD,CMD,Diagnostic : Cassava Mosaic Disease (CMD). Cette feuille de manioc présente des symptômes caractéristiques de cette condition.,True
/home/hounfodjidagba/learning/cassava/data/cmd_002/uuid_1c73f588-1222-40b7-89ba-a202528df0d7.jpg,CMD,CMD,Diagnostic : Cassava Mosaic Disease (CMD). Cette feuille de manioc présente des symptômes caractéristiques de cette condition.,True
/home/hounfodjidagba/learning/cassava/data/raw/train_images/2007737070.jpg,Cassava Bacterial Blight (CBB),Healthy,Diagnostic : Healthy. Cette feuille de manioc présente des symptômes caractéristiques de cette condition.,False
/home/hounfodjidagba/learning/cassava/data/cassava/train/healthy/train-healthy-42.jpg,Healthy,Healthy,Diagnostic : Healthy. Cette feuille de manioc présente des symptômes caractéristiques de cette condition.,True
/home/hounfodjidagba/learning/cassava/data/cassava/train/cmd/train-cmd-967.jpg,Cassava Mosaic Disease (CMD),CMD,Diagnostic : Cassava Mosaic Disease (CMD). Cette feuille de manioc présente des symptômes caractéristiques de cette condition.,False
/home/hounfodjidagba/learning/cassava/data/raw/train_images/3217518680.jpg,CMD,CMD,Diagnostic : Cassava Mosaic Disease (CMD). Cette feuille de manioc présente des symptômes caractéristiques de cette condition.,True
/home/hounfodjidagba/learning/cassava/data/raw/train_images/4241010942.jpg,Cassava Mosaic Disease (CMD),CMD,Diagnostic : Cassava Mosaic Disease (CMD). Cette feuille de manioc présente des symptômes caractéristiques de cette condition.,False
/home/hounfodjidagba/learning/cassava/data/raw/train_images/1458603668.jpg,Cassava Bacterial Blight (CBB),Healthy,Diagnostic : Healthy. Cette feuille de manioc présente des symptômes caractéristiques de cette condition.,False
/home/hounfodjidagba/learning/cassava/data/raw/train_images/1640474743.jpg,CMD,CMD,Diagnostic : Cassava Mosaic Disease (CMD). Cette feuille de manioc présente des symptômes caractéristiques de cette condition.,True
/home/hounfodjidagba/learning/cassava/data/raw/train_images/3295243647.jpg,CBB,Healthy,Diagnostic : Healthy. Cette feuille de manioc présente des symptômes caractéristiques de cette condition.,False
/home/hounfodjidagba/learning/cassava/data/cassava/train/cmd/train-cmd-1553.jpg,Cassava Mosaic Disease (CMD),CMD,Diagnostic : Cassava Mosaic Disease (CMD). Cette feuille de manioc présente des symptômes caractéristiques de cette condition.,False
/home/hounfodjidagba/learning/cassava/data/raw/train_images/3850304158.jpg,CMD,CMD,Diagnostic : Cassava Mosaic Disease (CMD). Cette feuille de manioc présente des symptômes caractéristiques de cette condition.,True
/home/hounfodjidagba/learning/cassava/data/healthy_002/1616768278573.jpg,Healthy,Healthy,Diagnostic : Healthy. Cette feuille de manioc présente des symptômes caractéristiques de cette condition.,True
/home/hounfodjidagba/learning/cassava/data/cassava/train/cgm/train-cgm-193.jpg,CGM,CMD,Diagnostic : Cassava Mosaic Disease (CMD). Cette feuille de manioc présente des symptômes caractéristiques de cette condition.,False
/home/hounfodjidagba/learning/cassava/data/raw/train_images/284062479.jpg,Cassava Mosaic Disease (CMD),CMD,Diagnostic : Cassava Mosaic Disease (CMD). Cette feuille de manioc présente des symptômes caractéristiques de cette condition.,False
/home/hounfodjidagba/learning/cassava/data/raw/train_images/2100448540.jpg,Cassava Mosaic Disease (CMD),CMD,Diagnostic : Cassava Mosaic Disease (CMD). Cette feuille de manioc présente des symptômes caractéristiques de cette condition.,False
/home/hounfodjidagba/learning/cassava/data/raw/train_images/759934720.jpg,Healthy,Healthy,Diagnostic : Healthy. Cette feuille de manioc présente des symptômes caractéristiques de cette condition.,True
/home/hounfodjidagba/learning/cassava/data/raw/train_images/1432492199.jpg,Cassava Mosaic Disease (CMD),CMD,Diagnostic : Cassava Mosaic Disease (CMD). Cette feuille de manioc présente des symptômes caractéristiques de cette condition.,False
/home/hounfodjidagba/learning/cassava/data/cmd_004/uuid_8100a3ba-106c-47a9-a9d7-2c8d4ccfa179.jpg,Cassava Mosaic Disease (CMD),CMD,Diagnostic : Cassava Mosaic Disease (CMD). Cette feuille de manioc présente des symptômes caractéristiques de cette condition.,False
/home/hounfodjidagba/learning/cassava/data/cassava/train/cgm/train-cgm-339.jpg,CGM,CGM,Diagnostic : Cassava Green Mottle (CGM). Cette feuille de manioc présente des symptômes caractéristiques de cette condition.,True
/home/hounfodjidagba/learning/cassava/data/healthy_002/1616751952529.jpg,Healthy,Healthy,Diagnostic : Healthy. Cette feuille de manioc présente des symptômes caractéristiques de cette condition.,True
/home/hounfodjidagba/learning/cassava/data/raw/train_images/3316569726.jpg,CGM,CGM,Diagnostic : Cassava Green Mottle (CGM). Cette feuille de manioc présente des symptômes caractéristiques de cette condition.,True
/home/hounfodjidagba/learning/cassava/data/raw/train_images/3059656933.jpg,Cassava Green Mottle (CGM),CGM,Diagnostic : Cassava Green Mottle (CGM). Cette feuille de manioc présente des symptômes caractéristiques de cette condition.,False
/home/hounfodjidagba/learning/cassava/data/cassava/train/healthy/train-healthy-178.jpg,Healthy,CBSD,Diagnostic : Cassava Brown Streak Disease (CBSD). Cette feuille de manioc présente des symptômes caractéristiques de cette condition.,False
/home/hounfodjidagba/learning/cassava/data/cmd_002/uuid_0dfefa56-e6e5-46e5-a421-c3dd2c3942ed.jpg,CMD,CMD,Diagnostic : Cassava Mosaic Disease (CMD). Cette feuille de manioc présente des symptômes caractéristiques de cette condition.,True
/home/hounfodjidagba/learning/cassava/data/cbsd-2/1617174632531.jpg,Cassava Brown Streak Disease (CBSD),CBSD,Diagnostic : Cassava Brown Streak Disease (CBSD). Cette feuille de manioc présente des symptômes caractéristiques de cette condition.,False
/home/hounfodjidagba/learning/cassava/data/raw/train_images/1704757491.jpg,CMD,CMD,Diagnostic : Cassava Mosaic Disease (CMD). Cette feuille de manioc présente des symptômes caractéristiques de cette condition.,True
/home/hounfodjidagba/learning/cassava/data/raw/train_images/3757075482.jpg,Cassava Bacterial Blight (CBB),CBSD,Diagnostic : Cassava Brown Streak Disease (CBSD). Cette feuille de manioc présente des symptômes caractéristiques de cette condition.,False
/home/hounfodjidagba/learning/cassava/data/raw/train_images/497620321.jpg,Healthy,CBSD,Diagnostic : Cassava Brown Streak Disease (CBSD). Cette feuille de manioc présente des symptômes caractéristiques de cette condition.,False
/home/hounfodjidagba/learning/cassava/data/raw/train_images/1822627582.jpg,CGM,CGM,Diagnostic : Cassava Green Mottle (CGM). Cette feuille de manioc présente des symptômes caractéristiques de cette condition.,True
/home/hounfodjidagba/learning/cassava/data/raw/train_images/2852147190.jpg,Healthy,CBB,Diagnostic : Cassava Bacterial Blight (CBB). Cette feuille de manioc présente des symptômes caractéristiques de cette condition.,False
/home/hounfodjidagba/learning/cassava/data/healthy_001/1617171863368.jpg,Healthy,Healthy,Diagnostic : Healthy. Cette feuille de manioc présente des symptômes caractéristiques de cette condition.,True
/home/hounfodjidagba/learning/cassava/data/cassava/train/cbsd/train-cbsd-538.jpg,CBSD,CBSD,Diagnostic : Cassava Brown Streak Disease (CBSD). Cette feuille de manioc présente des symptômes caractéristiques de cette condition.,True
/home/hounfodjidagba/learning/cassava/data/healthy_002/1616764929693.jpg,Healthy,CBSD,Diagnostic : Cassava Brown Streak Disease (CBSD). Cette feuille de manioc présente des symptômes caractéristiques de cette condition.,False
/home/hounfodjidagba/learning/cassava/data/raw/train_images/2669311524.jpg,Cassava Green Mottle (CGM),Healthy,Diagnostic : Healthy. Cette feuille de manioc présente des symptômes caractéristiques de cette condition.,False
/home/hounfodjidagba/learning/cassava/data/raw/train_images/3333099414.jpg,CMD,CMD,Diagnostic : Cassava Mosaic Disease (CMD). Cette feuille de manioc présente des symptômes caractéristiques de cette condition.,True
/home/hounfodjidagba/learning/cassava/data/cassava/train/cmd/train-cmd-2336.jpg,CMD,CMD,Diagnostic : Cassava Mosaic Disease (CMD). Cette feuille de manioc présente des symptômes caractéristiques de cette condition.,True
/home/hounfodjidagba/learning/cassava/data/healthy_002/1616760375132.jpg,Healthy,Healthy,Diagnostic : Healthy. Cette feuille de manioc présente des symptômes caractéristiques de cette condition.,True
/home/hounfodjidagba/learning/cassava/data/cbsd-1/1617105152538.jpg,Cassava Brown Streak Disease (CBSD),CBSD,Diagnostic : Cassava Brown Streak Disease (CBSD). Cette feuille de manioc présente des symptômes caractéristiques de cette condition.,False
/home/hounfodjidagba/learning/cassava/data/cassava/train/cgm/train-cgm-119.jpg,CGM,CGM,Diagnostic : Cassava Green Mottle (CGM). Cette feuille de manioc présente des symptômes caractéristiques de cette condition.,True
/home/hounfodjidagba/learning/cassava/data/raw/train_images/3589202621.jpg,Cassava Bacterial Blight (CBB),CBB,Diagnostic : Cassava Bacterial Blight (CBB). Cette feuille de manioc présente des symptômes caractéristiques de cette condition.,False
/home/hounfodjidagba/learning/cassava/data/cmd_002/uuid_0dd5d2d1-1e61-4609-b8dc-dd192822e614.jpg,Cassava Mosaic Disease (CMD),CMD,Diagnostic : Cassava Mosaic Disease (CMD). Cette feuille de manioc présente des symptômes caractéristiques de cette condition.,False
/home/hounfodjidagba/learning/cassava/data/cmd_003/uuid_4cd55164-8b10-431e-9dfa-d5d40276a33e.jpg,CMD,CMD,Diagnostic : Cassava Mosaic Disease (CMD). Cette feuille de manioc présente des symptômes caractéristiques de cette condition.,True
/home/hounfodjidagba/learning/cassava/data/healthy_001/1617002071862.jpg,Healthy,Healthy,Diagnostic : Healthy. Cette feuille de manioc présente des symptômes caractéristiques de cette condition.,True
/home/hounfodjidagba/learning/cassava/data/raw/train_images/3589202621.jpg,CBB,CBB,Diagnostic : Cassava Bacterial Blight (CBB). Cette feuille de manioc présente des symptômes caractéristiques de cette condition.,True
/home/hounfodjidagba/learning/cassava/data/cmd_005/uuid_7ec7c05b-68cd-43f2-87fb-6c0a890b8c29.jpg,CMD,CMD,Diagnostic : Cassava Mosaic Disease (CMD). Cette feuille de manioc présente des symptômes caractéristiques de cette condition.,True
/home/hounfodjidagba/learning/cassava/data/cbsd-1/1616833573278.jpg,Cassava Brown Streak Disease (CBSD),CBSD,Diagnostic : Cassava Brown Streak Disease (CBSD). Cette feuille de manioc présente des symptômes caractéristiques de cette condition.,False
/home/hounfodjidagba/learning/cassava/data/cbsd-1/1617099619675.jpg,CBSD,CBSD,Diagnostic : Cassava Brown Streak Disease (CBSD). Cette feuille de manioc présente des symptômes caractéristiques de cette condition.,True
/home/hounfodjidagba/learning/cassava/data/cassava/train/cmd/train-cmd-530.jpg,CMD,CMD,Diagnostic : Cassava Mosaic Disease (CMD). Cette feuille de manioc présente des symptômes caractéristiques de cette condition.,True
/home/hounfodjidagba/learning/cassava/data/cassava/train/cmd/train-cmd-1392.jpg,CMD,Healthy,Diagnostic : Healthy. Cette feuille de manioc présente des symptômes caractéristiques de cette condition.,False
/home/hounfodjidagba/learning/cassava/data/raw/train_images/2198215953.jpg,CMD,CMD,Diagnostic : Cassava Mosaic Disease (CMD). Cette feuille de manioc présente des symptômes caractéristiques de cette condition.,True
/home/hounfodjidagba/learning/cassava/data/cbsd-1/1617103252857.jpg,CBSD,CBSD,Diagnostic : Cassava Brown Streak Disease (CBSD). Cette feuille de manioc présente des symptômes caractéristiques de cette condition.,True
/home/hounfodjidagba/learning/cassava/data/raw/train_images/3536918233.jpg,CGM,CMD,Diagnostic : Cassava Mosaic Disease (CMD). Cette feuille de manioc présente des symptômes caractéristiques de cette condition.,False
/home/hounfodjidagba/learning/cassava/data/cassava/train/healthy/train-healthy-219.jpg,Healthy,Healthy,Diagnostic : Healthy. Cette feuille de manioc présente des symptômes caractéristiques de cette condition.,True
/home/hounfodjidagba/learning/cassava/data/raw/train_images/1876922129.jpg,CBB,Healthy,Diagnostic : Healthy. Cette feuille de manioc présente des symptômes caractéristiques de cette condition.,False
/home/hounfodjidagba/learning/cassava/data/cassava/train/cmd/train-cmd-2314.jpg,Cassava Mosaic Disease (CMD),CMD,Diagnostic : Cassava Mosaic Disease (CMD). Cette feuille de manioc présente des symptômes caractéristiques de cette condition.,False
/home/hounfodjidagba/learning/cassava/data/raw/train_images/3047665568.jpg,CMD,CMD,Diagnostic : Cassava Mosaic Disease (CMD). Cette feuille de manioc présente des symptômes caractéristiques de cette condition.,True
/home/hounfodjidagba/learning/cassava/data/cassava/train/cbsd/train-cbsd-1226.jpg,Cassava Brown Streak Disease (CBSD),CBSD,Diagnostic : Cassava Brown Streak Disease (CBSD). Cette feuille de manioc présente des symptômes caractéristiques de cette condition.,False
/home/hounfodjidagba/learning/cassava/data/raw/train_images/3766717300.jpg,Cassava Mosaic Disease (CMD),CMD,Diagnostic : Cassava Mosaic Disease (CMD). Cette feuille de manioc présente des symptômes caractéristiques de cette condition.,False
/home/hounfodjidagba/learning/cassava/data/cassava/train/cbsd/train-cbsd-626.jpg,CBSD,CBSD,Diagnostic : Cassava Brown Streak Disease (CBSD). Cette feuille de manioc présente des symptômes caractéristiques de cette condition.,True
/home/hounfodjidagba/learning/cassava/data/cassava/train/cmd/train-cmd-2369.jpg,CMD,CGM,Diagnostic : Cassava Green Mottle (CGM). Cette feuille de manioc présente des symptômes caractéristiques de cette condition.,False
/home/hounfodjidagba/learning/cassava/data/cbsd-2/1617106581073.jpg,CBSD,CBSD,Diagnostic : Cassava Brown Streak Disease (CBSD). Cette feuille de manioc présente des symptômes caractéristiques de cette condition.,True
/home/hounfodjidagba/learning/cassava/data/cassava/train/cbsd/train-cbsd-1414.jpg,CBSD,CBSD,Diagnostic : Cassava Brown Streak Disease (CBSD). Cette feuille de manioc présente des symptômes caractéristiques de cette condition.,True
/home/hounfodjidagba/learning/cassava/data/cbsd-2/1617172060608.jpg,Cassava Brown Streak Disease (CBSD),CBSD,Diagnostic : Cassava Brown Streak Disease (CBSD). Cette feuille de manioc présente des symptômes caractéristiques de cette condition.,False
/home/hounfodjidagba/learning/cassava/data/cassava/train/cmd/train-cmd-1962.jpg,Cassava Mosaic Disease (CMD),CMD,Diagnostic : Cassava Mosaic Disease (CMD). Cette feuille de manioc présente des symptômes caractéristiques de cette condition.,False
/home/hounfodjidagba/learning/cassava/data/raw/train_images/2301906836.jpg,CBSD,CBSD,Diagnostic : Cassava Brown Streak Disease (CBSD). Cette feuille de manioc présente des symptômes caractéristiques de cette condition.,True
/home/hounfodjidagba/learning/cassava/data/cmd_001/1617092781803.jpg,Cassava Mosaic Disease (CMD),CMD,Diagnostic : Cassava Mosaic Disease (CMD). Cette feuille de manioc présente des symptômes caractéristiques de cette condition.,False
/home/hounfodjidagba/learning/cassava/data/raw/train_images/3805606853.jpg,Cassava Mosaic Disease (CMD),CMD,Diagnostic : Cassava Mosaic Disease (CMD). Cette feuille de manioc présente des symptômes caractéristiques de cette condition.,False
/home/hounfodjidagba/learning/cassava/data/raw/train_images/1236036550.jpg,CBB,CBB,Diagnostic : Cassava Bacterial Blight (CBB). Cette feuille de manioc présente des symptômes caractéristiques de cette condition.,True
/home/hounfodjidagba/learning/cassava/data/raw/train_images/3211907814.jpg,Cassava Bacterial Blight (CBB),Healthy,Diagnostic : Healthy. Cette feuille de manioc présente des symptômes caractéristiques de cette condition.,False
/home/hounfodjidagba/learning/cassava/data/raw/train_images/1855401853.jpg,CMD,CMD,Diagnostic : Cassava Mosaic Disease (CMD). Cette feuille de manioc présente des symptômes caractéristiques de cette condition.,True
/home/hounfodjidagba/learning/cassava/data/raw/train_images/2870123784.jpg,Cassava Green Mottle (CGM),CGM,Diagnostic : Cassava Green Mottle (CGM). Cette feuille de manioc présente des symptômes caractéristiques de cette condition.,False
/home/hounfodjidagba/learning/cassava/data/raw/train_images/1171418212.jpg,Healthy,Healthy,Diagnostic : Healthy. Cette feuille de manioc présente des symptômes caractéristiques de cette condition.,True
/home/hounfodjidagba/learning/cassava/data/cmd_004/uuid_c22f9751-f7ce-45da-94d4-837117009619.jpg,Cassava Mosaic Disease (CMD),CMD,Diagnostic : Cassava Mosaic Disease (CMD). Cette feuille de manioc présente des symptômes caractéristiques de cette condition.,False
/home/hounfodjidagba/learning/cassava/data/raw/train_images/4016547157.jpg,CMD,CMD,Diagnostic : Cassava Mosaic Disease (CMD). Cette feuille de manioc présente des symptômes caractéristiques de cette condition.,True
/home/hounfodjidagba/learning/cassava/data/raw/train_images/2584374846.jpg,CMD,CMD,Diagnostic : Cassava Mosaic Disease (CMD). Cette feuille de manioc présente des symptômes caractéristiques de cette condition.,True
/home/hounfodjidagba/learning/cassava/data/cbsd-2/1617172206667.jpg,Cassava Brown Streak Disease (CBSD),CBSD,Diagnostic : Cassava Brown Streak Disease (CBSD). Cette feuille de manioc présente des symptômes caractéristiques de cette condition.,False
/home/hounfodjidagba/learning/cassava/data/cassava/train/cbb/train-cbb-23.jpg,CBB,CBB,Diagnostic : Cassava Bacterial Blight (CBB). Cette feuille de manioc présente des symptômes caractéristiques de cette condition.,True
/home/hounfodjidagba/learning/cassava/data/cassava/train/cgm/train-cgm-167.jpg,Cassava Green Mottle (CGM),CGM,Diagnostic : Cassava Green Mottle (CGM). Cette feuille de manioc présente des symptômes caractéristiques de cette condition.,False
/home/hounfodjidagba/learning/cassava/data/raw/train_images/3388237026.jpg,CMD,Healthy,Diagnostic : Healthy. Cette feuille de manioc présente des symptômes caractéristiques de cette condition.,False
/home/hounfodjidagba/learning/cassava/data/raw/train_images/3588796233.jpg,Healthy,CBSD,Diagnostic : Cassava Brown Streak Disease (CBSD). Cette feuille de manioc présente des symptômes caractéristiques de cette condition.,False
/home/hounfodjidagba/learning/cassava/data/raw/train_images/114137661.jpg,Cassava Mosaic Disease (CMD),CMD,Diagnostic : Cassava Mosaic Disease (CMD). Cette feuille de manioc présente des symptômes caractéristiques de cette condition.,False
/home/hounfodjidagba/learning/cassava/data/raw/train_images/2373885965.jpg,Cassava Mosaic Disease (CMD),CMD,Diagnostic : Cassava Mosaic Disease (CMD). Cette feuille de manioc présente des symptômes caractéristiques de cette condition.,False
/home/hounfodjidagba/learning/cassava/data/cbsd-1/1617092232738.jpg,Cassava Brown Streak Disease (CBSD),CBSD,Diagnostic : Cassava Brown Streak Disease (CBSD). Cette feuille de manioc présente des symptômes caractéristiques de cette condition.,False
/home/hounfodjidagba/learning/cassava/data/cassava/train/cmd/train-cmd-346.jpg,CMD,CMD,Diagnostic : Cassava Mosaic Disease (CMD). Cette feuille de manioc présente des symptômes caractéristiques de cette condition.,True
/home/hounfodjidagba/learning/cassava/data/cassava/train/cgm/train-cgm-62.jpg,CGM,CGM,Diagnostic : Cassava Green Mottle (CGM). Cette feuille de manioc présente des symptômes caractéristiques de cette condition.,True
/home/hounfodjidagba/learning/cassava/data/raw/train_images/3708519833.jpg,Cassava Mosaic Disease (CMD),CGM,Diagnostic : Cassava Green Mottle (CGM). Cette feuille de manioc présente des symptômes caractéristiques de cette condition.,False
/home/hounfodjidagba/learning/cassava/data/raw/train_images/3752024211.jpg,CBSD,CBB,Diagnostic : Cassava Bacterial Blight (CBB). Cette feuille de manioc présente des symptômes caractéristiques de cette condition.,False
/home/hounfodjidagba/learning/cassava/data/raw/train_images/2196977534.jpg,CGM,CGM,Diagnostic : Cassava Green Mottle (CGM). Cette feuille de manioc présente des symptômes caractéristiques de cette condition.,True
/home/hounfodjidagba/learning/cassava/data/raw/train_images/2278416618.jpg,Healthy,Healthy,Diagnostic : Healthy. Cette feuille de manioc présente des symptômes caractéristiques de cette condition.,True
/home/hounfodjidagba/learning/cassava/data/raw/train_images/3716704922.jpg,Cassava Green Mottle (CGM),CMD,Diagnostic : Cassava Mosaic Disease (CMD). Cette feuille de manioc présente des symptômes caractéristiques de cette condition.,False
/home/hounfodjidagba/learning/cassava/data/raw/train_images/2202374658.jpg,Cassava Mosaic Disease (CMD),CMD,Diagnostic : Cassava Mosaic Disease (CMD). Cette feuille de manioc présente des symptômes caractéristiques de cette condition.,False
/home/hounfodjidagba/learning/cassava/data/cassava/train/cbb/train-cbb-366.jpg,Cassava Bacterial Blight (CBB),CMD,Diagnostic : Cassava Mosaic Disease (CMD). Cette feuille de manioc présente des symptômes caractéristiques de cette condition.,False
/home/hounfodjidagba/learning/cassava/data/cassava/train/cmd/train-cmd-139.jpg,CMD,CGM,Diagnostic : Cassava Green Mottle (CGM). Cette feuille de manioc présente des symptômes caractéristiques de cette condition.,False
/home/hounfodjidagba/learning/cassava/data/raw/train_images/2571283746.jpg,Cassava Mosaic Disease (CMD),CMD,Diagnostic : Cassava Mosaic Disease (CMD). Cette feuille de manioc présente des symptômes caractéristiques de cette condition.,False
/home/hounfodjidagba/learning/cassava/data/raw/train_images/2417340627.jpg,Cassava Green Mottle (CGM),CGM,Diagnostic : Cassava Green Mottle (CGM). Cette feuille de manioc présente des symptômes caractéristiques de cette condition.,False
/home/hounfodjidagba/learning/cassava/data/raw/train_images/3165854835.jpg,CGM,CMD,Diagnostic : Cassava Mosaic Disease (CMD). Cette feuille de manioc présente des symptômes caractéristiques de cette condition.,False
/home/hounfodjidagba/learning/cassava/data/healthy_002/1616761283918.jpg,Healthy,CBSD,Diagnostic : Cassava Brown Streak Disease (CBSD). Cette feuille de manioc présente des symptômes caractéristiques de cette condition.,False
/home/hounfodjidagba/learning/cassava/data/raw/train_images/1469175825.jpg,Healthy,CBSD,Diagnostic : Cassava Brown Streak Disease (CBSD). Cette feuille de manioc présente des symptômes caractéristiques de cette condition.,False
/home/hounfodjidagba/learning/cassava/data/cassava/train/cbsd/train-cbsd-1432.jpg,Cassava Brown Streak Disease (CBSD),CBSD,Diagnostic : Cassava Brown Streak Disease (CBSD). Cette feuille de manioc présente des symptômes caractéristiques de cette condition.,False
/home/hounfodjidagba/learning/cassava/data/cassava/train/cmd/train-cmd-363.jpg,Cassava Mosaic Disease (CMD),CMD,Diagnostic : Cassava Mosaic Disease (CMD). Cette feuille de manioc présente des symptômes caractéristiques de cette condition.,False
/home/hounfodjidagba/learning/cassava/data/raw/train_images/662317211.jpg,CMD,CMD,Diagnostic : Cassava Mosaic Disease (CMD). Cette feuille de manioc présente des symptômes caractéristiques de cette condition.,True
/home/hounfodjidagba/learning/cassava/data/cassava/train/cmd/train-cmd-347.jpg,Cassava Mosaic Disease (CMD),CMD,Diagnostic : Cassava Mosaic Disease (CMD). Cette feuille de manioc présente des symptômes caractéristiques de cette condition.,False
/home/hounfodjidagba/learning/cassava/data/cbsd-1/1616833906985.jpg,Cassava Brown Streak Disease (CBSD),CBSD,Diagnostic : Cassava Brown Streak Disease (CBSD). Cette feuille de manioc présente des symptômes caractéristiques de cette condition.,False
/home/hounfodjidagba/learning/cassava/data/raw/train_images/1034548842.jpg,Cassava Green Mottle (CGM),CGM,Diagnostic : Cassava Green Mottle (CGM). Cette feuille de manioc présente des symptômes caractéristiques de cette condition.,False
/home/hounfodjidagba/learning/cassava/data/cassava/train/cmd/train-cmd-2305.jpg,CMD,CBSD,Diagnostic : Cassava Brown Streak Disease (CBSD). Cette feuille de manioc présente des symptômes caractéristiques de cette condition.,False
/home/hounfodjidagba/learning/cassava/data/raw/train_images/3239751469.jpg,CMD,CMD,Diagnostic : Cassava Mosaic Disease (CMD). Cette feuille de manioc présente des symptômes caractéristiques de cette condition.,True
/home/hounfodjidagba/learning/cassava/data/raw/train_images/3115344482.jpg,CBB,CBB,Diagnostic : Cassava Bacterial Blight (CBB). Cette feuille de manioc présente des symptômes caractéristiques de cette condition.,True
/home/hounfodjidagba/learning/cassava/data/cassava/train/cbb/train-cbb-66.jpg,Cassava Bacterial Blight (CBB),CBB,Diagnostic : Cassava Bacterial Blight (CBB). Cette feuille de manioc présente des symptômes caractéristiques de cette condition.,False
/home/hounfodjidagba/learning/cassava/data/raw/train_images/2253524609.jpg,Cassava Green Mottle (CGM),CGM,Diagnostic : Cassava Green Mottle (CGM). Cette feuille de manioc présente des symptômes caractéristiques de cette condition.,False
/home/hounfodjidagba/learning/cassava/data/cmd_002/uuid_0c16192d-38b6-48a9-ac80-e9f209a44a6a.jpg,CMD,CMD,Diagnostic : Cassava Mosaic Disease (CMD). Cette feuille de manioc présente des symptômes caractéristiques de cette condition.,True
/home/hounfodjidagba/learning/cassava/data/raw/train_images/2016929365.jpg,Cassava Mosaic Disease (CMD),CMD,Diagnostic : Cassava Mosaic Disease (CMD). Cette feuille de manioc présente des symptômes caractéristiques de cette condition.,False
/home/hounfodjidagba/learning/cassava/data/cassava/train/cgm/train-cgm-59.jpg,Cassava Green Mottle (CGM),CMD,Diagnostic : Cassava Mosaic Disease (CMD). Cette feuille de manioc présente des symptômes caractéristiques de cette condition.,False
/home/hounfodjidagba/learning/cassava/data/raw/train_images/778084917.jpg,Healthy,Healthy,Diagnostic : Healthy. Cette feuille de manioc présente des symptômes caractéristiques de cette condition.,True
/home/hounfodjidagba/learning/cassava/data/raw/train_images/4130341996.jpg,Cassava Bacterial Blight (CBB),CBB,Diagnostic : Cassava Bacterial Blight (CBB). Cette feuille de manioc présente des symptômes caractéristiques de cette condition.,False
/home/hounfodjidagba/learning/cassava/data/cassava/train/cbb/train-cbb-384.jpg,CBB,CBB,Diagnostic : Cassava Bacterial Blight (CBB). Cette feuille de manioc présente des symptômes caractéristiques de cette condition.,True
/home/hounfodjidagba/learning/cassava/data/cassava/train/cbb/train-cbb-124.jpg,Cassava Bacterial Blight (CBB),CBB,Diagnostic : Cassava Bacterial Blight (CBB). Cette feuille de manioc présente des symptômes caractéristiques de cette condition.,False
/home/hounfodjidagba/learning/cassava/data/healthy_002/1616768029056.jpg,Healthy,Healthy,Diagnostic : Healthy. Cette feuille de manioc présente des symptômes caractéristiques de cette condition.,True
/home/hounfodjidagba/learning/cassava/data/raw/train_images/1465778841.jpg,Cassava Mosaic Disease (CMD),CMD,Diagnostic : Cassava Mosaic Disease (CMD). Cette feuille de manioc présente des symptômes caractéristiques de cette condition.,False
/home/hounfodjidagba/learning/cassava/data/raw/train_images/2889043741.jpg,Cassava Mosaic Disease (CMD),CMD,Diagnostic : Cassava Mosaic Disease (CMD). Cette feuille de manioc présente des symptômes caractéristiques de cette condition.,False
/home/hounfodjidagba/learning/cassava/data/raw/train_images/3328736018.jpg,CBSD,CBSD,Diagnostic : Cassava Brown Streak Disease (CBSD). Cette feuille de manioc présente des symptômes caractéristiques de cette condition.,True
/home/hounfodjidagba/learning/cassava/data/cassava/train/cbb/train-cbb-277.jpg,CBB,CBB,Diagnostic : Cassava Bacterial Blight (CBB). Cette feuille de manioc présente des symptômes caractéristiques de cette condition.,True
/home/hounfodjidagba/learning/cassava/data/raw/train_images/3474085074.jpg,Cassava Brown Streak Disease (CBSD),Healthy,Diagnostic : Healthy. Cette feuille de manioc présente des symptômes caractéristiques de cette condition.,False
/home/hounfodjidagba/learning/cassava/data/raw/train_images/1119995789.jpg,CMD,CMD,Diagnostic : Cassava Mosaic Disease (CMD). Cette feuille de manioc présente des symptômes caractéristiques de cette condition.,True
/home/hounfodjidagba/learning/cassava/data/cassava/train/cbb/train-cbb-465.jpg,CBB,CBB,Diagnostic : Cassava Bacterial Blight (CBB). Cette feuille de manioc présente des symptômes caractéristiques de cette condition.,True
/home/hounfodjidagba/learning/cassava/data/raw/train_images/1926670152.jpg,Cassava Bacterial Blight (CBB),CBB,Diagnostic : Cassava Bacterial Blight (CBB). Cette feuille de manioc présente des symptômes caractéristiques de cette condition.,False
/home/hounfodjidagba/learning/cassava/data/cassava/train/cbb/train-cbb-208.jpg,Cassava Bacterial Blight (CBB),CBB,Diagnostic : Cassava Bacterial Blight (CBB). Cette feuille de manioc présente des symptômes caractéristiques de cette condition.,False
/home/hounfodjidagba/learning/cassava/data/raw/train_images/360356909.jpg,Cassava Brown Streak Disease (CBSD),CMD,Diagnostic : Cassava Mosaic Disease (CMD). Cette feuille de manioc présente des symptômes caractéristiques de cette condition.,False
/home/hounfodjidagba/learning/cassava/data/cmd_002/uuid_1d87a9fd-8b62-4232-8458-f529fecdbfc2.jpg,Cassava Mosaic Disease (CMD),CMD,Diagnostic : Cassava Mosaic Disease (CMD). Cette feuille de manioc présente des symptômes caractéristiques de cette condition.,False
/home/hounfodjidagba/learning/cassava/data/raw/train_images/2042895796.jpg,Cassava Mosaic Disease (CMD),CMD,Diagnostic : Cassava Mosaic Disease (CMD). Cette feuille de manioc présente des symptômes caractéristiques de cette condition.,False
/home/hounfodjidagba/learning/cassava/data/raw/train_images/292179088.jpg,CMD,CMD,Diagnostic : Cassava Mosaic Disease (CMD). Cette feuille de manioc présente des symptômes caractéristiques de cette condition.,True
/home/hounfodjidagba/learning/cassava/data/cassava/train/cmd/train-cmd-22.jpg,Cassava Mosaic Disease (CMD),CMD,Diagnostic : Cassava Mosaic Disease (CMD). Cette feuille de manioc présente des symptômes caractéristiques de cette condition.,False
/home/hounfodjidagba/learning/cassava/data/raw/train_images/513549647.jpg,Cassava Mosaic Disease (CMD),CMD,Diagnostic : Cassava Mosaic Disease (CMD). Cette feuille de manioc présente des symptômes caractéristiques de cette condition.,False
/home/hounfodjidagba/learning/cassava/data/cassava/train/cmd/train-cmd-2060.jpg,Cassava Mosaic Disease (CMD),CMD,Diagnostic : Cassava Mosaic Disease (CMD). Cette feuille de manioc présente des symptômes caractéristiques de cette condition.,False
/home/hounfodjidagba/learning/cassava/data/raw/train_images/3974310104.jpg,CBB,CBB,Diagnostic : Cassava Bacterial Blight (CBB). Cette feuille de manioc présente des symptômes caractéristiques de cette condition.,True
/home/hounfodjidagba/learning/cassava/data/raw/train_images/768744313.jpg,CGM,CGM,Diagnostic : Cassava Green Mottle (CGM). Cette feuille de manioc présente des symptômes caractéristiques de cette condition.,True
/home/hounfodjidagba/learning/cassava/data/raw/train_images/608266906.jpg,Cassava Mosaic Disease (CMD),CMD,Diagnostic : Cassava Mosaic Disease (CMD). Cette feuille de manioc présente des symptômes caractéristiques de cette condition.,False
/home/hounfodjidagba/learning/cassava/data/raw/train_images/2198591812.jpg,Cassava Green Mottle (CGM),CGM,Diagnostic : Cassava Green Mottle (CGM). Cette feuille de manioc présente des symptômes caractéristiques de cette condition.,False
/home/hounfodjidagba/learning/cassava/data/healthy_002/1616746873331.jpg,Healthy,Healthy,Diagnostic : Healthy. Cette feuille de manioc présente des symptômes caractéristiques de cette condition.,True
/home/hounfodjidagba/learning/cassava/data/raw/train_images/2591061061.jpg,Cassava Bacterial Blight (CBB),CBB,Diagnostic : Cassava Bacterial Blight (CBB). Cette feuille de manioc présente des symptômes caractéristiques de cette condition.,False
/home/hounfodjidagba/learning/cassava/data/cassava/train/cmd/train-cmd-837.jpg,Cassava Mosaic Disease (CMD),CMD,Diagnostic : Cassava Mosaic Disease (CMD). Cette feuille de manioc présente des symptômes caractéristiques de cette condition.,False
/home/hounfodjidagba/learning/cassava/data/cbsd-2/1617106138848.jpg,Cassava Brown Streak Disease (CBSD),CBSD,Diagnostic : Cassava Brown Streak Disease (CBSD). Cette feuille de manioc présente des symptômes caractéristiques de cette condition.,False
/home/hounfodjidagba/learning/cassava/data/raw/train_images/523149736.jpg,CMD,CMD,Diagnostic : Cassava Mosaic Disease (CMD). Cette feuille de manioc présente des symptômes caractéristiques de cette condition.,True
/home/hounfodjidagba/learning/cassava/data/raw/train_images/813060428.jpg,Cassava Mosaic Disease (CMD),CMD,Diagnostic : Cassava Mosaic Disease (CMD). Cette feuille de manioc présente des symptômes caractéristiques de cette condition.,False
/home/hounfodjidagba/learning/cassava/data/cbsd-1/1617099421311.jpg,CBSD,CBSD,Diagnostic : Cassava Brown Streak Disease (CBSD). Cette feuille de manioc présente des symptômes caractéristiques de cette condition.,True
/home/hounfodjidagba/learning/cassava/data/cassava/train/cbb/train-cbb-134.jpg,Cassava Bacterial Blight (CBB),CBB,Diagnostic : Cassava Bacterial Blight (CBB). Cette feuille de manioc présente des symptômes caractéristiques de cette condition.,False
/home/hounfodjidagba/learning/cassava/data/cbsd-2/1617106164543.jpg,Cassava Brown Streak Disease (CBSD),CBSD,Diagnostic : Cassava Brown Streak Disease (CBSD). Cette feuille de manioc présente des symptômes caractéristiques de cette condition.,False
/home/hounfodjidagba/learning/cassava/data/raw/train_images/2570786789.jpg,CBSD,CBSD,Diagnostic : Cassava Brown Streak Disease (CBSD). Cette feuille de manioc présente des symptômes caractéristiques de cette condition.,True
/home/hounfodjidagba/learning/cassava/data/raw/train_images/2822052779.jpg,Cassava Brown Streak Disease (CBSD),CBSD,Diagnostic : Cassava Brown Streak Disease (CBSD). Cette feuille de manioc présente des symptômes caractéristiques de cette condition.,False
/home/hounfodjidagba/learning/cassava/data/raw/train_images/1785840439.jpg,Cassava Brown Streak Disease (CBSD),Healthy,Diagnostic : Healthy. Cette feuille de manioc présente des symptômes caractéristiques de cette condition.,False
/home/hounfodjidagba/learning/cassava/data/cbsd-1/1617104647658.jpg,Cassava Brown Streak Disease (CBSD),Healthy,Diagnostic : Healthy. Cette feuille de manioc présente des symptômes caractéristiques de cette condition.,False
/home/hounfodjidagba/learning/cassava/data/raw/train_images/1536737469.jpg,CBB,CBB,Diagnostic : Cassava Bacterial Blight (CBB). Cette feuille de manioc présente des symptômes caractéristiques de cette condition.,True
/home/hounfodjidagba/learning/cassava/data/raw/train_images/1832582210.jpg,Cassava Mosaic Disease (CMD),CMD,Diagnostic : Cassava Mosaic Disease (CMD). Cette feuille de manioc présente des symptômes caractéristiques de cette condition.,False
/home/hounfodjidagba/learning/cassava/data/raw/train_images/3148313410.jpg,CMD,CMD,Diagnostic : Cassava Mosaic Disease (CMD). Cette feuille de manioc présente des symptômes caractéristiques de cette condition.,True
/home/hounfodjidagba/learning/cassava/data/cbsd-1/1616834044656.jpg,CBSD,CBSD,Diagnostic : Cassava Brown Streak Disease (CBSD). Cette feuille de manioc présente des symptômes caractéristiques de cette condition.,True
/home/hounfodjidagba/learning/cassava/data/raw/train_images/888355689.jpg,Cassava Bacterial Blight (CBB),CBB,Diagnostic : Cassava Bacterial Blight (CBB). Cette feuille de manioc présente des symptômes caractéristiques de cette condition.,False
/home/hounfodjidagba/learning/cassava/data/cmd_002/uuid_1b0ce26f-fc1a-4c27-9922-f69f45ef8f45.jpg,Cassava Mosaic Disease (CMD),CMD,Diagnostic : Cassava Mosaic Disease (CMD). Cette feuille de manioc présente des symptômes caractéristiques de cette condition.,False
/home/hounfodjidagba/learning/cassava/data/raw/train_images/3446353254.jpg,Healthy,CGM,Diagnostic : Cassava Green Mottle (CGM). Cette feuille de manioc présente des symptômes caractéristiques de cette condition.,False
/home/hounfodjidagba/learning/cassava/data/raw/train_images/547866885.jpg,Healthy,CBSD,Diagnostic : Cassava Brown Streak Disease (CBSD). Cette feuille de manioc présente des symptômes caractéristiques de cette condition.,False
/home/hounfodjidagba/learning/cassava/data/cbsd-1/1617097735007.jpg,CBSD,CBSD,Diagnostic : Cassava Brown Streak Disease (CBSD). Cette feuille de manioc présente des symptômes caractéristiques de cette condition.,True
/home/hounfodjidagba/learning/cassava/data/raw/train_images/2237375719.jpg,Healthy,CBSD,Diagnostic : Cassava Brown Streak Disease (CBSD). Cette feuille de manioc présente des symptômes caractéristiques de cette condition.,False
/home/hounfodjidagba/learning/cassava/data/raw/train_images/2388932359.jpg,Cassava Green Mottle (CGM),CBSD,Diagnostic : Cassava Brown Streak Disease (CBSD). Cette feuille de manioc présente des symptômes caractéristiques de cette condition.,False
/home/hounfodjidagba/learning/cassava/data/raw/train_images/1763486772.jpg,Healthy,Healthy,Diagnostic : Healthy. Cette feuille de manioc présente des symptômes caractéristiques de cette condition.,True
/home/hounfodjidagba/learning/cassava/data/cassava/train/cmd/train-cmd-144.jpg,Cassava Mosaic Disease (CMD),CMD,Diagnostic : Cassava Mosaic Disease (CMD). Cette feuille de manioc présente des symptômes caractéristiques de cette condition.,False
/home/hounfodjidagba/learning/cassava/data/raw/train_images/239633371.jpg,Healthy,CBB,Diagnostic : Cassava Bacterial Blight (CBB). Cette feuille de manioc présente des symptômes caractéristiques de cette condition.,False
/home/hounfodjidagba/learning/cassava/data/cassava/train/cbsd/train-cbsd-1023.jpg,Cassava Brown Streak Disease (CBSD),CBSD,Diagnostic : Cassava Brown Streak Disease (CBSD). Cette feuille de manioc présente des symptômes caractéristiques de cette condition.,False
/home/hounfodjidagba/learning/cassava/data/cassava/train/cbb/train-cbb-28.jpg,CBB,CBB,Diagnostic : Cassava Bacterial Blight (CBB). Cette feuille de manioc présente des symptômes caractéristiques de cette condition.,True
/home/hounfodjidagba/learning/cassava/data/healthy_001/1617002505012.jpg,Healthy,Healthy,Diagnostic : Healthy. Cette feuille de manioc présente des symptômes caractéristiques de cette condition.,True
/home/hounfodjidagba/learning/cassava/data/raw/train_images/651041869.jpg,CGM,CBB,Diagnostic : Cassava Bacterial Blight (CBB). Cette feuille de manioc présente des symptômes caractéristiques de cette condition.,False
/home/hounfodjidagba/learning/cassava/data/raw/train_images/1307416806.jpg,Cassava Brown Streak Disease (CBSD),CBSD,Diagnostic : Cassava Brown Streak Disease (CBSD). Cette feuille de manioc présente des symptômes caractéristiques de cette condition.,False
/home/hounfodjidagba/learning/cassava/data/raw/train_images/4233882902.jpg,CBSD,CBSD,Diagnostic : Cassava Brown Streak Disease (CBSD). Cette feuille de manioc présente des symptômes caractéristiques de cette condition.,True
/home/hounfodjidagba/learning/cassava/data/raw/train_images/678707458.jpg,CBB,CBB,Diagnostic : Cassava Bacterial Blight (CBB). Cette feuille de manioc présente des symptômes caractéristiques de cette condition.,True
/home/hounfodjidagba/learning/cassava/data/raw/train_images/2754438166.jpg,Cassava Mosaic Disease (CMD),CMD,Diagnostic : Cassava Mosaic Disease (CMD). Cette feuille de manioc présente des symptômes caractéristiques de cette condition.,False
/home/hounfodjidagba/learning/cassava/data/cassava/train/cbsd/train-cbsd-279.jpg,Cassava Brown Streak Disease (CBSD),CMD,Diagnostic : Cassava Mosaic Disease (CMD). Cette feuille de manioc présente des symptômes caractéristiques de cette condition.,False
/home/hounfodjidagba/learning/cassava/data/cmd_003/uuid_5bf0ac2f-bf05-4b4e-ac5d-ee0f342f110e.jpg,Cassava Mosaic Disease (CMD),CMD,Diagnostic : Cassava Mosaic Disease (CMD). Cette feuille de manioc présente des symptômes caractéristiques de cette condition.,False
/home/hounfodjidagba/learning/cassava/data/raw/train_images/2481691686.jpg,CMD,CMD,Diagnostic : Cassava Mosaic Disease (CMD). Cette feuille de manioc présente des symptômes caractéristiques de cette condition.,True
/home/hounfodjidagba/learning/cassava/data/cmd_004/uuid_c5f7fedf-c916-4888-b2fa-db75c4d44360.jpg,CMD,CMD,Diagnostic : Cassava Mosaic Disease (CMD). Cette feuille de manioc présente des symptômes caractéristiques de cette condition.,True
/home/hounfodjidagba/learning/cassava/data/cmd_004/uuid_d69763c8-f233-45d5-b3a6-f42883107daa.jpg,Cassava Mosaic Disease (CMD),CMD,Diagnostic : Cassava Mosaic Disease (CMD). Cette feuille de manioc présente des symptômes caractéristiques de cette condition.,False
/home/hounfodjidagba/learning/cassava/data/cassava/train/cmd/train-cmd-1180.jpg,Cassava Mosaic Disease (CMD),CMD,Diagnostic : Cassava Mosaic Disease (CMD). Cette feuille de manioc présente des symptômes caractéristiques de cette condition.,False
/home/hounfodjidagba/learning/cassava/data/raw/train_images/2563788715.jpg,Cassava Mosaic Disease (CMD),CMD,Diagnostic : Cassava Mosaic Disease (CMD). Cette feuille de manioc présente des symptômes caractéristiques de cette condition.,False
/home/hounfodjidagba/learning/cassava/data/raw/train_images/4251608120.jpg,CGM,CGM,Diagnostic : Cassava Green Mottle (CGM). Cette feuille de manioc présente des symptômes caractéristiques de cette condition.,True
/home/hounfodjidagba/learning/cassava/data/raw/train_images/1154146320.jpg,Cassava Mosaic Disease (CMD),CMD,Diagnostic : Cassava Mosaic Disease (CMD). Cette feuille de manioc présente des symptômes caractéristiques de cette condition.,False
/home/hounfodjidagba/learning/cassava/data/raw/train_images/375377758.jpg,Cassava Bacterial Blight (CBB),CBB,Diagnostic : Cassava Bacterial Blight (CBB). Cette feuille de manioc présente des symptômes caractéristiques de cette condition.,False
/home/hounfodjidagba/learning/cassava/data/cassava/train/cmd/train-cmd-2264.jpg,CMD,CMD,Diagnostic : Cassava Mosaic Disease (CMD). Cette feuille de manioc présente des symptômes caractéristiques de cette condition.,True
/home/hounfodjidagba/learning/cassava/data/raw/train_images/2957271805.jpg,Cassava Mosaic Disease (CMD),CMD,Diagnostic : Cassava Mosaic Disease (CMD). Cette feuille de manioc présente des symptômes caractéristiques de cette condition.,False
/home/hounfodjidagba/learning/cassava/data/raw/train_images/3194661838.jpg,CMD,CMD,Diagnostic : Cassava Mosaic Disease (CMD). Cette feuille de manioc présente des symptômes caractéristiques de cette condition.,True
/home/hounfodjidagba/learning/cassava/data/cassava/train/cbsd/train-cbsd-226.jpg,Cassava Brown Streak Disease (CBSD),CBSD,Diagnostic : Cassava Brown Streak Disease (CBSD). Cette feuille de manioc présente des symptômes caractéristiques de cette condition.,False
/home/hounfodjidagba/learning/cassava/data/cmd_002/uuid_1a063828-6499-473a-8769-d901af554c88.jpg,Cassava Mosaic Disease (CMD),CMD,Diagnostic : Cassava Mosaic Disease (CMD). Cette feuille de manioc présente des symptômes caractéristiques de cette condition.,False
/home/hounfodjidagba/learning/cassava/data/raw/train_images/2806021040.jpg,Healthy,CBB,Diagnostic : Cassava Bacterial Blight (CBB). Cette feuille de manioc présente des symptômes caractéristiques de cette condition.,False
/home/hounfodjidagba/learning/cassava/data/cmd_001/1616830583726.jpg,Cassava Mosaic Disease (CMD),CMD,Diagnostic : Cassava Mosaic Disease (CMD). Cette feuille de manioc présente des symptômes caractéristiques de cette condition.,False
/home/hounfodjidagba/learning/cassava/data/cmd_002/uuid_1cbbfe49-b15a-4f50-ad59-357daf600719.jpg,Cassava Mosaic Disease (CMD),CMD,Diagnostic : Cassava Mosaic Disease (CMD). Cette feuille de manioc présente des symptômes caractéristiques de cette condition.,False
/home/hounfodjidagba/learning/cassava/data/raw/train_images/1519657958.jpg,CGM,CGM,Diagnostic : Cassava Green Mottle (CGM). Cette feuille de manioc présente des symptômes caractéristiques de cette condition.,True
/home/hounfodjidagba/learning/cassava/data/cassava/train/cgm/train-cgm-14.jpg,Cassava Green Mottle (CGM),CGM,Diagnostic : Cassava Green Mottle (CGM). Cette feuille de manioc présente des symptômes caractéristiques de cette condition.,False
/home/hounfodjidagba/learning/cassava/data/cbsd-1/1617092276506.jpg,Cassava Brown Streak Disease (CBSD),CBSD,Diagnostic : Cassava Brown Streak Disease (CBSD). Cette feuille de manioc présente des symptômes caractéristiques de cette condition.,False
/home/hounfodjidagba/learning/cassava/data/raw/train_images/4242325516.jpg,CGM,CGM,Diagnostic : Cassava Green Mottle (CGM). Cette feuille de manioc présente des symptômes caractéristiques de cette condition.,True
/home/hounfodjidagba/learning/cassava/data/raw/train_images/2936902677.jpg,Cassava Mosaic Disease (CMD),CMD,Diagnostic : Cassava Mosaic Disease (CMD). Cette feuille de manioc présente des symptômes caractéristiques de cette condition.,False
/home/hounfodjidagba/learning/cassava/data/cassava/train/cbsd/train-cbsd-370.jpg,CBSD,CMD,Diagnostic : Cassava Mosaic Disease (CMD). Cette feuille de manioc présente des symptômes caractéristiques de cette condition.,False
/home/hounfodjidagba/learning/cassava/data/cassava/train/cbsd/train-cbsd-1293.jpg,Cassava Brown Streak Disease (CBSD),CMD,Diagnostic : Cassava Mosaic Disease (CMD). Cette feuille de manioc présente des symptômes caractéristiques de cette condition.,False
/home/hounfodjidagba/learning/cassava/data/cmd_003/uuid_6e305bb9-39cf-4a35-b9e9-6f58fd221042.jpg,Cassava Mosaic Disease (CMD),CMD,Diagnostic : Cassava Mosaic Disease (CMD). Cette feuille de manioc présente des symptômes caractéristiques de cette condition.,False
/home/hounfodjidagba/learning/cassava/data/raw/train_images/3579904762.jpg,Cassava Bacterial Blight (CBB),CBB,Diagnostic : Cassava Bacterial Blight (CBB). Cette feuille de manioc présente des symptômes caractéristiques de cette condition.,False
/home/hounfodjidagba/learning/cassava/data/raw/train_images/261186049.jpg,Cassava Mosaic Disease (CMD),CMD,Diagnostic : Cassava Mosaic Disease (CMD). Cette feuille de manioc présente des symptômes caractéristiques de cette condition.,False
/home/hounfodjidagba/learning/cassava/data/raw/train_images/4089645917.jpg,Healthy,Healthy,Diagnostic : Healthy. Cette feuille de manioc présente des symptômes caractéristiques de cette condition.,True
/home/hounfodjidagba/learning/cassava/data/cmd_001/1616830673030.jpg,Cassava Mosaic Disease (CMD),CMD,Diagnostic : Cassava Mosaic Disease (CMD). Cette feuille de manioc présente des symptômes caractéristiques de cette condition.,False
/home/hounfodjidagba/learning/cassava/data/healthy_001/1617183214536.jpg,Healthy,Healthy,Diagnostic : Healthy. Cette feuille de manioc présente des symptômes caractéristiques de cette condition.,True
/home/hounfodjidagba/learning/cassava/data/cassava/train/cbb/train-cbb-37.jpg,CBB,CBB,Diagnostic : Cassava Bacterial Blight (CBB). Cette feuille de manioc présente des symptômes caractéristiques de cette condition.,True
/home/hounfodjidagba/learning/cassava/data/raw/train_images/328959114.jpg,Cassava Green Mottle (CGM),CGM,Diagnostic : Cassava Green Mottle (CGM). Cette feuille de manioc présente des symptômes caractéristiques de cette condition.,False
/home/hounfodjidagba/learning/cassava/data/raw/train_images/1071660717.jpg,CMD,CMD,Diagnostic : Cassava Mosaic Disease (CMD). Cette feuille de manioc présente des symptômes caractéristiques de cette condition.,True
/home/hounfodjidagba/learning/cassava/data/raw/train_images/4220488715.jpg,Cassava Bacterial Blight (CBB),CBB,Diagnostic : Cassava Bacterial Blight (CBB). Cette feuille de manioc présente des symptômes caractéristiques de cette condition.,False
/home/hounfodjidagba/learning/cassava/data/raw/train_images/660273630.jpg,Cassava Mosaic Disease (CMD),CMD,Diagnostic : Cassava Mosaic Disease (CMD). Cette feuille de manioc présente des symptômes caractéristiques de cette condition.,False
/home/hounfodjidagba/learning/cassava/data/cbsd-2/1617174816960.jpg,Cassava Brown Streak Disease (CBSD),CBSD,Diagnostic : Cassava Brown Streak Disease (CBSD). Cette feuille de manioc présente des symptômes caractéristiques de cette condition.,False
/home/hounfodjidagba/learning/cassava/data/raw/train_images/360356909.jpg,CBSD,CMD,Diagnostic : Cassava Mosaic Disease (CMD). Cette feuille de manioc présente des symptômes caractéristiques de cette condition.,False
/home/hounfodjidagba/learning/cassava/data/cmd_005/uuid_8c2ba14b-1b66-4fc9-9af2-a3cef08919ed.jpg,CMD,CMD,Diagnostic : Cassava Mosaic Disease (CMD). Cette feuille de manioc présente des symptômes caractéristiques de cette condition.,True
/home/hounfodjidagba/learning/cassava/data/cassava/train/cbsd/train-cbsd-705.jpg,Cassava Brown Streak Disease (CBSD),CBSD,Diagnostic : Cassava Brown Streak Disease (CBSD). Cette feuille de manioc présente des symptômes caractéristiques de cette condition.,False
/home/hounfodjidagba/learning/cassava/data/raw/train_images/161407663.jpg,CGM,CMD,Diagnostic : Cassava Mosaic Disease (CMD). Cette feuille de manioc présente des symptômes caractéristiques de cette condition.,False
/home/hounfodjidagba/learning/cassava/data/cassava/train/cbsd/train-cbsd-1009.jpg,Cassava Brown Streak Disease (CBSD),CMD,Diagnostic : Cassava Mosaic Disease (CMD). Cette feuille de manioc présente des symptômes caractéristiques de cette condition.,False
/home/hounfodjidagba/learning/cassava/data/cassava/train/cbb/train-cbb-214.jpg,CBB,CBB,Diagnostic : Cassava Bacterial Blight (CBB). Cette feuille de manioc présente des symptômes caractéristiques de cette condition.,True
/home/hounfodjidagba/learning/cassava/data/cassava/train/cmd/train-cmd-1594.jpg,Cassava Mosaic Disease (CMD),CMD,Diagnostic : Cassava Mosaic Disease (CMD). Cette feuille de manioc présente des symptômes caractéristiques de cette condition.,False
/home/hounfodjidagba/learning/cassava/data/raw/train_images/3454772304.jpg,Cassava Bacterial Blight (CBB),CBB,Diagnostic : Cassava Bacterial Blight (CBB). Cette feuille de manioc présente des symptômes caractéristiques de cette condition.,False
/home/hounfodjidagba/learning/cassava/data/raw/train_images/3370458852.jpg,CBB,CBB,Diagnostic : Cassava Bacterial Blight (CBB). Cette feuille de manioc présente des symptômes caractéristiques de cette condition.,True
/home/hounfodjidagba/learning/cassava/data/raw/train_images/762338204.jpg,CMD,CMD,Diagnostic : Cassava Mosaic Disease (CMD). Cette feuille de manioc présente des symptômes caractéristiques de cette condition.,True
/home/hounfodjidagba/learning/cassava/data/raw/train_images/2710931982.jpg,Cassava Mosaic Disease (CMD),CMD,Diagnostic : Cassava Mosaic Disease (CMD). Cette feuille de manioc présente des symptômes caractéristiques de cette condition.,False
/home/hounfodjidagba/learning/cassava/data/cbsd-1/1617105458089.jpg,Cassava Brown Streak Disease (CBSD),Healthy,Diagnostic : Healthy. Cette feuille de manioc présente des symptômes caractéristiques de cette condition.,False
/home/hounfodjidagba/learning/cassava/data/raw/train_images/3463523179.jpg,Healthy,Healthy,Diagnostic : Healthy. Cette feuille de manioc présente des symptômes caractéristiques de cette condition.,True
/home/hounfodjidagba/learning/cassava/data/raw/train_images/3712647499.jpg,Cassava Mosaic Disease (CMD),CMD,Diagnostic : Cassava Mosaic Disease (CMD). Cette feuille de manioc présente des symptômes caractéristiques de cette condition.,False
/home/hounfodjidagba/learning/cassava/data/cassava/train/cgm/train-cgm-499.jpg,CGM,CBSD,Diagnostic : Cassava Brown Streak Disease (CBSD). Cette feuille de manioc présente des symptômes caractéristiques de cette condition.,False
/home/hounfodjidagba/learning/cassava/data/raw/train_images/511089845.jpg,Healthy,Healthy,Diagnostic : Healthy. Cette feuille de manioc présente des symptômes caractéristiques de cette condition.,True
/home/hounfodjidagba/learning/cassava/data/healthy_002/1616760870989.jpg,Healthy,Healthy,Diagnostic : Healthy. Cette feuille de manioc présente des symptômes caractéristiques de cette condition.,True
/home/hounfodjidagba/learning/cassava/data/healthy_001/1617180908812.jpg,Healthy,CBSD,Diagnostic : Cassava Brown Streak Disease (CBSD). Cette feuille de manioc présente des symptômes caractéristiques de cette condition.,False
/home/hounfodjidagba/learning/cassava/data/raw/train_images/3974455402.jpg,CMD,CMD,Diagnostic : Cassava Mosaic Disease (CMD). Cette feuille de manioc présente des symptômes caractéristiques de cette condition.,True
/home/hounfodjidagba/learning/cassava/data/raw/train_images/4232654944.jpg,CGM,Healthy,Diagnostic : Healthy. Cette feuille de manioc présente des symptômes caractéristiques de cette condition.,False
/home/hounfodjidagba/learning/cassava/data/raw/train_images/3221415774.jpg,Cassava Mosaic Disease (CMD),CMD,Diagnostic : Cassava Mosaic Disease (CMD). Cette feuille de manioc présente des symptômes caractéristiques de cette condition.,False
/home/hounfodjidagba/learning/cassava/data/raw/train_images/1193576367.jpg,Cassava Mosaic Disease (CMD),CMD,Diagnostic : Cassava Mosaic Disease (CMD). Cette feuille de manioc présente des symptômes caractéristiques de cette condition.,False
/home/hounfodjidagba/learning/cassava/data/cbsd-1/1617104775267.jpg,Cassava Brown Streak Disease (CBSD),CBSD,Diagnostic : Cassava Brown Streak Disease (CBSD). Cette feuille de manioc présente des symptômes caractéristiques de cette condition.,False
/home/hounfodjidagba/learning/cassava/data/raw/train_images/2837753620.jpg,Cassava Green Mottle (CGM),CMD,Diagnostic : Cassava Mosaic Disease (CMD). Cette feuille de manioc présente des symptômes caractéristiques de cette condition.,False
/home/hounfodjidagba/learning/cassava/data/raw/train_images/1430955699.jpg,Cassava Bacterial Blight (CBB),CBB,Diagnostic : Cassava Bacterial Blight (CBB). Cette feuille de manioc présente des symptômes caractéristiques de cette condition.,False
/home/hounfodjidagba/learning/cassava/data/raw/train_images/1391150010.jpg,Cassava Green Mottle (CGM),CGM,Diagnostic : Cassava Green Mottle (CGM). Cette feuille de manioc présente des symptômes caractéristiques de cette condition.,False
/home/hounfodjidagba/learning/cassava/data/raw/train_images/515241983.jpg,Cassava Mosaic Disease (CMD),CMD,Diagnostic : Cassava Mosaic Disease (CMD). Cette feuille de manioc présente des symptômes caractéristiques de cette condition.,False
/home/hounfodjidagba/learning/cassava/data/raw/train_images/2232905491.jpg,Healthy,CMD,Diagnostic : Cassava Mosaic Disease (CMD). Cette feuille de manioc présente des symptômes caractéristiques de cette condition.,False
/home/hounfodjidagba/learning/cassava/data/raw/train_images/897638042.jpg,CBB,CBB,Diagnostic : Cassava Bacterial Blight (CBB). Cette feuille de manioc présente des symptômes caractéristiques de cette condition.,True
/home/hounfodjidagba/learning/cassava/data/raw/train_images/798023657.jpg,Cassava Bacterial Blight (CBB),CBB,Diagnostic : Cassava Bacterial Blight (CBB). Cette feuille de manioc présente des symptômes caractéristiques de cette condition.,False
/home/hounfodjidagba/learning/cassava/data/cmd_001/1616911274477.jpg,Cassava Mosaic Disease (CMD),CMD,Diagnostic : Cassava Mosaic Disease (CMD). Cette feuille de manioc présente des symptômes caractéristiques de cette condition.,False
/home/hounfodjidagba/learning/cassava/data/cassava/train/cbb/train-cbb-86.jpg,Cassava Bacterial Blight (CBB),CBB,Diagnostic : Cassava Bacterial Blight (CBB). Cette feuille de manioc présente des symptômes caractéristiques de cette condition.,False
/home/hounfodjidagba/learning/cassava/data/healthy_001/1617173077513.jpg,Healthy,Healthy,Diagnostic : Healthy. Cette feuille de manioc présente des symptômes caractéristiques de cette condition.,True
/home/hounfodjidagba/learning/cassava/data/raw/train_images/3051541520.jpg,Cassava Mosaic Disease (CMD),CMD,Diagnostic : Cassava Mosaic Disease (CMD). Cette feuille de manioc présente des symptômes caractéristiques de cette condition.,False
/home/hounfodjidagba/learning/cassava/data/raw/train_images/3564843091.jpg,CMD,CMD,Diagnostic : Cassava Mosaic Disease (CMD). Cette feuille de manioc présente des symptômes caractéristiques de cette condition.,True
/home/hounfodjidagba/learning/cassava/data/cassava/train/cgm/train-cgm-43.jpg,CGM,CGM,Diagnostic : Cassava Green Mottle (CGM). Cette feuille de manioc présente des symptômes caractéristiques de cette condition.,True
/home/hounfodjidagba/learning/cassava/data/cmd_004/uuid_ddb31b18-dc62-428b-bef3-735b68f6ee61.jpg,CMD,CMD,Diagnostic : Cassava Mosaic Disease (CMD). Cette feuille de manioc présente des symptômes caractéristiques de cette condition.,True
/home/hounfodjidagba/learning/cassava/data/cassava/train/cbsd/train-cbsd-566.jpg,CBSD,CBSD,Diagnostic : Cassava Brown Streak Disease (CBSD). Cette feuille de manioc présente des symptômes caractéristiques de cette condition.,True
/home/hounfodjidagba/learning/cassava/data/raw/train_images/249712703.jpg,CBSD,CBSD,Diagnostic : Cassava Brown Streak Disease (CBSD). Cette feuille de manioc présente des symptômes caractéristiques de cette condition.,True
/home/hounfodjidagba/learning/cassava/data/raw/train_images/4122834254.jpg,CMD,CMD,Diagnostic : Cassava Mosaic Disease (CMD). Cette feuille de manioc présente des symptômes caractéristiques de cette condition.,True
/home/hounfodjidagba/learning/cassava/data/raw/train_images/4271963761.jpg,Cassava Green Mottle (CGM),CGM,Diagnostic : Cassava Green Mottle (CGM). Cette feuille de manioc présente des symptômes caractéristiques de cette condition.,False
/home/hounfodjidagba/learning/cassava/data/cbsd-1/1617104057087.jpg,CBSD,CBSD,Diagnostic : Cassava Brown Streak Disease (CBSD). Cette feuille de manioc présente des symptômes caractéristiques de cette condition.,True
/home/hounfodjidagba/learning/cassava/data/raw/train_images/3877698675.jpg,Cassava Mosaic Disease (CMD),CMD,Diagnostic : Cassava Mosaic Disease (CMD). Cette feuille de manioc présente des symptômes caractéristiques de cette condition.,False
/home/hounfodjidagba/learning/cassava/data/raw/train_images/2653828415.jpg,Cassava Bacterial Blight (CBB),CBSD,Diagnostic : Cassava Brown Streak Disease (CBSD). Cette feuille de manioc présente des symptômes caractéristiques de cette condition.,False
/home/hounfodjidagba/learning/cassava/data/raw/train_images/2085823072.jpg,CBSD,CBSD,Diagnostic : Cassava Brown Streak Disease (CBSD). Cette feuille de manioc présente des symptômes caractéristiques de cette condition.,True
/home/hounfodjidagba/learning/cassava/data/raw/train_images/1840408344.jpg,Healthy,Healthy,Diagnostic : Healthy. Cette feuille de manioc présente des symptômes caractéristiques de cette condition.,True
/home/hounfodjidagba/learning/cassava/data/raw/train_images/3946349421.jpg,CMD,CMD,Diagnostic : Cassava Mosaic Disease (CMD). Cette feuille de manioc présente des symptômes caractéristiques de cette condition.,True
/home/hounfodjidagba/learning/cassava/data/cmd_001/1616998447868.jpg,CMD,CMD,Diagnostic : Cassava Mosaic Disease (CMD). Cette feuille de manioc présente des symptômes caractéristiques de cette condition.,True
/home/hounfodjidagba/learning/cassava/data/raw/train_images/2851112716.jpg,Cassava Brown Streak Disease (CBSD),CMD,Diagnostic : Cassava Mosaic Disease (CMD). Cette feuille de manioc présente des symptômes caractéristiques de cette condition.,False
/home/hounfodjidagba/learning/cassava/data/raw/train_images/1471429626.jpg,Cassava Green Mottle (CGM),CMD,Diagnostic : Cassava Mosaic Disease (CMD). Cette feuille de manioc présente des symptômes caractéristiques de cette condition.,False
/home/hounfodjidagba/learning/cassava/data/healthy_002/1616752167971.jpg,Healthy,Healthy,Diagnostic : Healthy. Cette feuille de manioc présente des symptômes caractéristiques de cette condition.,True
/home/hounfodjidagba/learning/cassava/data/raw/train_images/1320006527.jpg,CMD,CMD,Diagnostic : Cassava Mosaic Disease (CMD). Cette feuille de manioc présente des symptômes caractéristiques de cette condition.,True
/home/hounfodjidagba/learning/cassava/data/raw/train_images/3441418915.jpg,Healthy,CBB,Diagnostic : Cassava Bacterial Blight (CBB). Cette feuille de manioc présente des symptômes caractéristiques de cette condition.,False
/home/hounfodjidagba/learning/cassava/data/raw/train_images/1119847734.jpg,Cassava Bacterial Blight (CBB),CBSD,Diagnostic : Cassava Brown Streak Disease (CBSD). Cette feuille de manioc présente des symptômes caractéristiques de cette condition.,False
/home/hounfodjidagba/learning/cassava/data/raw/train_images/2319938868.jpg,Cassava Mosaic Disease (CMD),CMD,Diagnostic : Cassava Mosaic Disease (CMD). Cette feuille de manioc présente des symptômes caractéristiques de cette condition.,False
/home/hounfodjidagba/learning/cassava/data/cmd_003/uuid_5d19444b-2489-4499-9f46-7cee19c69946.jpg,CMD,CMD,Diagnostic : Cassava Mosaic Disease (CMD). Cette feuille de manioc présente des symptômes caractéristiques de cette condition.,True
/home/hounfodjidagba/learning/cassava/data/raw/train_images/1924812792.jpg,Cassava Mosaic Disease (CMD),CMD,Diagnostic : Cassava Mosaic Disease (CMD). Cette feuille de manioc présente des symptômes caractéristiques de cette condition.,False
/home/hounfodjidagba/learning/cassava/data/raw/train_images/2406261775.jpg,Cassava Bacterial Blight (CBB),CBB,Diagnostic : Cassava Bacterial Blight (CBB). Cette feuille de manioc présente des symptômes caractéristiques de cette condition.,False
/home/hounfodjidagba/learning/cassava/data/cassava/train/cbb/train-cbb-325.jpg,Cassava Bacterial Blight (CBB),CBSD,Diagnostic : Cassava Brown Streak Disease (CBSD). Cette feuille de manioc présente des symptômes caractéristiques de cette condition.,False
/home/hounfodjidagba/learning/cassava/data/cassava/train/cbsd/train-cbsd-113.jpg,CBSD,CBSD,Diagnostic : Cassava Brown Streak Disease (CBSD). Cette feuille de manioc présente des symptômes caractéristiques de cette condition.,True
/home/hounfodjidagba/learning/cassava/data/raw/train_images/2839068946.jpg,Healthy,CBSD,Diagnostic : Cassava Brown Streak Disease (CBSD). Cette feuille de manioc présente des symptômes caractéristiques de cette condition.,False
/home/hounfodjidagba/learning/cassava/data/raw/train_images/1703706380.jpg,CMD,CMD,Diagnostic : Cassava Mosaic Disease (CMD). Cette feuille de manioc présente des symptômes caractéristiques de cette condition.,True
/home/hounfodjidagba/learning/cassava/data/cmd_003/uuid_3fbde37d-fa43-4a7b-a1e9-2c9b72e5a413.jpg,CMD,CMD,Diagnostic : Cassava Mosaic Disease (CMD). Cette feuille de manioc présente des symptômes caractéristiques de cette condition.,True
/home/hounfodjidagba/learning/cassava/data/cassava/train/cgm/train-cgm-706.jpg,Cassava Green Mottle (CGM),CGM,Diagnostic : Cassava Green Mottle (CGM). Cette feuille de manioc présente des symptômes caractéristiques de cette condition.,False
/home/hounfodjidagba/learning/cassava/data/cbsd-1/1617093264222.jpg,CBSD,CBSD,Diagnostic : Cassava Brown Streak Disease (CBSD). Cette feuille de manioc présente des symptômes caractéristiques de cette condition.,True
/home/hounfodjidagba/learning/cassava/data/cbsd-1/1617103662495.jpg,CBSD,CBSD,Diagnostic : Cassava Brown Streak Disease (CBSD). Cette feuille de manioc présente des symptômes caractéristiques de cette condition.,True
/home/hounfodjidagba/learning/cassava/data/cmd_002/uuid_1da7434f-69f5-4459-983c-f5dc3bd6682e.jpg,CMD,CMD,Diagnostic : Cassava Mosaic Disease (CMD). Cette feuille de manioc présente des symptômes caractéristiques de cette condition.,True
/home/hounfodjidagba/learning/cassava/data/raw/train_images/486378688.jpg,CMD,CMD,Diagnostic : Cassava Mosaic Disease (CMD). Cette feuille de manioc présente des symptômes caractéristiques de cette condition.,True
/home/hounfodjidagba/learning/cassava/data/raw/train_images/1123269893.jpg,CBB,CBSD,Diagnostic : Cassava Brown Streak Disease (CBSD). Cette feuille de manioc présente des symptômes caractéristiques de cette condition.,False
/home/hounfodjidagba/learning/cassava/data/cmd_002/uuid_2e475234-358d-4d66-b818-f5fca7f32a0e.jpg,Cassava Mosaic Disease (CMD),CMD,Diagnostic : Cassava Mosaic Disease (CMD). Cette feuille de manioc présente des symptômes caractéristiques de cette condition.,False
/home/hounfodjidagba/learning/cassava/data/raw/train_images/1529371079.jpg,CGM,CGM,Diagnostic : Cassava Green Mottle (CGM). Cette feuille de manioc présente des symptômes caractéristiques de cette condition.,True
/home/hounfodjidagba/learning/cassava/data/raw/train_images/2828211930.jpg,CMD,CMD,Diagnostic : Cassava Mosaic Disease (CMD). Cette feuille de manioc présente des symptômes caractéristiques de cette condition.,True
/home/hounfodjidagba/learning/cassava/data/raw/train_images/3385271207.jpg,CBB,CBB,Diagnostic : Cassava Bacterial Blight (CBB). Cette feuille de manioc présente des symptômes caractéristiques de cette condition.,True
/home/hounfodjidagba/learning/cassava/data/raw/train_images/3808339599.jpg,CGM,CGM,Diagnostic : Cassava Green Mottle (CGM). Cette feuille de manioc présente des symptômes caractéristiques de cette condition.,True
/home/hounfodjidagba/learning/cassava/data/raw/train_images/2692453687.jpg,Cassava Mosaic Disease (CMD),CMD,Diagnostic : Cassava Mosaic Disease (CMD). Cette feuille de manioc présente des symptômes caractéristiques de cette condition.,False
/home/hounfodjidagba/learning/cassava/data/raw/train_images/3337091008.jpg,CBSD,CMD,Diagnostic : Cassava Mosaic Disease (CMD). Cette feuille de manioc présente des symptômes caractéristiques de cette condition.,False
/home/hounfodjidagba/learning/cassava/data/raw/train_images/1459190919.jpg,CMD,CMD,Diagnostic : Cassava Mosaic Disease (CMD). Cette feuille de manioc présente des symptômes caractéristiques de cette condition.,True
/home/hounfodjidagba/learning/cassava/data/cmd_004/uuid_207f65ba-3859-45f4-9e0b-1852eb7e946e.jpg,Cassava Mosaic Disease (CMD),CMD,Diagnostic : Cassava Mosaic Disease (CMD). Cette feuille de manioc présente des symptômes caractéristiques de cette condition.,False
/home/hounfodjidagba/learning/cassava/data/cassava/train/cmd/train-cmd-1166.jpg,Cassava Mosaic Disease (CMD),CMD,Diagnostic : Cassava Mosaic Disease (CMD). Cette feuille de manioc présente des symptômes caractéristiques de cette condition.,False
/home/hounfodjidagba/learning/cassava/data/cbsd-2/1617176780200.jpg,CBSD,CBSD,Diagnostic : Cassava Brown Streak Disease (CBSD). Cette feuille de manioc présente des symptômes caractéristiques de cette condition.,True
/home/hounfodjidagba/learning/cassava/data/cassava/train/cmd/train-cmd-1096.jpg,CMD,CMD,Diagnostic : Cassava Mosaic Disease (CMD). Cette feuille de manioc présente des symptômes caractéristiques de cette condition.,True
/home/hounfodjidagba/learning/cassava/data/raw/train_images/3545118265.jpg,Healthy,CBSD,Diagnostic : Cassava Brown Streak Disease (CBSD). Cette feuille de manioc présente des symptômes caractéristiques de cette condition.,False
/home/hounfodjidagba/learning/cassava/data/raw/train_images/1122970967.jpg,Healthy,CBB,Diagnostic : Cassava Bacterial Blight (CBB). Cette feuille de manioc présente des symptômes caractéristiques de cette condition.,False
/home/hounfodjidagba/learning/cassava/data/raw/train_images/3600266837.jpg,CBB,CBB,Diagnostic : Cassava Bacterial Blight (CBB). Cette feuille de manioc présente des symptômes caractéristiques de cette condition.,True
/home/hounfodjidagba/learning/cassava/data/raw/train_images/1393861868.jpg,CMD,CMD,Diagnostic : Cassava Mosaic Disease (CMD). Cette feuille de manioc présente des symptômes caractéristiques de cette condition.,True
/home/hounfodjidagba/learning/cassava/data/cmd_001/1616854630926.jpg,CMD,CMD,Diagnostic : Cassava Mosaic Disease (CMD). Cette feuille de manioc présente des symptômes caractéristiques de cette condition.,True
/home/hounfodjidagba/learning/cassava/data/raw/train_images/1274817063.jpg,CMD,CMD,Diagnostic : Cassava Mosaic Disease (CMD). Cette feuille de manioc présente des symptômes caractéristiques de cette condition.,True
/home/hounfodjidagba/learning/cassava/data/raw/train_images/1124291241.jpg,Cassava Bacterial Blight (CBB),CBB,Diagnostic : Cassava Bacterial Blight (CBB). Cette feuille de manioc présente des symptômes caractéristiques de cette condition.,False
/home/hounfodjidagba/learning/cassava/data/cmd_001/1617093648672.jpg,CMD,CMD,Diagnostic : Cassava Mosaic Disease (CMD). Cette feuille de manioc présente des symptômes caractéristiques de cette condition.,True
/home/hounfodjidagba/learning/cassava/data/raw/train_images/3498094604.jpg,CGM,CGM,Diagnostic : Cassava Green Mottle (CGM). Cette feuille de manioc présente des symptômes caractéristiques de cette condition.,True
/home/hounfodjidagba/learning/cassava/data/raw/train_images/3536918233.jpg,CGM,CMD,Diagnostic : Cassava Mosaic Disease (CMD). Cette feuille de manioc présente des symptômes caractéristiques de cette condition.,False
/home/hounfodjidagba/learning/cassava/data/raw/train_images/2359855528.jpg,Healthy,CMD,Diagnostic : Cassava Mosaic Disease (CMD). Cette feuille de manioc présente des symptômes caractéristiques de cette condition.,False
/home/hounfodjidagba/learning/cassava/data/raw/train_images/4270972443.jpg,Healthy,CBB,Diagnostic : Cassava Bacterial Blight (CBB). Cette feuille de manioc présente des symptômes caractéristiques de cette condition.,False
/home/hounfodjidagba/learning/cassava/data/raw/train_images/284130814.jpg,Healthy,Healthy,Diagnostic : Healthy. Cette feuille de manioc présente des symptômes caractéristiques de cette condition.,True
/home/hounfodjidagba/learning/cassava/data/raw/train_images/1239252841.jpg,Cassava Mosaic Disease (CMD),CMD,Diagnostic : Cassava Mosaic Disease (CMD). Cette feuille de manioc présente des symptômes caractéristiques de cette condition.,False
/home/hounfodjidagba/learning/cassava/data/raw/train_images/3700452393.jpg,Cassava Green Mottle (CGM),CGM,Diagnostic : Cassava Green Mottle (CGM). Cette feuille de manioc présente des symptômes caractéristiques de cette condition.,False
/home/hounfodjidagba/learning/cassava/data/raw/train_images/1194116552.jpg,CMD,CMD,Diagnostic : Cassava Mosaic Disease (CMD). Cette feuille de manioc présente des symptômes caractéristiques de cette condition.,True
/home/hounfodjidagba/learning/cassava/data/raw/train_images/2530669679.jpg,CMD,CMD,Diagnostic : Cassava Mosaic Disease (CMD). Cette feuille de manioc présente des symptômes caractéristiques de cette condition.,True
/home/hounfodjidagba/learning/cassava/data/cmd_004/uuid_687c288b-6042-44d1-8272-4fd0fadf8f73.jpg,Cassava Mosaic Disease (CMD),CMD,Diagnostic : Cassava Mosaic Disease (CMD). Cette feuille de manioc présente des symptômes caractéristiques de cette condition.,False
/home/hounfodjidagba/learning/cassava/data/raw/train_images/3415013179.jpg,CBB,CBB,Diagnostic : Cassava Bacterial Blight (CBB). Cette feuille de manioc présente des symptômes caractéristiques de cette condition.,True
/home/hounfodjidagba/learning/cassava/data/raw/train_images/812377482.jpg,CGM,CGM,Diagnostic : Cassava Green Mottle (CGM). Cette feuille de manioc présente des symptômes caractéristiques de cette condition.,True
/home/hounfodjidagba/learning/cassava/data/cassava/train/cgm/train-cgm-301.jpg,Cassava Green Mottle (CGM),CMD,Diagnostic : Cassava Mosaic Disease (CMD). Cette feuille de manioc présente des symptômes caractéristiques de cette condition.,False
/home/hounfodjidagba/learning/cassava/data/cbsd-1/1616834472270.jpg,CBSD,CBSD,Diagnostic : Cassava Brown Streak Disease (CBSD). Cette feuille de manioc présente des symptômes caractéristiques de cette condition.,True
/home/hounfodjidagba/learning/cassava/data/cbsd-2/1617107143137.jpg,Cassava Brown Streak Disease (CBSD),CBSD,Diagnostic : Cassava Brown Streak Disease (CBSD). Cette feuille de manioc présente des symptômes caractéristiques de cette condition.,False
/home/hounfodjidagba/learning/cassava/data/raw/train_images/1675424931.jpg,Cassava Green Mottle (CGM),CGM,Diagnostic : Cassava Green Mottle (CGM). Cette feuille de manioc présente des symptômes caractéristiques de cette condition.,False
/home/hounfodjidagba/learning/cassava/data/cbsd-1/1617103522548.jpg,Cassava Brown Streak Disease (CBSD),CBSD,Diagnostic : Cassava Brown Streak Disease (CBSD). Cette feuille de manioc présente des symptômes caractéristiques de cette condition.,False
/home/hounfodjidagba/learning/cassava/data/raw/train_images/3028047509.jpg,CMD,CMD,Diagnostic : Cassava Mosaic Disease (CMD). Cette feuille de manioc présente des symptômes caractéristiques de cette condition.,True
/home/hounfodjidagba/learning/cassava/data/raw/train_images/918675350.jpg,CMD,CMD,Diagnostic : Cassava Mosaic Disease (CMD). Cette feuille de manioc présente des symptômes caractéristiques de cette condition.,True
/home/hounfodjidagba/learning/cassava/data/cassava/train/cbsd/train-cbsd-318.jpg,CBSD,CBSD,Diagnostic : Cassava Brown Streak Disease (CBSD). Cette feuille de manioc présente des symptômes caractéristiques de cette condition.,True
/home/hounfodjidagba/learning/cassava/data/raw/train_images/3042287740.jpg,Cassava Mosaic Disease (CMD),CMD,Diagnostic : Cassava Mosaic Disease (CMD). Cette feuille de manioc présente des symptômes caractéristiques de cette condition.,False
/home/hounfodjidagba/learning/cassava/data/cassava/train/cgm/train-cgm-605.jpg,Cassava Green Mottle (CGM),CGM,Diagnostic : Cassava Green Mottle (CGM). Cette feuille de manioc présente des symptômes caractéristiques de cette condition.,False
/home/hounfodjidagba/learning/cassava/data/raw/train_images/3784730051.jpg,Cassava Mosaic Disease (CMD),CMD,Diagnostic : Cassava Mosaic Disease (CMD). Cette feuille de manioc présente des symptômes caractéristiques de cette condition.,False
/home/hounfodjidagba/learning/cassava/data/cbsd-2/1617106712900.jpg,Cassava Brown Streak Disease (CBSD),CBSD,Diagnostic : Cassava Brown Streak Disease (CBSD). Cette feuille de manioc présente des symptômes caractéristiques de cette condition.,False
/home/hounfodjidagba/learning/cassava/data/cmd_002/uuid_3d307524-8ef5-4a1e-942c-34509020ef0e.jpg,Cassava Mosaic Disease (CMD),CMD,Diagnostic : Cassava Mosaic Disease (CMD). Cette feuille de manioc présente des symptômes caractéristiques de cette condition.,False
/home/hounfodjidagba/learning/cassava/data/raw/train_images/3710947953.jpg,Healthy,Healthy,Diagnostic : Healthy. Cette feuille de manioc présente des symptômes caractéristiques de cette condition.,True
/home/hounfodjidagba/learning/cassava/data/raw/train_images/2523473053.jpg,CGM,CGM,Diagnostic : Cassava Green Mottle (CGM). Cette feuille de manioc présente des symptômes caractéristiques de cette condition.,True
/home/hounfodjidagba/learning/cassava/data/raw/train_images/2813858062.jpg,Cassava Green Mottle (CGM),CGM,Diagnostic : Cassava Green Mottle (CGM). Cette feuille de manioc présente des symptômes caractéristiques de cette condition.,False
/home/hounfodjidagba/learning/cassava/data/cmd_004/uuid_77635d46-30f0-473b-9eaf-7ae3ef9c91c8.jpg,CMD,CMD,Diagnostic : Cassava Mosaic Disease (CMD). Cette feuille de manioc présente des symptômes caractéristiques de cette condition.,True
/home/hounfodjidagba/learning/cassava/data/cassava/train/cgm/train-cgm-542.jpg,CGM,CGM,Diagnostic : Cassava Green Mottle (CGM). Cette feuille de manioc présente des symptômes caractéristiques de cette condition.,True
/home/hounfodjidagba/learning/cassava/data/cassava/train/cgm/train-cgm-576.jpg,Cassava Green Mottle (CGM),CMD,Diagnostic : Cassava Mosaic Disease (CMD). Cette feuille de manioc présente des symptômes caractéristiques de cette condition.,False
/home/hounfodjidagba/learning/cassava/data/raw/train_images/2583614987.jpg,CMD,CMD,Diagnostic : Cassava Mosaic Disease (CMD). Cette feuille de manioc présente des symptômes caractéristiques de cette condition.,True
/home/hounfodjidagba/learning/cassava/data/cmd_002/uuid_2a2c21c4-3b65-473b-ad72-26de68e2d128.jpg,CMD,CMD,Diagnostic : Cassava Mosaic Disease (CMD). Cette feuille de manioc présente des symptômes caractéristiques de cette condition.,True
/home/hounfodjidagba/learning/cassava/data/raw/train_images/1315340793.jpg,CMD,CMD,Diagnostic : Cassava Mosaic Disease (CMD). Cette feuille de manioc présente des symptômes caractéristiques de cette condition.,True
/home/hounfodjidagba/learning/cassava/data/raw/train_images/1971706918.jpg,Cassava Brown Streak Disease (CBSD),CBSD,Diagnostic : Cassava Brown Streak Disease (CBSD). Cette feuille de manioc présente des symptômes caractéristiques de cette condition.,False
/home/hounfodjidagba/learning/cassava/data/raw/train_images/1772478144.jpg,CMD,CMD,Diagnostic : Cassava Mosaic Disease (CMD). Cette feuille de manioc présente des symptômes caractéristiques de cette condition.,True
/home/hounfodjidagba/learning/cassava/data/raw/train_images/2705886783.jpg,Cassava Mosaic Disease (CMD),CMD,Diagnostic : Cassava Mosaic Disease (CMD). Cette feuille de manioc présente des symptômes caractéristiques de cette condition.,False
/home/hounfodjidagba/learning/cassava/data/raw/train_images/1968596086.jpg,Healthy,CMD,Diagnostic : Cassava Mosaic Disease (CMD). Cette feuille de manioc présente des symptômes caractéristiques de cette condition.,False
/home/hounfodjidagba/learning/cassava/data/raw/train_images/3108053126.jpg,CGM,CBB,Diagnostic : Cassava Bacterial Blight (CBB). Cette feuille de manioc présente des symptômes caractéristiques de cette condition.,False
/home/hounfodjidagba/learning/cassava/data/cmd_003/uuid_4b079991-e1b5-450b-8b1d-5de4852d3e9e.jpg,CMD,CMD,Diagnostic : Cassava Mosaic Disease (CMD). Cette feuille de manioc présente des symptômes caractéristiques de cette condition.,True
/home/hounfodjidagba/learning/cassava/data/raw/train_images/939861475.jpg,CMD,CMD,Diagnostic : Cassava Mosaic Disease (CMD). Cette feuille de manioc présente des symptômes caractéristiques de cette condition.,True
/home/hounfodjidagba/learning/cassava/data/raw/train_images/3836245009.jpg,Cassava Bacterial Blight (CBB),CBB,Diagnostic : Cassava Bacterial Blight (CBB). Cette feuille de manioc présente des symptômes caractéristiques de cette condition.,False
/home/hounfodjidagba/learning/cassava/data/raw/train_images/3384944329.jpg,Cassava Bacterial Blight (CBB),CBB,Diagnostic : Cassava Bacterial Blight (CBB). Cette feuille de manioc présente des symptômes caractéristiques de cette condition.,False
/home/hounfodjidagba/learning/cassava/data/raw/train_images/463306990.jpg,CMD,CMD,Diagnostic : Cassava Mosaic Disease (CMD). Cette feuille de manioc présente des symptômes caractéristiques de cette condition.,True
/home/hounfodjidagba/learning/cassava/data/raw/train_images/3368595399.jpg,CBB,CBB,Diagnostic : Cassava Bacterial Blight (CBB). Cette feuille de manioc présente des symptômes caractéristiques de cette condition.,True
/home/hounfodjidagba/learning/cassava/data/cbsd-2/1617175820250.jpg,Cassava Brown Streak Disease (CBSD),CBSD,Diagnostic : Cassava Brown Streak Disease (CBSD). Cette feuille de manioc présente des symptômes caractéristiques de cette condition.,False
/home/hounfodjidagba/learning/cassava/data/raw/train_images/1295150238.jpg,Cassava Mosaic Disease (CMD),CMD,Diagnostic : Cassava Mosaic Disease (CMD). Cette feuille de manioc présente des symptômes caractéristiques de cette condition.,False
/home/hounfodjidagba/learning/cassava/data/raw/train_images/1831389246.jpg,Cassava Mosaic Disease (CMD),CMD,Diagnostic : Cassava Mosaic Disease (CMD). Cette feuille de manioc présente des symptômes caractéristiques de cette condition.,False
/home/hounfodjidagba/learning/cassava/data/raw/train_images/3377176469.jpg,Cassava Mosaic Disease (CMD),CMD,Diagnostic : Cassava Mosaic Disease (CMD). Cette feuille de manioc présente des symptômes caractéristiques de cette condition.,False
/home/hounfodjidagba/learning/cassava/data/cbsd-1/1617104590209.jpg,CBSD,CBSD,Diagnostic : Cassava Brown Streak Disease (CBSD). Cette feuille de manioc présente des symptômes caractéristiques de cette condition.,True
/home/hounfodjidagba/learning/cassava/data/cassava/train/cmd/train-cmd-1188.jpg,Cassava Mosaic Disease (CMD),CMD,Diagnostic : Cassava Mosaic Disease (CMD). Cette feuille de manioc présente des symptômes caractéristiques de cette condition.,False
/home/hounfodjidagba/learning/cassava/data/raw/train_images/1870824948.jpg,Healthy,Healthy,Diagnostic : Healthy. Cette feuille de manioc présente des symptômes caractéristiques de cette condition.,True
/home/hounfodjidagba/learning/cassava/data/raw/train_images/413123167.jpg,Cassava Green Mottle (CGM),CGM,Diagnostic : Cassava Green Mottle (CGM). Cette feuille de manioc présente des symptômes caractéristiques de cette condition.,False
/home/hounfodjidagba/learning/cassava/data/raw/train_images/2735914869.jpg,Cassava Brown Streak Disease (CBSD),CBSD,Diagnostic : Cassava Brown Streak Disease (CBSD). Cette feuille de manioc présente des symptômes caractéristiques de cette condition.,False
/home/hounfodjidagba/learning/cassava/data/cmd_001/1616830175806.jpg,Cassava Mosaic Disease (CMD),CMD,Diagnostic : Cassava Mosaic Disease (CMD). Cette feuille de manioc présente des symptômes caractéristiques de cette condition.,False
/home/hounfodjidagba/learning/cassava/data/cbsd-1/1617104851126.jpg,CBSD,CBSD,Diagnostic : Cassava Brown Streak Disease (CBSD). Cette feuille de manioc présente des symptômes caractéristiques de cette condition.,True
/home/hounfodjidagba/learning/cassava/data/cbsd-1/1617095477416.jpg,CBSD,CBSD,Diagnostic : Cassava Brown Streak Disease (CBSD). Cette feuille de manioc présente des symptômes caractéristiques de cette condition.,True
/home/hounfodjidagba/learning/cassava/data/cmd_004/uuid_2788960e-eda8-4535-8603-bb19c86cc350.jpg,Cassava Mosaic Disease (CMD),CMD,Diagnostic : Cassava Mosaic Disease (CMD). Cette feuille de manioc présente des symptômes caractéristiques de cette condition.,False
/home/hounfodjidagba/learning/cassava/data/raw/train_images/4088770277.jpg,Cassava Bacterial Blight (CBB),CBSD,Diagnostic : Cassava Brown Streak Disease (CBSD). Cette feuille de manioc présente des symptômes caractéristiques de cette condition.,False
/home/hounfodjidagba/learning/cassava/data/cbsd-1/1617092391180.jpg,Cassava Brown Streak Disease (CBSD),CBSD,Diagnostic : Cassava Brown Streak Disease (CBSD). Cette feuille de manioc présente des symptômes caractéristiques de cette condition.,False
/home/hounfodjidagba/learning/cassava/data/raw/train_images/4272738876.jpg,CMD,CMD,Diagnostic : Cassava Mosaic Disease (CMD). Cette feuille de manioc présente des symptômes caractéristiques de cette condition.,True
/home/hounfodjidagba/learning/cassava/data/cbsd-1/1617097414817.jpg,Cassava Brown Streak Disease (CBSD),CBSD,Diagnostic : Cassava Brown Streak Disease (CBSD). Cette feuille de manioc présente des symptômes caractéristiques de cette condition.,False
/home/hounfodjidagba/learning/cassava/data/healthy_001/1617002161392.jpg,Healthy,Healthy,Diagnostic : Healthy. Cette feuille de manioc présente des symptômes caractéristiques de cette condition.,True
/home/hounfodjidagba/learning/cassava/data/raw/train_images/3269782382.jpg,Healthy,CMD,Diagnostic : Cassava Mosaic Disease (CMD). Cette feuille de manioc présente des symptômes caractéristiques de cette condition.,False
/home/hounfodjidagba/learning/cassava/data/raw/train_images/1768909120.jpg,Cassava Green Mottle (CGM),CGM,Diagnostic : Cassava Green Mottle (CGM). Cette feuille de manioc présente des symptômes caractéristiques de cette condition.,False
/home/hounfodjidagba/learning/cassava/data/raw/train_images/1620397384.jpg,Healthy,CGM,Diagnostic : Cassava Green Mottle (CGM). Cette feuille de manioc présente des symptômes caractéristiques de cette condition.,False
/home/hounfodjidagba/learning/cassava/data/raw/train_images/4137790344.jpg,Cassava Green Mottle (CGM),CGM,Diagnostic : Cassava Green Mottle (CGM). Cette feuille de manioc présente des symptômes caractéristiques de cette condition.,False
/home/hounfodjidagba/learning/cassava/data/raw/train_images/1499153374.jpg,CMD,CMD,Diagnostic : Cassava Mosaic Disease (CMD). Cette feuille de manioc présente des symptômes caractéristiques de cette condition.,True
/home/hounfodjidagba/learning/cassava/data/raw/train_images/1889645110.jpg,Cassava Mosaic Disease (CMD),CMD,Diagnostic : Cassava Mosaic Disease (CMD). Cette feuille de manioc présente des symptômes caractéristiques de cette condition.,False
/home/hounfodjidagba/learning/cassava/data/raw/train_images/4148306870.jpg,Cassava Green Mottle (CGM),CMD,Diagnostic : Cassava Mosaic Disease (CMD). Cette feuille de manioc présente des symptômes caractéristiques de cette condition.,False
/home/hounfodjidagba/learning/cassava/data/raw/train_images/620158263.jpg,Healthy,Healthy,Diagnostic : Healthy. Cette feuille de manioc présente des symptômes caractéristiques de cette condition.,True
/home/hounfodjidagba/learning/cassava/data/raw/train_images/565347582.jpg,Cassava Bacterial Blight (CBB),CBB,Diagnostic : Cassava Bacterial Blight (CBB). Cette feuille de manioc présente des symptômes caractéristiques de cette condition.,False
/home/hounfodjidagba/learning/cassava/data/raw/train_images/2997295640.jpg,Cassava Mosaic Disease (CMD),CMD,Diagnostic : Cassava Mosaic Disease (CMD). Cette feuille de manioc présente des symptômes caractéristiques de cette condition.,False
/home/hounfodjidagba/learning/cassava/data/raw/train_images/1557930579.jpg,CMD,CMD,Diagnostic : Cassava Mosaic Disease (CMD). Cette feuille de manioc présente des symptômes caractéristiques de cette condition.,True
/home/hounfodjidagba/learning/cassava/data/cbsd-2/1617175076826.jpg,CBSD,CBSD,Diagnostic : Cassava Brown Streak Disease (CBSD). Cette feuille de manioc présente des symptômes caractéristiques de cette condition.,True
/home/hounfodjidagba/learning/cassava/data/cmd_002/uuid_1d8d4170-bd58-4ba1-9020-2d99b7b75fe6.jpg,CMD,CMD,Diagnostic : Cassava Mosaic Disease (CMD). Cette feuille de manioc présente des symptômes caractéristiques de cette condition.,True
/home/hounfodjidagba/learning/cassava/data/raw/train_images/1003218714.jpg,CGM,CGM,Diagnostic : Cassava Green Mottle (CGM). Cette feuille de manioc présente des symptômes caractéristiques de cette condition.,True
/home/hounfodjidagba/learning/cassava/data/raw/train_images/3890031422.jpg,Healthy,CBB,Diagnostic : Cassava Bacterial Blight (CBB). Cette feuille de manioc présente des symptômes caractéristiques de cette condition.,False
/home/hounfodjidagba/learning/cassava/data/cassava/train/cbb/train-cbb-128.jpg,Cassava Bacterial Blight (CBB),CBB,Diagnostic : Cassava Bacterial Blight (CBB). Cette feuille de manioc présente des symptômes caractéristiques de cette condition.,False
/home/hounfodjidagba/learning/cassava/data/cmd_002/uuid_00e34c10-c0d3-4bb1-a5c1-470b22650d31.jpg,Cassava Mosaic Disease (CMD),CMD,Diagnostic : Cassava Mosaic Disease (CMD). Cette feuille de manioc présente des symptômes caractéristiques de cette condition.,False
/home/hounfodjidagba/learning/cassava/data/raw/train_images/2484137183.jpg,CGM,CGM,Diagnostic : Cassava Green Mottle (CGM). Cette feuille de manioc présente des symptômes caractéristiques de cette condition.,True
/home/hounfodjidagba/learning/cassava/data/cmd_003/uuid_6ce79293-f091-4418-8b00-cc6ec7069a75.jpg,CMD,CMD,Diagnostic : Cassava Mosaic Disease (CMD). Cette feuille de manioc présente des symptômes caractéristiques de cette condition.,True
/home/hounfodjidagba/learning/cassava/data/cmd_001/1616911681586.jpg,CMD,CMD,Diagnostic : Cassava Mosaic Disease (CMD). Cette feuille de manioc présente des symptômes caractéristiques de cette condition.,True
/home/hounfodjidagba/learning/cassava/data/raw/train_images/161407663.jpg,Cassava Green Mottle (CGM),CMD,Diagnostic : Cassava Mosaic Disease (CMD). Cette feuille de manioc présente des symptômes caractéristiques de cette condition.,False
/home/hounfodjidagba/learning/cassava/data/cbsd-1/1617098749679.jpg,CBSD,CBSD,Diagnostic : Cassava Brown Streak Disease (CBSD). Cette feuille de manioc présente des symptômes caractéristiques de cette condition.,True
/home/hounfodjidagba/learning/cassava/data/raw/train_images/1663857014.jpg,CGM,Healthy,Diagnostic : Healthy. Cette feuille de manioc présente des symptômes caractéristiques de cette condition.,False
/home/hounfodjidagba/learning/cassava/data/cassava/train/cbsd/train-cbsd-946.jpg,CBSD,CBB,Diagnostic : Cassava Bacterial Blight (CBB). Cette feuille de manioc présente des symptômes caractéristiques de cette condition.,False
/home/hounfodjidagba/learning/cassava/data/raw/train_images/3899552692.jpg,CMD,CMD,Diagnostic : Cassava Mosaic Disease (CMD). Cette feuille de manioc présente des symptômes caractéristiques de cette condition.,True
/home/hounfodjidagba/learning/cassava/data/cassava/train/cbb/train-cbb-289.jpg,Cassava Bacterial Blight (CBB),CMD,Diagnostic : Cassava Mosaic Disease (CMD). Cette feuille de manioc présente des symptômes caractéristiques de cette condition.,False
/home/hounfodjidagba/learning/cassava/data/cbsd-1/1617099615605.jpg,Cassava Brown Streak Disease (CBSD),CBSD,Diagnostic : Cassava Brown Streak Disease (CBSD). Cette feuille de manioc présente des symptômes caractéristiques de cette condition.,False
/home/hounfodjidagba/learning/cassava/data/healthy_002/1616765445690.jpg,Healthy,Healthy,Diagnostic : Healthy. Cette feuille de manioc présente des symptômes caractéristiques de cette condition.,True
/home/hounfodjidagba/learning/cassava/data/cassava/train/cbb/train-cbb-55.jpg,Cassava Bacterial Blight (CBB),CBB,Diagnostic : Cassava Bacterial Blight (CBB). Cette feuille de manioc présente des symptômes caractéristiques de cette condition.,False
/home/hounfodjidagba/learning/cassava/data/raw/train_images/2602456265.jpg,Cassava Mosaic Disease (CMD),CMD,Diagnostic : Cassava Mosaic Disease (CMD). Cette feuille de manioc présente des symptômes caractéristiques de cette condition.,False
/home/hounfodjidagba/learning/cassava/data/cassava/train/cmd/train-cmd-664.jpg,CMD,CMD,Diagnostic : Cassava Mosaic Disease (CMD). Cette feuille de manioc présente des symptômes caractéristiques de cette condition.,True
/home/hounfodjidagba/learning/cassava/data/cmd_003/uuid_5d7d02d7-05e0-4ac9-8ca9-5c736a68ae5e.jpg,Cassava Mosaic Disease (CMD),CMD,Diagnostic : Cassava Mosaic Disease (CMD). Cette feuille de manioc présente des symptômes caractéristiques de cette condition.,False
/home/hounfodjidagba/learning/cassava/data/raw/train_images/84024270.jpg,CMD,CMD,Diagnostic : Cassava Mosaic Disease (CMD). Cette feuille de manioc présente des symptômes caractéristiques de cette condition.,True
/home/hounfodjidagba/learning/cassava/data/raw/train_images/3872551880.jpg,CGM,CGM,Diagnostic : Cassava Green Mottle (CGM). Cette feuille de manioc présente des symptômes caractéristiques de cette condition.,True
/home/hounfodjidagba/learning/cassava/data/raw/train_images/3163944517.jpg,Cassava Mosaic Disease (CMD),CMD,Diagnostic : Cassava Mosaic Disease (CMD). Cette feuille de manioc présente des symptômes caractéristiques de cette condition.,False
/home/hounfodjidagba/learning/cassava/data/raw/train_images/3523363514.jpg,Cassava Mosaic Disease (CMD),CMD,Diagnostic : Cassava Mosaic Disease (CMD). Cette feuille de manioc présente des symptômes caractéristiques de cette condition.,False
/home/hounfodjidagba/learning/cassava/data/raw/train_images/1649487665.jpg,CMD,CMD,Diagnostic : Cassava Mosaic Disease (CMD). Cette feuille de manioc présente des symptômes caractéristiques de cette condition.,True
/home/hounfodjidagba/learning/cassava/data/raw/train_images/443656391.jpg,Healthy,CBSD,Diagnostic : Cassava Brown Streak Disease (CBSD). Cette feuille de manioc présente des symptômes caractéristiques de cette condition.,False
/home/hounfodjidagba/learning/cassava/data/raw/train_images/948559323.jpg,CBB,CBB,Diagnostic : Cassava Bacterial Blight (CBB). Cette feuille de manioc présente des symptômes caractéristiques de cette condition.,True
/home/hounfodjidagba/learning/cassava/data/raw/train_images/3529904728.jpg,CGM,CGM,Diagnostic : Cassava Green Mottle (CGM). Cette feuille de manioc présente des symptômes caractéristiques de cette condition.,True
/home/hounfodjidagba/learning/cassava/data/raw/train_images/3011636410.jpg,Cassava Brown Streak Disease (CBSD),CBSD,Diagnostic : Cassava Brown Streak Disease (CBSD). Cette feuille de manioc présente des symptômes caractéristiques de cette condition.,False
/home/hounfodjidagba/learning/cassava/data/raw/train_images/3548257728.jpg,CBB,CBB,Diagnostic : Cassava Bacterial Blight (CBB). Cette feuille de manioc présente des symptômes caractéristiques de cette condition.,True
/home/hounfodjidagba/learning/cassava/data/raw/train_images/7830631.jpg,CGM,CMD,Diagnostic : Cassava Mosaic Disease (CMD). Cette feuille de manioc présente des symptômes caractéristiques de cette condition.,False
/home/hounfodjidagba/learning/cassava/data/raw/train_images/3661855694.jpg,Cassava Mosaic Disease (CMD),CMD,Diagnostic : Cassava Mosaic Disease (CMD). Cette feuille de manioc présente des symptômes caractéristiques de cette condition.,False
/home/hounfodjidagba/learning/cassava/data/raw/train_images/498735095.jpg,CMD,CMD,Diagnostic : Cassava Mosaic Disease (CMD). Cette feuille de manioc présente des symptômes caractéristiques de cette condition.,True
/home/hounfodjidagba/learning/cassava/data/raw/train_images/464249040.jpg,Healthy,CBB,Diagnostic : Cassava Bacterial Blight (CBB). Cette feuille de manioc présente des symptômes caractéristiques de cette condition.,False
/home/hounfodjidagba/learning/cassava/data/cmd_004/uuid_4891aad6-b14d-4529-a04b-b8a2efc7ccd0.jpg,CMD,CMD,Diagnostic : Cassava Mosaic Disease (CMD). Cette feuille de manioc présente des symptômes caractéristiques de cette condition.,True
/home/hounfodjidagba/learning/cassava/data/healthy_002/1616767346113.jpg,Healthy,Healthy,Diagnostic : Healthy. Cette feuille de manioc présente des symptômes caractéristiques de cette condition.,True
/home/hounfodjidagba/learning/cassava/data/raw/train_images/3152667123.jpg,CMD,CMD,Diagnostic : Cassava Mosaic Disease (CMD). Cette feuille de manioc présente des symptômes caractéristiques de cette condition.,True
/home/hounfodjidagba/learning/cassava/data/cbsd-1/1617099740778.jpg,CBSD,CBSD,Diagnostic : Cassava Brown Streak Disease (CBSD). Cette feuille de manioc présente des symptômes caractéristiques de cette condition.,True
/home/hounfodjidagba/learning/cassava/data/raw/train_images/346440736.jpg,Cassava Mosaic Disease (CMD),CMD,Diagnostic : Cassava Mosaic Disease (CMD). Cette feuille de manioc présente des symptômes caractéristiques de cette condition.,False
/home/hounfodjidagba/learning/cassava/data/raw/train_images/2107635089.jpg,CBSD,CMD,Diagnostic : Cassava Mosaic Disease (CMD). Cette feuille de manioc présente des symptômes caractéristiques de cette condition.,False
/home/hounfodjidagba/learning/cassava/data/raw/train_images/3568561283.jpg,CGM,Healthy,Diagnostic : Healthy. Cette feuille de manioc présente des symptômes caractéristiques de cette condition.,False
/home/hounfodjidagba/learning/cassava/data/raw/train_images/1804175748.jpg,CMD,CMD,Diagnostic : Cassava Mosaic Disease (CMD). Cette feuille de manioc présente des symptômes caractéristiques de cette condition.,True
/home/hounfodjidagba/learning/cassava/data/cmd_003/uuid_6a9c9843-1158-4a01-b975-e77321813bd7.jpg,CMD,CMD,Diagnostic : Cassava Mosaic Disease (CMD). Cette feuille de manioc présente des symptômes caractéristiques de cette condition.,True
/home/hounfodjidagba/learning/cassava/data/raw/train_images/67533463.jpg,Cassava Bacterial Blight (CBB),CBB,Diagnostic : Cassava Bacterial Blight (CBB). Cette feuille de manioc présente des symptômes caractéristiques de cette condition.,False
/home/hounfodjidagba/learning/cassava/data/cbsd-1/1617104422123.jpg,Cassava Brown Streak Disease (CBSD),CBSD,Diagnostic : Cassava Brown Streak Disease (CBSD). Cette feuille de manioc présente des symptômes caractéristiques de cette condition.,False
/home/hounfodjidagba/learning/cassava/data/cmd_001/1616824480821.jpg,Cassava Mosaic Disease (CMD),CMD,Diagnostic : Cassava Mosaic Disease (CMD). Cette feuille de manioc présente des symptômes caractéristiques de cette condition.,False
/home/hounfodjidagba/learning/cassava/data/raw/train_images/1012426959.jpg,Cassava Bacterial Blight (CBB),CBB,Diagnostic : Cassava Bacterial Blight (CBB). Cette feuille de manioc présente des symptômes caractéristiques de cette condition.,False
/home/hounfodjidagba/learning/cassava/data/raw/train_images/61139702.jpg,Cassava Mosaic Disease (CMD),CMD,Diagnostic : Cassava Mosaic Disease (CMD). Cette feuille de manioc présente des symptômes caractéristiques de cette condition.,False
/home/hounfodjidagba/learning/cassava/data/cbsd-1/1617099015273.jpg,CBSD,CBSD,Diagnostic : Cassava Brown Streak Disease (CBSD). Cette feuille de manioc présente des symptômes caractéristiques de cette condition.,True
/home/hounfodjidagba/learning/cassava/data/raw/train_images/2030983872.jpg,CGM,CBSD,Diagnostic : Cassava Brown Streak Disease (CBSD). Cette feuille de manioc présente des symptômes caractéristiques de cette condition.,False
/home/hounfodjidagba/learning/cassava/data/cassava/train/cgm/train-cgm-302.jpg,Cassava Green Mottle (CGM),CGM,Diagnostic : Cassava Green Mottle (CGM). Cette feuille de manioc présente des symptômes caractéristiques de cette condition.,False
/home/hounfodjidagba/learning/cassava/data/cmd_002/uuid_2ae79977-b965-485e-ad0b-4b5570524782.jpg,Cassava Mosaic Disease (CMD),CMD,Diagnostic : Cassava Mosaic Disease (CMD). Cette feuille de manioc présente des symptômes caractéristiques de cette condition.,False
/home/hounfodjidagba/learning/cassava/data/raw/train_images/4091748271.jpg,CBSD,CBSD,Diagnostic : Cassava Brown Streak Disease (CBSD). Cette feuille de manioc présente des symptômes caractéristiques de cette condition.,True
/home/hounfodjidagba/learning/cassava/data/cassava/train/cgm/train-cgm-0.jpg,Cassava Green Mottle (CGM),CGM,Diagnostic : Cassava Green Mottle (CGM). Cette feuille de manioc présente des symptômes caractéristiques de cette condition.,False
/home/hounfodjidagba/learning/cassava/data/raw/train_images/1335010337.jpg,Cassava Green Mottle (CGM),CGM,Diagnostic : Cassava Green Mottle (CGM). Cette feuille de manioc présente des symptômes caractéristiques de cette condition.,False
/home/hounfodjidagba/learning/cassava/data/cbsd-1/1617099800790.jpg,CBSD,CBSD,Diagnostic : Cassava Brown Streak Disease (CBSD). Cette feuille de manioc présente des symptômes caractéristiques de cette condition.,True
/home/hounfodjidagba/learning/cassava/data/cbsd-2/1617106784705.jpg,Cassava Brown Streak Disease (CBSD),CBSD,Diagnostic : Cassava Brown Streak Disease (CBSD). Cette feuille de manioc présente des symptômes caractéristiques de cette condition.,False
/home/hounfodjidagba/learning/cassava/data/cassava/train/cmd/train-cmd-1754.jpg,Cassava Mosaic Disease (CMD),CMD,Diagnostic : Cassava Mosaic Disease (CMD). Cette feuille de manioc présente des symptômes caractéristiques de cette condition.,False
/home/hounfodjidagba/learning/cassava/data/healthy_002/1616765324183.jpg,Healthy,CBSD,Diagnostic : Cassava Brown Streak Disease (CBSD). Cette feuille de manioc présente des symptômes caractéristiques de cette condition.,False
/home/hounfodjidagba/learning/cassava/data/cassava/train/cgm/train-cgm-641.jpg,CGM,CGM,Diagnostic : Cassava Green Mottle (CGM). Cette feuille de manioc présente des symptômes caractéristiques de cette condition.,True
/home/hounfodjidagba/learning/cassava/data/raw/train_images/1269528724.jpg,Cassava Mosaic Disease (CMD),CMD,Diagnostic : Cassava Mosaic Disease (CMD). Cette feuille de manioc présente des symptômes caractéristiques de cette condition.,False
/home/hounfodjidagba/learning/cassava/data/cbsd-2/1617176580807.jpg,CBSD,CBSD,Diagnostic : Cassava Brown Streak Disease (CBSD). Cette feuille de manioc présente des symptômes caractéristiques de cette condition.,True
/home/hounfodjidagba/learning/cassava/data/cassava/train/cbb/train-cbb-349.jpg,Cassava Bacterial Blight (CBB),CBSD,Diagnostic : Cassava Brown Streak Disease (CBSD). Cette feuille de manioc présente des symptômes caractéristiques de cette condition.,False
/home/hounfodjidagba/learning/cassava/data/raw/train_images/3520980908.jpg,Healthy,Healthy,Diagnostic : Healthy. Cette feuille de manioc présente des symptômes caractéristiques de cette condition.,True
/home/hounfodjidagba/learning/cassava/data/raw/train_images/2963247427.jpg,CMD,CMD,Diagnostic : Cassava Mosaic Disease (CMD). Cette feuille de manioc présente des symptômes caractéristiques de cette condition.,True
/home/hounfodjidagba/learning/cassava/data/raw/train_images/3878767715.jpg,CMD,CMD,Diagnostic : Cassava Mosaic Disease (CMD). Cette feuille de manioc présente des symptômes caractéristiques de cette condition.,True
/home/hounfodjidagba/learning/cassava/data/raw/train_images/3513397687.jpg,Healthy,Healthy,Diagnostic : Healthy. Cette feuille de manioc présente des symptômes caractéristiques de cette condition.,True
/home/hounfodjidagba/learning/cassava/data/raw/train_images/2378611640.jpg,Healthy,CBSD,Diagnostic : Cassava Brown Streak Disease (CBSD). Cette feuille de manioc présente des symptômes caractéristiques de cette condition.,False
/home/hounfodjidagba/learning/cassava/data/cassava/train/cbb/train-cbb-376.jpg,CBB,Healthy,Diagnostic : Healthy. Cette feuille de manioc présente des symptômes caractéristiques de cette condition.,False
/home/hounfodjidagba/learning/cassava/data/healthy_002/1616746631190.jpg,Healthy,Healthy,Diagnostic : Healthy. Cette feuille de manioc présente des symptômes caractéristiques de cette condition.,True
/home/hounfodjidagba/learning/cassava/data/raw/train_images/3918504833.jpg,CMD,CMD,Diagnostic : Cassava Mosaic Disease (CMD). Cette feuille de manioc présente des symptômes caractéristiques de cette condition.,True
/home/hounfodjidagba/learning/cassava/data/raw/train_images/284280039.jpg,CBSD,CBSD,Diagnostic : Cassava Brown Streak Disease (CBSD). Cette feuille de manioc présente des symptômes caractéristiques de cette condition.,True
/home/hounfodjidagba/learning/cassava/data/raw/train_images/2654948784.jpg,CMD,CMD,Diagnostic : Cassava Mosaic Disease (CMD). Cette feuille de manioc présente des symptômes caractéristiques de cette condition.,True
/home/hounfodjidagba/learning/cassava/data/cassava/train/cmd/train-cmd-1286.jpg,CMD,CMD,Diagnostic : Cassava Mosaic Disease (CMD). Cette feuille de manioc présente des symptômes caractéristiques de cette condition.,True
/home/hounfodjidagba/learning/cassava/data/raw/train_images/748404648.jpg,CMD,CMD,Diagnostic : Cassava Mosaic Disease (CMD). Cette feuille de manioc présente des symptômes caractéristiques de cette condition.,True
/home/hounfodjidagba/learning/cassava/data/raw/train_images/3084221499.jpg,Cassava Mosaic Disease (CMD),CMD,Diagnostic : Cassava Mosaic Disease (CMD). Cette feuille de manioc présente des symptômes caractéristiques de cette condition.,False
/home/hounfodjidagba/learning/cassava/data/cassava/train/cgm/train-cgm-420.jpg,CGM,CGM,Diagnostic : Cassava Green Mottle (CGM). Cette feuille de manioc présente des symptômes caractéristiques de cette condition.,True
/home/hounfodjidagba/learning/cassava/data/raw/train_images/1734198747.jpg,Healthy,Healthy,Diagnostic : Healthy. Cette feuille de manioc présente des symptômes caractéristiques de cette condition.,True
/home/hounfodjidagba/learning/cassava/data/raw/train_images/2896421172.jpg,Cassava Bacterial Blight (CBB),Healthy,Diagnostic : Healthy. Cette feuille de manioc présente des symptômes caractéristiques de cette condition.,False
/home/hounfodjidagba/learning/cassava/data/cassava/train/cmd/train-cmd-1652.jpg,CMD,CMD,Diagnostic : Cassava Mosaic Disease (CMD). Cette feuille de manioc présente des symptômes caractéristiques de cette condition.,True
/home/hounfodjidagba/learning/cassava/data/raw/train_images/3709091678.jpg,CMD,CMD,Diagnostic : Cassava Mosaic Disease (CMD). Cette feuille de manioc présente des symptômes caractéristiques de cette condition.,True
/home/hounfodjidagba/learning/cassava/data/raw/train_images/970946808.jpg,Healthy,Healthy,Diagnostic : Healthy. Cette feuille de manioc présente des symptômes caractéristiques de cette condition.,True
/home/hounfodjidagba/learning/cassava/data/raw/train_images/1684430173.jpg,CBSD,Healthy,Diagnostic : Healthy. Cette feuille de manioc présente des symptômes caractéristiques de cette condition.,False
/home/hounfodjidagba/learning/cassava/data/raw/train_images/3738459845.jpg,Cassava Mosaic Disease (CMD),CMD,Diagnostic : Cassava Mosaic Disease (CMD). Cette feuille de manioc présente des symptômes caractéristiques de cette condition.,False
/home/hounfodjidagba/learning/cassava/data/cmd_003/uuid_5afe008c-341c-49ba-bf54-694fc2ec94f8.jpg,CMD,CMD,Diagnostic : Cassava Mosaic Disease (CMD). Cette feuille de manioc présente des symptômes caractéristiques de cette condition.,True
/home/hounfodjidagba/learning/cassava/data/raw/train_images/4202436858.jpg,Cassava Mosaic Disease (CMD),CMD,Diagnostic : Cassava Mosaic Disease (CMD). Cette feuille de manioc présente des symptômes caractéristiques de cette condition.,False
/home/hounfodjidagba/learning/cassava/data/cassava/train/cgm/train-cgm-476.jpg,CGM,CGM,Diagnostic : Cassava Green Mottle (CGM). Cette feuille de manioc présente des symptômes caractéristiques de cette condition.,True
/home/hounfodjidagba/learning/cassava/data/cbsd-1/1616834203506.jpg,CBSD,CBSD,Diagnostic : Cassava Brown Streak Disease (CBSD). Cette feuille de manioc présente des symptômes caractéristiques de cette condition.,True
/home/hounfodjidagba/learning/cassava/data/cmd_003/uuid_6c311d8d-236b-41e5-86c1-49bab067c9cc.jpg,Cassava Mosaic Disease (CMD),CMD,Diagnostic : Cassava Mosaic Disease (CMD). Cette feuille de manioc présente des symptômes caractéristiques de cette condition.,False
/home/hounfodjidagba/learning/cassava/data/raw/train_images/4145471533.jpg,Cassava Bacterial Blight (CBB),CBSD,Diagnostic : Cassava Brown Streak Disease (CBSD). Cette feuille de manioc présente des symptômes caractéristiques de cette condition.,False
/home/hounfodjidagba/learning/cassava/data/raw/train_images/1394744680.jpg,CBSD,CBSD,Diagnostic : Cassava Brown Streak Disease (CBSD). Cette feuille de manioc présente des symptômes caractéristiques de cette condition.,True
/home/hounfodjidagba/learning/cassava/data/cassava/train/cgm/train-cgm-382.jpg,Cassava Green Mottle (CGM),CGM,Diagnostic : Cassava Green Mottle (CGM). Cette feuille de manioc présente des symptômes caractéristiques de cette condition.,False
/home/hounfodjidagba/learning/cassava/data/cmd_003/uuid_3f9ddc9a-434a-449b-9af1-202f924384f4.jpg,CMD,CMD,Diagnostic : Cassava Mosaic Disease (CMD). Cette feuille de manioc présente des symptômes caractéristiques de cette condition.,True
/home/hounfodjidagba/learning/cassava/data/raw/train_images/857136897.jpg,CMD,CMD,Diagnostic : Cassava Mosaic Disease (CMD). Cette feuille de manioc présente des symptômes caractéristiques de cette condition.,True
/home/hounfodjidagba/learning/cassava/data/raw/train_images/459566440.jpg,CBB,CBB,Diagnostic : Cassava Bacterial Blight (CBB). Cette feuille de manioc présente des symptômes caractéristiques de cette condition.,True
/home/hounfodjidagba/learning/cassava/data/cbsd-1/1617104071835.jpg,Cassava Brown Streak Disease (CBSD),CBSD,Diagnostic : Cassava Brown Streak Disease (CBSD). Cette feuille de manioc présente des symptômes caractéristiques de cette condition.,False
/home/hounfodjidagba/learning/cassava/data/raw/train_images/1849151787.jpg,Cassava Mosaic Disease (CMD),CMD,Diagnostic : Cassava Mosaic Disease (CMD). Cette feuille de manioc présente des symptômes caractéristiques de cette condition.,False
/home/hounfodjidagba/learning/cassava/data/raw/train_images/3941065360.jpg,CBSD,CBSD,Diagnostic : Cassava Brown Streak Disease (CBSD). Cette feuille de manioc présente des symptômes caractéristiques de cette condition.,True
/home/hounfodjidagba/learning/cassava/data/raw/train_images/284703051.jpg,Cassava Mosaic Disease (CMD),CMD,Diagnostic : Cassava Mosaic Disease (CMD). Cette feuille de manioc présente des symptômes caractéristiques de cette condition.,False
/home/hounfodjidagba/learning/cassava/data/raw/train_images/1242546458.jpg,CMD,CMD,Diagnostic : Cassava Mosaic Disease (CMD). Cette feuille de manioc présente des symptômes caractéristiques de cette condition.,True
/home/hounfodjidagba/learning/cassava/data/cbsd-2/1617172152229.jpg,CBSD,CBSD,Diagnostic : Cassava Brown Streak Disease (CBSD). Cette feuille de manioc présente des symptômes caractéristiques de cette condition.,True
/home/hounfodjidagba/learning/cassava/data/cassava/train/cgm/train-cgm-278.jpg,CGM,CGM,Diagnostic : Cassava Green Mottle (CGM). Cette feuille de manioc présente des symptômes caractéristiques de cette condition.,True
/home/hounfodjidagba/learning/cassava/data/raw/train_images/1314320713.jpg,Cassava Mosaic Disease (CMD),CMD,Diagnostic : Cassava Mosaic Disease (CMD). Cette feuille de manioc présente des symptômes caractéristiques de cette condition.,False
/home/hounfodjidagba/learning/cassava/data/cassava/train/cmd/train-cmd-1461.jpg,Cassava Mosaic Disease (CMD),CMD,Diagnostic : Cassava Mosaic Disease (CMD). Cette feuille de manioc présente des symptômes caractéristiques de cette condition.,False
/home/hounfodjidagba/learning/cassava/data/cmd_003/uuid_04e1385a-7899-483f-8d1b-8aeb433be11a.jpg,CMD,CMD,Diagnostic : Cassava Mosaic Disease (CMD). Cette feuille de manioc présente des symptômes caractéristiques de cette condition.,True
/home/hounfodjidagba/learning/cassava/data/raw/train_images/3107856880.jpg,Cassava Bacterial Blight (CBB),CBB,Diagnostic : Cassava Bacterial Blight (CBB). Cette feuille de manioc présente des symptômes caractéristiques de cette condition.,False
/home/hounfodjidagba/learning/cassava/data/cassava/train/cbb/train-cbb-433.jpg,Cassava Bacterial Blight (CBB),CBB,Diagnostic : Cassava Bacterial Blight (CBB). Cette feuille de manioc présente des symptômes caractéristiques de cette condition.,False
/home/hounfodjidagba/learning/cassava/data/raw/train_images/2480590755.jpg,Healthy,Healthy,Diagnostic : Healthy. Cette feuille de manioc présente des symptômes caractéristiques de cette condition.,True
/home/hounfodjidagba/learning/cassava/data/raw/train_images/3484566225.jpg,Cassava Brown Streak Disease (CBSD),CGM,Diagnostic : Cassava Green Mottle (CGM). Cette feuille de manioc présente des symptômes caractéristiques de cette condition.,False
/home/hounfodjidagba/learning/cassava/data/raw/train_images/222467790.jpg,CGM,CGM,Diagnostic : Cassava Green Mottle (CGM). Cette feuille de manioc présente des symptômes caractéristiques de cette condition.,True
/home/hounfodjidagba/learning/cassava/data/raw/train_images/229033895.jpg,Cassava Mosaic Disease (CMD),CMD,Diagnostic : Cassava Mosaic Disease (CMD). Cette feuille de manioc présente des symptômes caractéristiques de cette condition.,False
/home/hounfodjidagba/learning/cassava/data/cbsd-1/1617103788935.jpg,Cassava Brown Streak Disease (CBSD),CBSD,Diagnostic : Cassava Brown Streak Disease (CBSD). Cette feuille de manioc présente des symptômes caractéristiques de cette condition.,False
/home/hounfodjidagba/learning/cassava/data/raw/train_images/3120878352.jpg,Cassava Mosaic Disease (CMD),CMD,Diagnostic : Cassava Mosaic Disease (CMD). Cette feuille de manioc présente des symptômes caractéristiques de cette condition.,False
/home/hounfodjidagba/learning/cassava/data/cbsd-1/1617092913020.jpg,Cassava Brown Streak Disease (CBSD),CBSD,Diagnostic : Cassava Brown Streak Disease (CBSD). Cette feuille de manioc présente des symptômes caractéristiques de cette condition.,False
/home/hounfodjidagba/learning/cassava/data/raw/train_images/641309732.jpg,Cassava Brown Streak Disease (CBSD),Healthy,Diagnostic : Healthy. Cette feuille de manioc présente des symptômes caractéristiques de cette condition.,False
/home/hounfodjidagba/learning/cassava/data/cassava/train/cmd/train-cmd-508.jpg,Cassava Mosaic Disease (CMD),CMD,Diagnostic : Cassava Mosaic Disease (CMD). Cette feuille de manioc présente des symptômes caractéristiques de cette condition.,False
/home/hounfodjidagba/learning/cassava/data/raw/train_images/223143311.jpg,Cassava Green Mottle (CGM),CGM,Diagnostic : Cassava Green Mottle (CGM). Cette feuille de manioc présente des symptômes caractéristiques de cette condition.,False
/home/hounfodjidagba/learning/cassava/data/raw/train_images/779704473.jpg,Cassava Mosaic Disease (CMD),CMD,Diagnostic : Cassava Mosaic Disease (CMD). Cette feuille de manioc présente des symptômes caractéristiques de cette condition.,False
/home/hounfodjidagba/learning/cassava/data/raw/train_images/1658661727.jpg,CMD,CMD,Diagnostic : Cassava Mosaic Disease (CMD). Cette feuille de manioc présente des symptômes caractéristiques de cette condition.,True
/home/hounfodjidagba/learning/cassava/data/raw/train_images/3782101315.jpg,Cassava Mosaic Disease (CMD),CGM,Diagnostic : Cassava Green Mottle (CGM). Cette feuille de manioc présente des symptômes caractéristiques de cette condition.,False
/home/hounfodjidagba/learning/cassava/data/raw/train_images/750488061.jpg,Cassava Green Mottle (CGM),CGM,Diagnostic : Cassava Green Mottle (CGM). Cette feuille de manioc présente des symptômes caractéristiques de cette condition.,False
/home/hounfodjidagba/learning/cassava/data/raw/train_images/3328646358.jpg,CMD,CMD,Diagnostic : Cassava Mosaic Disease (CMD). Cette feuille de manioc présente des symptômes caractéristiques de cette condition.,True
/home/hounfodjidagba/learning/cassava/data/raw/train_images/1580276283.jpg,CGM,CMD,Diagnostic : Cassava Mosaic Disease (CMD). Cette feuille de manioc présente des symptômes caractéristiques de cette condition.,False
/home/hounfodjidagba/learning/cassava/data/cmd_001/1616997789054.jpg,CMD,CMD,Diagnostic : Cassava Mosaic Disease (CMD). Cette feuille de manioc présente des symptômes caractéristiques de cette condition.,True
/home/hounfodjidagba/learning/cassava/data/raw/train_images/1479504068.jpg,CMD,CMD,Diagnostic : Cassava Mosaic Disease (CMD). Cette feuille de manioc présente des symptômes caractéristiques de cette condition.,True
/home/hounfodjidagba/learning/cassava/data/raw/train_images/1690643039.jpg,Cassava Mosaic Disease (CMD),CMD,Diagnostic : Cassava Mosaic Disease (CMD). Cette feuille de manioc présente des symptômes caractéristiques de cette condition.,False
/home/hounfodjidagba/learning/cassava/data/raw/train_images/346540685.jpg,CGM,CGM,Diagnostic : Cassava Green Mottle (CGM). Cette feuille de manioc présente des symptômes caractéristiques de cette condition.,True
/home/hounfodjidagba/learning/cassava/data/raw/train_images/3788644413.jpg,Healthy,Healthy,Diagnostic : Healthy. Cette feuille de manioc présente des symptômes caractéristiques de cette condition.,True
/home/hounfodjidagba/learning/cassava/data/raw/train_images/2722184937.jpg,CBSD,CBSD,Diagnostic : Cassava Brown Streak Disease (CBSD). Cette feuille de manioc présente des symptômes caractéristiques de cette condition.,True
/home/hounfodjidagba/learning/cassava/data/healthy_002/1616767875107.jpg,Healthy,Healthy,Diagnostic : Healthy. Cette feuille de manioc présente des symptômes caractéristiques de cette condition.,True
/home/hounfodjidagba/learning/cassava/data/raw/train_images/1975167712.jpg,Cassava Green Mottle (CGM),CGM,Diagnostic : Cassava Green Mottle (CGM). Cette feuille de manioc présente des symptômes caractéristiques de cette condition.,False
/home/hounfodjidagba/learning/cassava/data/raw/train_images/1630304159.jpg,Cassava Mosaic Disease (CMD),CMD,Diagnostic : Cassava Mosaic Disease (CMD). Cette feuille de manioc présente des symptômes caractéristiques de cette condition.,False
/home/hounfodjidagba/learning/cassava/data/cbsd-2/1617172297975.jpg,Cassava Brown Streak Disease (CBSD),CBSD,Diagnostic : Cassava Brown Streak Disease (CBSD). Cette feuille de manioc présente des symptômes caractéristiques de cette condition.,False
/home/hounfodjidagba/learning/cassava/data/raw/train_images/3985367860.jpg,Cassava Mosaic Disease (CMD),CMD,Diagnostic : Cassava Mosaic Disease (CMD). Cette feuille de manioc présente des symptômes caractéristiques de cette condition.,False
/home/hounfodjidagba/learning/cassava/data/raw/train_images/35345736.jpg,Healthy,Healthy,Diagnostic : Healthy. Cette feuille de manioc présente des symptômes caractéristiques de cette condition.,True
/home/hounfodjidagba/learning/cassava/data/raw/train_images/2815296701.jpg,Healthy,CGM,Diagnostic : Cassava Green Mottle (CGM). Cette feuille de manioc présente des symptômes caractéristiques de cette condition.,False
/home/hounfodjidagba/learning/cassava/data/cmd_004/uuid_6155dbd2-fb82-4be7-866e-429512e8042f.jpg,CMD,CMD,Diagnostic : Cassava Mosaic Disease (CMD). Cette feuille de manioc présente des symptômes caractéristiques de cette condition.,True
/home/hounfodjidagba/learning/cassava/data/raw/train_images/1111288187.jpg,CGM,CGM,Diagnostic : Cassava Green Mottle (CGM). Cette feuille de manioc présente des symptômes caractéristiques de cette condition.,True
/home/hounfodjidagba/learning/cassava/data/raw/train_images/1641097017.jpg,CGM,Healthy,Diagnostic : Healthy. Cette feuille de manioc présente des symptômes caractéristiques de cette condition.,False
/home/hounfodjidagba/learning/cassava/data/cassava/train/cmd/train-cmd-1308.jpg,Cassava Mosaic Disease (CMD),CMD,Diagnostic : Cassava Mosaic Disease (CMD). Cette feuille de manioc présente des symptômes caractéristiques de cette condition.,False
/home/hounfodjidagba/learning/cassava/data/cmd_003/uuid_6df2192b-10e7-4477-8676-66428bf10d42.jpg,CMD,CBSD,Diagnostic : Cassava Brown Streak Disease (CBSD). Cette feuille de manioc présente des symptômes caractéristiques de cette condition.,False
/home/hounfodjidagba/learning/cassava/data/raw/train_images/4122820167.jpg,Cassava Green Mottle (CGM),CBB,Diagnostic : Cassava Bacterial Blight (CBB). Cette feuille de manioc présente des symptômes caractéristiques de cette condition.,False
/home/hounfodjidagba/learning/cassava/data/raw/train_images/2436214521.jpg,Cassava Bacterial Blight (CBB),CBSD,Diagnostic : Cassava Brown Streak Disease (CBSD). Cette feuille de manioc présente des symptômes caractéristiques de cette condition.,False
/home/hounfodjidagba/learning/cassava/data/raw/train_images/4045142021.jpg,Cassava Mosaic Disease (CMD),CMD,Diagnostic : Cassava Mosaic Disease (CMD). Cette feuille de manioc présente des symptômes caractéristiques de cette condition.,False
/home/hounfodjidagba/learning/cassava/data/raw/train_images/3496438505.jpg,Healthy,CBSD,Diagnostic : Cassava Brown Streak Disease (CBSD). Cette feuille de manioc présente des symptômes caractéristiques de cette condition.,False
/home/hounfodjidagba/learning/cassava/data/cassava/train/cbsd/train-cbsd-877.jpg,Cassava Brown Streak Disease (CBSD),CMD,Diagnostic : Cassava Mosaic Disease (CMD). Cette feuille de manioc présente des symptômes caractéristiques de cette condition.,False
/home/hounfodjidagba/learning/cassava/data/raw/train_images/4137790344.jpg,Cassava Green Mottle (CGM),CGM,Diagnostic : Cassava Green Mottle (CGM). Cette feuille de manioc présente des symptômes caractéristiques de cette condition.,False
/home/hounfodjidagba/learning/cassava/data/raw/train_images/697621030.jpg,CBB,CBB,Diagnostic : Cassava Bacterial Blight (CBB). Cette feuille de manioc présente des symptômes caractéristiques de cette condition.,True
/home/hounfodjidagba/learning/cassava/data/cbsd-1/1617104637218.jpg,CBSD,CBSD,Diagnostic : Cassava Brown Streak Disease (CBSD). Cette feuille de manioc présente des symptômes caractéristiques de cette condition.,True
/home/hounfodjidagba/learning/cassava/data/raw/train_images/21101348.jpg,Healthy,CBB,Diagnostic : Cassava Bacterial Blight (CBB). Cette feuille de manioc présente des symptômes caractéristiques de cette condition.,False
/home/hounfodjidagba/learning/cassava/data/raw/train_images/623023838.jpg,Cassava Brown Streak Disease (CBSD),CBSD,Diagnostic : Cassava Brown Streak Disease (CBSD). Cette feuille de manioc présente des symptômes caractéristiques de cette condition.,False
/home/hounfodjidagba/learning/cassava/data/raw/train_images/333968590.jpg,Cassava Green Mottle (CGM),CMD,Diagnostic : Cassava Mosaic Disease (CMD). Cette feuille de manioc présente des symptômes caractéristiques de cette condition.,False
/home/hounfodjidagba/learning/cassava/data/raw/train_images/4125173435.jpg,CGM,CGM,Diagnostic : Cassava Green Mottle (CGM). Cette feuille de manioc présente des symptômes caractéristiques de cette condition.,True
/home/hounfodjidagba/learning/cassava/data/raw/train_images/1454074626.jpg,Cassava Mosaic Disease (CMD),Healthy,Diagnostic : Healthy. Cette feuille de manioc présente des symptômes caractéristiques de cette condition.,False
/home/hounfodjidagba/learning/cassava/data/raw/train_images/2877771925.jpg,CMD,CMD,Diagnostic : Cassava Mosaic Disease (CMD). Cette feuille de manioc présente des symptômes caractéristiques de cette condition.,True
/home/hounfodjidagba/learning/cassava/data/raw/train_images/3184759653.jpg,CBB,Healthy,Diagnostic : Healthy. Cette feuille de manioc présente des symptômes caractéristiques de cette condition.,False
/home/hounfodjidagba/learning/cassava/data/raw/train_images/3862884454.jpg,Cassava Green Mottle (CGM),CGM,Diagnostic : Cassava Green Mottle (CGM). Cette feuille de manioc présente des symptômes caractéristiques de cette condition.,False
/home/hounfodjidagba/learning/cassava/data/cbsd-2/1617105856605.jpg,CBSD,CBSD,Diagnostic : Cassava Brown Streak Disease (CBSD). Cette feuille de manioc présente des symptômes caractéristiques de cette condition.,True
/home/hounfodjidagba/learning/cassava/data/cmd_005/uuid_034a5f4f-b533-4e50-b02c-f729f0cdddb3.jpg,CMD,CMD,Diagnostic : Cassava Mosaic Disease (CMD). Cette feuille de manioc présente des symptômes caractéristiques de cette condition.,True
/home/hounfodjidagba/learning/cassava/data/raw/train_images/3634822711.jpg,Cassava Green Mottle (CGM),CGM,Diagnostic : Cassava Green Mottle (CGM). Cette feuille de manioc présente des symptômes caractéristiques de cette condition.,False
/home/hounfodjidagba/learning/cassava/data/raw/train_images/1712397585.jpg,CBSD,CBB,Diagnostic : Cassava Bacterial Blight (CBB). Cette feuille de manioc présente des symptômes caractéristiques de cette condition.,False
/home/hounfodjidagba/learning/cassava/data/raw/train_images/1832209153.jpg,Healthy,Healthy,Diagnostic : Healthy. Cette feuille de manioc présente des symptômes caractéristiques de cette condition.,True
/home/hounfodjidagba/learning/cassava/data/healthy_001/1617170531182.jpg,Healthy,Healthy,Diagnostic : Healthy. Cette feuille de manioc présente des symptômes caractéristiques de cette condition.,True
/home/hounfodjidagba/learning/cassava/data/raw/train_images/4224082964.jpg,Cassava Bacterial Blight (CBB),CBB,Diagnostic : Cassava Bacterial Blight (CBB). Cette feuille de manioc présente des symptômes caractéristiques de cette condition.,False
/home/hounfodjidagba/learning/cassava/data/raw/train_images/2508113831.jpg,Cassava Brown Streak Disease (CBSD),Healthy,Diagnostic : Healthy. Cette feuille de manioc présente des symptômes caractéristiques de cette condition.,False
/home/hounfodjidagba/learning/cassava/data/raw/train_images/2253776549.jpg,CBB,CBSD,Diagnostic : Cassava Brown Streak Disease (CBSD). Cette feuille de manioc présente des symptômes caractéristiques de cette condition.,False
/home/hounfodjidagba/learning/cassava/data/cmd_001/1616757720956.jpg,CMD,CMD,Diagnostic : Cassava Mosaic Disease (CMD). Cette feuille de manioc présente des symptômes caractéristiques de cette condition.,True
/home/hounfodjidagba/learning/cassava/data/cmd_004/uuid_cd65d646-6beb-4792-8916-6349fe7d8116.jpg,Cassava Mosaic Disease (CMD),CMD,Diagnostic : Cassava Mosaic Disease (CMD). Cette feuille de manioc présente des symptômes caractéristiques de cette condition.,False
/home/hounfodjidagba/learning/cassava/data/raw/train_images/2627328998.jpg,CMD,CMD,Diagnostic : Cassava Mosaic Disease (CMD). Cette feuille de manioc présente des symptômes caractéristiques de cette condition.,True
/home/hounfodjidagba/learning/cassava/data/raw/train_images/3753049842.jpg,Cassava Mosaic Disease (CMD),CMD,Diagnostic : Cassava Mosaic Disease (CMD). Cette feuille de manioc présente des symptômes caractéristiques de cette condition.,False
/home/hounfodjidagba/learning/cassava/data/cassava/train/healthy/train-healthy-88.jpg,Healthy,Healthy,Diagnostic : Healthy. Cette feuille de manioc présente des symptômes caractéristiques de cette condition.,True
/home/hounfodjidagba/learning/cassava/data/raw/train_images/2881938296.jpg,Cassava Mosaic Disease (CMD),CMD,Diagnostic : Cassava Mosaic Disease (CMD). Cette feuille de manioc présente des symptômes caractéristiques de cette condition.,False
/home/hounfodjidagba/learning/cassava/data/raw/train_images/1586292581.jpg,Cassava Bacterial Blight (CBB),CBB,Diagnostic : Cassava Bacterial Blight (CBB). Cette feuille de manioc présente des symptômes caractéristiques de cette condition.,False
/home/hounfodjidagba/learning/cassava/data/raw/train_images/204616689.jpg,Cassava Green Mottle (CGM),CGM,Diagnostic : Cassava Green Mottle (CGM). Cette feuille de manioc présente des symptômes caractéristiques de cette condition.,False
/home/hounfodjidagba/learning/cassava/data/cassava/train/cmd/train-cmd-914.jpg,Cassava Mosaic Disease (CMD),CBSD,Diagnostic : Cassava Brown Streak Disease (CBSD). Cette feuille de manioc présente des symptômes caractéristiques de cette condition.,False
/home/hounfodjidagba/learning/cassava/data/raw/train_images/2723143870.jpg,Cassava Mosaic Disease (CMD),CMD,Diagnostic : Cassava Mosaic Disease (CMD). Cette feuille de manioc présente des symptômes caractéristiques de cette condition.,False
/home/hounfodjidagba/learning/cassava/data/cassava/train/cgm/train-cgm-431.jpg,Cassava Green Mottle (CGM),CGM,Diagnostic : Cassava Green Mottle (CGM). Cette feuille de manioc présente des symptômes caractéristiques de cette condition.,False
/home/hounfodjidagba/learning/cassava/data/raw/train_images/2184513662.jpg,Cassava Green Mottle (CGM),CGM,Diagnostic : Cassava Green Mottle (CGM). Cette feuille de manioc présente des symptômes caractéristiques de cette condition.,False
/home/hounfodjidagba/learning/cassava/data/cbsd-2/1617170865815.jpg,Cassava Brown Streak Disease (CBSD),CBSD,Diagnostic : Cassava Brown Streak Disease (CBSD). Cette feuille de manioc présente des symptômes caractéristiques de cette condition.,False
/home/hounfodjidagba/learning/cassava/data/cassava/train/healthy/train-healthy-146.jpg,Healthy,Healthy,Diagnostic : Healthy. Cette feuille de manioc présente des symptômes caractéristiques de cette condition.,True
/home/hounfodjidagba/learning/cassava/data/raw/train_images/1721889897.jpg,Healthy,Healthy,Diagnostic : Healthy. Cette feuille de manioc présente des symptômes caractéristiques de cette condition.,True
/home/hounfodjidagba/learning/cassava/data/cmd_001/1616851436363.jpg,CMD,CMD,Diagnostic : Cassava Mosaic Disease (CMD). Cette feuille de manioc présente des symptômes caractéristiques de cette condition.,True
/home/hounfodjidagba/learning/cassava/data/raw/train_images/1691885163.jpg,Cassava Green Mottle (CGM),CMD,Diagnostic : Cassava Mosaic Disease (CMD). Cette feuille de manioc présente des symptômes caractéristiques de cette condition.,False
/home/hounfodjidagba/learning/cassava/data/cassava/train/cmd/train-cmd-1273.jpg,CMD,CMD,Diagnostic : Cassava Mosaic Disease (CMD). Cette feuille de manioc présente des symptômes caractéristiques de cette condition.,True
/home/hounfodjidagba/learning/cassava/data/raw/train_images/4207857980.jpg,Cassava Green Mottle (CGM),CGM,Diagnostic : Cassava Green Mottle (CGM). Cette feuille de manioc présente des symptômes caractéristiques de cette condition.,False
/home/hounfodjidagba/learning/cassava/data/raw/train_images/2796388722.jpg,Cassava Mosaic Disease (CMD),CMD,Diagnostic : Cassava Mosaic Disease (CMD). Cette feuille de manioc présente des symptômes caractéristiques de cette condition.,False
/home/hounfodjidagba/learning/cassava/data/raw/train_images/2034410033.jpg,Cassava Bacterial Blight (CBB),CBB,Diagnostic : Cassava Bacterial Blight (CBB). Cette feuille de manioc présente des symptômes caractéristiques de cette condition.,False
/home/hounfodjidagba/learning/cassava/data/raw/train_images/3361179403.jpg,Cassava Mosaic Disease (CMD),CMD,Diagnostic : Cassava Mosaic Disease (CMD). Cette feuille de manioc présente des symptômes caractéristiques de cette condition.,False
/home/hounfodjidagba/learning/cassava/data/cbsd-1/1617104944651.jpg,CBSD,CBSD,Diagnostic : Cassava Brown Streak Disease (CBSD). Cette feuille de manioc présente des symptômes caractéristiques de cette condition.,True
/home/hounfodjidagba/learning/cassava/data/raw/train_images/2365362415.jpg,Healthy,CMD,Diagnostic : Cassava Mosaic Disease (CMD). Cette feuille de manioc présente des symptômes caractéristiques de cette condition.,False
/home/hounfodjidagba/learning/cassava/data/healthy_002/1616746951782.jpg,Healthy,Healthy,Diagnostic : Healthy. Cette feuille de manioc présente des symptômes caractéristiques de cette condition.,True
/home/hounfodjidagba/learning/cassava/data/raw/train_images/3276323574.jpg,Cassava Bacterial Blight (CBB),CBB,Diagnostic : Cassava Bacterial Blight (CBB). Cette feuille de manioc présente des symptômes caractéristiques de cette condition.,False
/home/hounfodjidagba/learning/cassava/data/healthy_001/1617002052627.jpg,Healthy,Healthy,Diagnostic : Healthy. Cette feuille de manioc présente des symptômes caractéristiques de cette condition.,True
/home/hounfodjidagba/learning/cassava/data/raw/train_images/198415673.jpg,CGM,Healthy,Diagnostic : Healthy. Cette feuille de manioc présente des symptômes caractéristiques de cette condition.,False
/home/hounfodjidagba/learning/cassava/data/raw/train_images/3661832136.jpg,CGM,CGM,Diagnostic : Cassava Green Mottle (CGM). Cette feuille de manioc présente des symptômes caractéristiques de cette condition.,True
/home/hounfodjidagba/learning/cassava/data/raw/train_images/4071283452.jpg,CBB,CGM,Diagnostic : Cassava Green Mottle (CGM). Cette feuille de manioc présente des symptômes caractéristiques de cette condition.,False
/home/hounfodjidagba/learning/cassava/data/raw/train_images/1213773669.jpg,Cassava Mosaic Disease (CMD),CMD,Diagnostic : Cassava Mosaic Disease (CMD). Cette feuille de manioc présente des symptômes caractéristiques de cette condition.,False
/home/hounfodjidagba/learning/cassava/data/cmd_002/uuid_0b599b0c-b2b9-4c01-b0bb-b2663f59e67a.jpg,Cassava Mosaic Disease (CMD),CMD,Diagnostic : Cassava Mosaic Disease (CMD). Cette feuille de manioc présente des symptômes caractéristiques de cette condition.,False
/home/hounfodjidagba/learning/cassava/data/raw/train_images/2510072136.jpg,Healthy,CBSD,Diagnostic : Cassava Brown Streak Disease (CBSD). Cette feuille de manioc présente des symptômes caractéristiques de cette condition.,False
/home/hounfodjidagba/learning/cassava/data/raw/train_images/571576955.jpg,Cassava Green Mottle (CGM),CGM,Diagnostic : Cassava Green Mottle (CGM). Cette feuille de manioc présente des symptômes caractéristiques de cette condition.,False
/home/hounfodjidagba/learning/cassava/data/cassava/train/cmd/train-cmd-2381.jpg,CMD,CMD,Diagnostic : Cassava Mosaic Disease (CMD). Cette feuille de manioc présente des symptômes caractéristiques de cette condition.,True
/home/hounfodjidagba/learning/cassava/data/raw/train_images/1622560138.jpg,CGM,Healthy,Diagnostic : Healthy. Cette feuille de manioc présente des symptômes caractéristiques de cette condition.,False
/home/hounfodjidagba/learning/cassava/data/raw/train_images/3007927224.jpg,Healthy,Healthy,Diagnostic : Healthy. Cette feuille de manioc présente des symptômes caractéristiques de cette condition.,True
/home/hounfodjidagba/learning/cassava/data/raw/train_images/1134422280.jpg,Cassava Bacterial Blight (CBB),CBB,Diagnostic : Cassava Bacterial Blight (CBB). Cette feuille de manioc présente des symptômes caractéristiques de cette condition.,False
/home/hounfodjidagba/learning/cassava/data/cassava/train/cmd/train-cmd-1379.jpg,Cassava Mosaic Disease (CMD),CMD,Diagnostic : Cassava Mosaic Disease (CMD). Cette feuille de manioc présente des symptômes caractéristiques de cette condition.,False
/home/hounfodjidagba/learning/cassava/data/raw/train_images/611858169.jpg,Cassava Green Mottle (CGM),CGM,Diagnostic : Cassava Green Mottle (CGM). Cette feuille de manioc présente des symptômes caractéristiques de cette condition.,False
/home/hounfodjidagba/learning/cassava/data/raw/train_images/1811474969.jpg,CMD,CMD,Diagnostic : Cassava Mosaic Disease (CMD). Cette feuille de manioc présente des symptômes caractéristiques de cette condition.,True
/home/hounfodjidagba/learning/cassava/data/cassava/train/cbb/train-cbb-222.jpg,Cassava Bacterial Blight (CBB),CBB,Diagnostic : Cassava Bacterial Blight (CBB). Cette feuille de manioc présente des symptômes caractéristiques de cette condition.,False
/home/hounfodjidagba/learning/cassava/data/raw/train_images/3177530760.jpg,Cassava Mosaic Disease (CMD),CMD,Diagnostic : Cassava Mosaic Disease (CMD). Cette feuille de manioc présente des symptômes caractéristiques de cette condition.,False
/home/hounfodjidagba/learning/cassava/data/raw/train_images/1149874040.jpg,Cassava Mosaic Disease (CMD),CMD,Diagnostic : Cassava Mosaic Disease (CMD). Cette feuille de manioc présente des symptômes caractéristiques de cette condition.,False
/home/hounfodjidagba/learning/cassava/data/cassava/train/cbb/train-cbb-385.jpg,CBB,CBB,Diagnostic : Cassava Bacterial Blight (CBB). Cette feuille de manioc présente des symptômes caractéristiques de cette condition.,True
/home/hounfodjidagba/learning/cassava/data/raw/train_images/1891937724.jpg,Cassava Mosaic Disease (CMD),CMD,Diagnostic : Cassava Mosaic Disease (CMD). Cette feuille de manioc présente des symptômes caractéristiques de cette condition.,False
/home/hounfodjidagba/learning/cassava/data/raw/train_images/2028194351.jpg,CMD,CMD,Diagnostic : Cassava Mosaic Disease (CMD). Cette feuille de manioc présente des symptômes caractéristiques de cette condition.,True
/home/hounfodjidagba/learning/cassava/data/raw/train_images/647301407.jpg,CGM,CGM,Diagnostic : Cassava Green Mottle (CGM). Cette feuille de manioc présente des symptômes caractéristiques de cette condition.,True
/home/hounfodjidagba/learning/cassava/data/raw/train_images/1820254127.jpg,Cassava Bacterial Blight (CBB),CBB,Diagnostic : Cassava Bacterial Blight (CBB). Cette feuille de manioc présente des symptômes caractéristiques de cette condition.,False
/home/hounfodjidagba/learning/cassava/data/raw/train_images/3290333742.jpg,Cassava Green Mottle (CGM),CGM,Diagnostic : Cassava Green Mottle (CGM). Cette feuille de manioc présente des symptômes caractéristiques de cette condition.,False
/home/hounfodjidagba/learning/cassava/data/raw/train_images/88427493.jpg,Healthy,CGM,Diagnostic : Cassava Green Mottle (CGM). Cette feuille de manioc présente des symptômes caractéristiques de cette condition.,False
/home/hounfodjidagba/learning/cassava/data/cassava/train/cbb/train-cbb-290.jpg,Cassava Bacterial Blight (CBB),CBB,Diagnostic : Cassava Bacterial Blight (CBB). Cette feuille de manioc présente des symptômes caractéristiques de cette condition.,False
/home/hounfodjidagba/learning/cassava/data/raw/train_images/3466878993.jpg,Healthy,Healthy,Diagnostic : Healthy. Cette feuille de manioc présente des symptômes caractéristiques de cette condition.,True
/home/hounfodjidagba/learning/cassava/data/cassava/train/cbb/train-cbb-57.jpg,Cassava Bacterial Blight (CBB),CMD,Diagnostic : Cassava Mosaic Disease (CMD). Cette feuille de manioc présente des symptômes caractéristiques de cette condition.,False
/home/hounfodjidagba/learning/cassava/data/raw/train_images/3428660638.jpg,CMD,CMD,Diagnostic : Cassava Mosaic Disease (CMD). Cette feuille de manioc présente des symptômes caractéristiques de cette condition.,True
/home/hounfodjidagba/learning/cassava/data/cassava/train/cgm/train-cgm-582.jpg,CGM,CGM,Diagnostic : Cassava Green Mottle (CGM). Cette feuille de manioc présente des symptômes caractéristiques de cette condition.,True
/home/hounfodjidagba/learning/cassava/data/raw/train_images/2927026832.jpg,Cassava Mosaic Disease (CMD),CMD,Diagnostic : Cassava Mosaic Disease (CMD). Cette feuille de manioc présente des symptômes caractéristiques de cette condition.,False
/home/hounfodjidagba/learning/cassava/data/raw/train_images/3934839031.jpg,CBB,Healthy,Diagnostic : Healthy. Cette feuille de manioc présente des symptômes caractéristiques de cette condition.,False
/home/hounfodjidagba/learning/cassava/data/raw/train_images/3153794511.jpg,Healthy,Healthy,Diagnostic : Healthy. Cette feuille de manioc présente des symptômes caractéristiques de cette condition.,True
/home/hounfodjidagba/learning/cassava/data/raw/train_images/1305042137.jpg,CMD,CMD,Diagnostic : Cassava Mosaic Disease (CMD). Cette feuille de manioc présente des symptômes caractéristiques de cette condition.,True
/home/hounfodjidagba/learning/cassava/data/raw/train_images/3722195548.jpg,Cassava Mosaic Disease (CMD),CMD,Diagnostic : Cassava Mosaic Disease (CMD). Cette feuille de manioc présente des symptômes caractéristiques de cette condition.,False
/home/hounfodjidagba/learning/cassava/data/raw/train_images/2541897274.jpg,Cassava Green Mottle (CGM),CMD,Diagnostic : Cassava Mosaic Disease (CMD). Cette feuille de manioc présente des symptômes caractéristiques de cette condition.,False
/home/hounfodjidagba/learning/cassava/data/raw/train_images/3859028489.jpg,CGM,CGM,Diagnostic : Cassava Green Mottle (CGM). Cette feuille de manioc présente des symptômes caractéristiques de cette condition.,True
/home/hounfodjidagba/learning/cassava/data/cassava/train/cbsd/train-cbsd-1285.jpg,Cassava Brown Streak Disease (CBSD),CBSD,Diagnostic : Cassava Brown Streak Disease (CBSD). Cette feuille de manioc présente des symptômes caractéristiques de cette condition.,False
/home/hounfodjidagba/learning/cassava/data/raw/train_images/293696347.jpg,CMD,CMD,Diagnostic : Cassava Mosaic Disease (CMD). Cette feuille de manioc présente des symptômes caractéristiques de cette condition.,True
/home/hounfodjidagba/learning/cassava/data/raw/train_images/2452042158.jpg,CBB,CBB,Diagnostic : Cassava Bacterial Blight (CBB). Cette feuille de manioc présente des symptômes caractéristiques de cette condition.,True
/home/hounfodjidagba/learning/cassava/data/raw/train_images/1119747653.jpg,CGM,CBSD,Diagnostic : Cassava Brown Streak Disease (CBSD). Cette feuille de manioc présente des symptômes caractéristiques de cette condition.,False
/home/hounfodjidagba/learning/cassava/data/raw/train_images/3392605234.jpg,Cassava Mosaic Disease (CMD),CMD,Diagnostic : Cassava Mosaic Disease (CMD). Cette feuille de manioc présente des symptômes caractéristiques de cette condition.,False
/home/hounfodjidagba/learning/cassava/data/raw/train_images/3862884454.jpg,CGM,CGM,Diagnostic : Cassava Green Mottle (CGM). Cette feuille de manioc présente des symptômes caractéristiques de cette condition.,True
/home/hounfodjidagba/learning/cassava/data/raw/train_images/1303876802.jpg,Cassava Bacterial Blight (CBB),CBB,Diagnostic : Cassava Bacterial Blight (CBB). Cette feuille de manioc présente des symptômes caractéristiques de cette condition.,False
/home/hounfodjidagba/learning/cassava/data/raw/train_images/1968909684.jpg,Cassava Green Mottle (CGM),CGM,Diagnostic : Cassava Green Mottle (CGM). Cette feuille de manioc présente des symptômes caractéristiques de cette condition.,False
/home/hounfodjidagba/learning/cassava/data/raw/train_images/4002359446.jpg,Cassava Mosaic Disease (CMD),CMD,Diagnostic : Cassava Mosaic Disease (CMD). Cette feuille de manioc présente des symptômes caractéristiques de cette condition.,False
/home/hounfodjidagba/learning/cassava/data/cassava/train/cbsd/train-cbsd-127.jpg,CBSD,CBSD,Diagnostic : Cassava Brown Streak Disease (CBSD). Cette feuille de manioc présente des symptômes caractéristiques de cette condition.,True
/home/hounfodjidagba/learning/cassava/data/raw/train_images/699952648.jpg,Cassava Mosaic Disease (CMD),CMD,Diagnostic : Cassava Mosaic Disease (CMD). Cette feuille de manioc présente des symptômes caractéristiques de cette condition.,False
/home/hounfodjidagba/learning/cassava/data/raw/train_images/1234260909.jpg,Cassava Green Mottle (CGM),CGM,Diagnostic : Cassava Green Mottle (CGM). Cette feuille de manioc présente des symptômes caractéristiques de cette condition.,False
/home/hounfodjidagba/learning/cassava/data/raw/train_images/83715695.jpg,Cassava Mosaic Disease (CMD),CMD,Diagnostic : Cassava Mosaic Disease (CMD). Cette feuille de manioc présente des symptômes caractéristiques de cette condition.,False
/home/hounfodjidagba/learning/cassava/data/raw/train_images/753470251.jpg,Cassava Green Mottle (CGM),CGM,Diagnostic : Cassava Green Mottle (CGM). Cette feuille de manioc présente des symptômes caractéristiques de cette condition.,False
/home/hounfodjidagba/learning/cassava/data/raw/train_images/767931500.jpg,Cassava Mosaic Disease (CMD),CMD,Diagnostic : Cassava Mosaic Disease (CMD). Cette feuille de manioc présente des symptômes caractéristiques de cette condition.,False
/home/hounfodjidagba/learning/cassava/data/cmd_003/uuid_5d9a0ade-39f4-4992-8a39-801764b5219c.jpg,CMD,CMD,Diagnostic : Cassava Mosaic Disease (CMD). Cette feuille de manioc présente des symptômes caractéristiques de cette condition.,True
/home/hounfodjidagba/learning/cassava/data/raw/train_images/2460357175.jpg,Healthy,Healthy,Diagnostic : Healthy. Cette feuille de manioc présente des symptômes caractéristiques de cette condition.,True
/home/hounfodjidagba/learning/cassava/data/cmd_001/1616912218484.jpg,Cassava Mosaic Disease (CMD),CMD,Diagnostic : Cassava Mosaic Disease (CMD). Cette feuille de manioc présente des symptômes caractéristiques de cette condition.,False
/home/hounfodjidagba/learning/cassava/data/raw/train_images/3305945509.jpg,Cassava Brown Streak Disease (CBSD),Healthy,Diagnostic : Healthy. Cette feuille de manioc présente des symptômes caractéristiques de cette condition.,False
/home/hounfodjidagba/learning/cassava/data/cassava/train/cbsd/train-cbsd-103.jpg,CBSD,CBSD,Diagnostic : Cassava Brown Streak Disease (CBSD). Cette feuille de manioc présente des symptômes caractéristiques de cette condition.,True
/home/hounfodjidagba/learning/cassava/data/cassava/train/cmd/train-cmd-1820.jpg,Cassava Mosaic Disease (CMD),CMD,Diagnostic : Cassava Mosaic Disease (CMD). Cette feuille de manioc présente des symptômes caractéristiques de cette condition.,False
/home/hounfodjidagba/learning/cassava/data/cmd_001/1617093025093.jpg,CMD,CMD,Diagnostic : Cassava Mosaic Disease (CMD). Cette feuille de manioc présente des symptômes caractéristiques de cette condition.,True
/home/hounfodjidagba/learning/cassava/data/raw/train_images/3658178204.jpg,CMD,CMD,Diagnostic : Cassava Mosaic Disease (CMD). Cette feuille de manioc présente des symptômes caractéristiques de cette condition.,True
/home/hounfodjidagba/learning/cassava/data/raw/train_images/566469674.jpg,Cassava Green Mottle (CGM),CGM,Diagnostic : Cassava Green Mottle (CGM). Cette feuille de manioc présente des symptômes caractéristiques de cette condition.,False
/home/hounfodjidagba/learning/cassava/data/raw/train_images/2054954672.jpg,CMD,CMD,Diagnostic : Cassava Mosaic Disease (CMD). Cette feuille de manioc présente des symptômes caractéristiques de cette condition.,True
/home/hounfodjidagba/learning/cassava/data/raw/train_images/2470903656.jpg,Cassava Mosaic Disease (CMD),CMD,Diagnostic : Cassava Mosaic Disease (CMD). Cette feuille de manioc présente des symptômes caractéristiques de cette condition.,False
/home/hounfodjidagba/learning/cassava/data/cassava/train/cbsd/train-cbsd-240.jpg,Cassava Brown Streak Disease (CBSD),CBSD,Diagnostic : Cassava Brown Streak Disease (CBSD). Cette feuille de manioc présente des symptômes caractéristiques de cette condition.,False
/home/hounfodjidagba/learning/cassava/data/raw/train_images/4063529695.jpg,Cassava Mosaic Disease (CMD),CMD,Diagnostic : Cassava Mosaic Disease (CMD). Cette feuille de manioc présente des symptômes caractéristiques de cette condition.,False
/home/hounfodjidagba/learning/cassava/data/raw/train_images/26805266.jpg,Cassava Mosaic Disease (CMD),CMD,Diagnostic : Cassava Mosaic Disease (CMD). Cette feuille de manioc présente des symptômes caractéristiques de cette condition.,False
/home/hounfodjidagba/learning/cassava/data/raw/train_images/1381626886.jpg,Cassava Mosaic Disease (CMD),CMD,Diagnostic : Cassava Mosaic Disease (CMD). Cette feuille de manioc présente des symptômes caractéristiques de cette condition.,False
/home/hounfodjidagba/learning/cassava/data/raw/train_images/3662975294.jpg,CMD,CMD,Diagnostic : Cassava Mosaic Disease (CMD). Cette feuille de manioc présente des symptômes caractéristiques de cette condition.,True
/home/hounfodjidagba/learning/cassava/data/raw/train_images/2907284837.jpg,Cassava Green Mottle (CGM),CGM,Diagnostic : Cassava Green Mottle (CGM). Cette feuille de manioc présente des symptômes caractéristiques de cette condition.,False
/home/hounfodjidagba/learning/cassava/data/raw/train_images/720275537.jpg,Healthy,Healthy,Diagnostic : Healthy. Cette feuille de manioc présente des symptômes caractéristiques de cette condition.,True
/home/hounfodjidagba/learning/cassava/data/healthy_001/1617171393857.jpg,Healthy,Healthy,Diagnostic : Healthy. Cette feuille de manioc présente des symptômes caractéristiques de cette condition.,True
/home/hounfodjidagba/learning/cassava/data/cassava/train/cgm/train-cgm-243.jpg,Cassava Green Mottle (CGM),CGM,Diagnostic : Cassava Green Mottle (CGM). Cette feuille de manioc présente des symptômes caractéristiques de cette condition.,False
/home/hounfodjidagba/learning/cassava/data/raw/train_images/262902341.jpg,CBSD,CBSD,Diagnostic : Cassava Brown Streak Disease (CBSD). Cette feuille de manioc présente des symptômes caractéristiques de cette condition.,True
/home/hounfodjidagba/learning/cassava/data/raw/train_images/3372358709.jpg,CBB,CBB,Diagnostic : Cassava Bacterial Blight (CBB). Cette feuille de manioc présente des symptômes caractéristiques de cette condition.,True
/home/hounfodjidagba/learning/cassava/data/cassava/train/cbb/train-cbb-87.jpg,Cassava Bacterial Blight (CBB),CBB,Diagnostic : Cassava Bacterial Blight (CBB). Cette feuille de manioc présente des symptômes caractéristiques de cette condition.,False
/home/hounfodjidagba/learning/cassava/data/cmd_002/uuid_3cdf44d1-d674-49b2-85f4-7c97e7614134.jpg,Cassava Mosaic Disease (CMD),CMD,Diagnostic : Cassava Mosaic Disease (CMD). Cette feuille de manioc présente des symptômes caractéristiques de cette condition.,False
/home/hounfodjidagba/learning/cassava/data/raw/train_images/3607083147.jpg,Cassava Mosaic Disease (CMD),CMD,Diagnostic : Cassava Mosaic Disease (CMD). Cette feuille de manioc présente des symptômes caractéristiques de cette condition.,False
/home/hounfodjidagba/learning/cassava/data/cmd_002/uuid_1ab583fc-2dcc-44fc-a816-4f2abe38e813.jpg,Cassava Mosaic Disease (CMD),CMD,Diagnostic : Cassava Mosaic Disease (CMD). Cette feuille de manioc présente des symptômes caractéristiques de cette condition.,False
/home/hounfodjidagba/learning/cassava/data/cassava/train/cmd/train-cmd-1574.jpg,Cassava Mosaic Disease (CMD),CMD,Diagnostic : Cassava Mosaic Disease (CMD). Cette feuille de manioc présente des symptômes caractéristiques de cette condition.,False
/home/hounfodjidagba/learning/cassava/data/cassava/train/cgm/train-cgm-496.jpg,CGM,CGM,Diagnostic : Cassava Green Mottle (CGM). Cette feuille de manioc présente des symptômes caractéristiques de cette condition.,True
/home/hounfodjidagba/learning/cassava/data/raw/train_images/607840807.jpg,Cassava Brown Streak Disease (CBSD),CBSD,Diagnostic : Cassava Brown Streak Disease (CBSD). Cette feuille de manioc présente des symptômes caractéristiques de cette condition.,False
/home/hounfodjidagba/learning/cassava/data/raw/train_images/2811772992.jpg,CMD,CMD,Diagnostic : Cassava Mosaic Disease (CMD). Cette feuille de manioc présente des symptômes caractéristiques de cette condition.,True
/home/hounfodjidagba/learning/cassava/data/cmd_004/uuid_d3a80338-c7ef-429a-b117-65c997e357c9.jpg,Cassava Mosaic Disease (CMD),CMD,Diagnostic : Cassava Mosaic Disease (CMD). Cette feuille de manioc présente des symptômes caractéristiques de cette condition.,False
/home/hounfodjidagba/learning/cassava/data/cassava/train/cmd/train-cmd-897.jpg,Cassava Mosaic Disease (CMD),CMD,Diagnostic : Cassava Mosaic Disease (CMD). Cette feuille de manioc présente des symptômes caractéristiques de cette condition.,False
/home/hounfodjidagba/learning/cassava/data/raw/train_images/4034095153.jpg,CGM,CGM,Diagnostic : Cassava Green Mottle (CGM). Cette feuille de manioc présente des symptômes caractéristiques de cette condition.,True
/home/hounfodjidagba/learning/cassava/data/raw/train_images/2992863090.jpg,Healthy,CBSD,Diagnostic : Cassava Brown Streak Disease (CBSD). Cette feuille de manioc présente des symptômes caractéristiques de cette condition.,False
/home/hounfodjidagba/learning/cassava/data/cassava/train/cbb/train-cbb-204.jpg,CBB,CBB,Diagnostic : Cassava Bacterial Blight (CBB). Cette feuille de manioc présente des symptômes caractéristiques de cette condition.,True
/home/hounfodjidagba/learning/cassava/data/cassava/train/cbb/train-cbb-19.jpg,CBB,CBB,Diagnostic : Cassava Bacterial Blight (CBB). Cette feuille de manioc présente des symptômes caractéristiques de cette condition.,True
/home/hounfodjidagba/learning/cassava/data/cbsd-2/1617172531662.jpg,CBSD,CBSD,Diagnostic : Cassava Brown Streak Disease (CBSD). Cette feuille de manioc présente des symptômes caractéristiques de cette condition.,True
/home/hounfodjidagba/learning/cassava/data/cassava/train/healthy/train-healthy-315.jpg,Healthy,Healthy,Diagnostic : Healthy. Cette feuille de manioc présente des symptômes caractéristiques de cette condition.,True
/home/hounfodjidagba/learning/cassava/data/cbsd-2/1617171423892.jpg,Cassava Brown Streak Disease (CBSD),CBSD,Diagnostic : Cassava Brown Streak Disease (CBSD). Cette feuille de manioc présente des symptômes caractéristiques de cette condition.,False
/home/hounfodjidagba/learning/cassava/data/cassava/train/cbb/train-cbb-115.jpg,Cassava Bacterial Blight (CBB),CBB,Diagnostic : Cassava Bacterial Blight (CBB). Cette feuille de manioc présente des symptômes caractéristiques de cette condition.,False
/home/hounfodjidagba/learning/cassava/data/raw/train_images/2753696681.jpg,Cassava Mosaic Disease (CMD),CMD,Diagnostic : Cassava Mosaic Disease (CMD). Cette feuille de manioc présente des symptômes caractéristiques de cette condition.,False
/home/hounfodjidagba/learning/cassava/data/raw/train_images/387390506.jpg,Cassava Brown Streak Disease (CBSD),CBSD,Diagnostic : Cassava Brown Streak Disease (CBSD). Cette feuille de manioc présente des symptômes caractéristiques de cette condition.,False
/home/hounfodjidagba/learning/cassava/data/raw/train_images/1496279708.jpg,CGM,CMD,Diagnostic : Cassava Mosaic Disease (CMD). Cette feuille de manioc présente des symptômes caractéristiques de cette condition.,False
/home/hounfodjidagba/learning/cassava/data/raw/train_images/1772879705.jpg,Healthy,Healthy,Diagnostic : Healthy. Cette feuille de manioc présente des symptômes caractéristiques de cette condition.,True
/home/hounfodjidagba/learning/cassava/data/cmd_001/1616824690999.jpg,CMD,CMD,Diagnostic : Cassava Mosaic Disease (CMD). Cette feuille de manioc présente des symptômes caractéristiques de cette condition.,True
/home/hounfodjidagba/learning/cassava/data/cassava/train/cbsd/train-cbsd-246.jpg,CBSD,CBSD,Diagnostic : Cassava Brown Streak Disease (CBSD). Cette feuille de manioc présente des symptômes caractéristiques de cette condition.,True
/home/hounfodjidagba/learning/cassava/data/raw/train_images/2879937455.jpg,Healthy,Healthy,Diagnostic : Healthy. Cette feuille de manioc présente des symptômes caractéristiques de cette condition.,True
/home/hounfodjidagba/learning/cassava/data/raw/train_images/2538746193.jpg,CGM,CGM,Diagnostic : Cassava Green Mottle (CGM). Cette feuille de manioc présente des symptômes caractéristiques de cette condition.,True
/home/hounfodjidagba/learning/cassava/data/cassava/train/cbb/train-cbb-198.jpg,CBB,CBB,Diagnostic : Cassava Bacterial Blight (CBB). Cette feuille de manioc présente des symptômes caractéristiques de cette condition.,True
/home/hounfodjidagba/learning/cassava/data/raw/train_images/1048147223.jpg,Cassava Bacterial Blight (CBB),CBB,Diagnostic : Cassava Bacterial Blight (CBB). Cette feuille de manioc présente des symptômes caractéristiques de cette condition.,False
/home/hounfodjidagba/learning/cassava/data/raw/train_images/553195372.jpg,Cassava Brown Streak Disease (CBSD),CBSD,Diagnostic : Cassava Brown Streak Disease (CBSD). Cette feuille de manioc présente des symptômes caractéristiques de cette condition.,False
/home/hounfodjidagba/learning/cassava/data/raw/train_images/3536435427.jpg,Cassava Bacterial Blight (CBB),CBB,Diagnostic : Cassava Bacterial Blight (CBB). Cette feuille de manioc présente des symptômes caractéristiques de cette condition.,False
/home/hounfodjidagba/learning/cassava/data/raw/train_images/495290160.jpg,Cassava Mosaic Disease (CMD),CMD,Diagnostic : Cassava Mosaic Disease (CMD). Cette feuille de manioc présente des symptômes caractéristiques de cette condition.,False
/home/hounfodjidagba/learning/cassava/data/cassava/train/cbsd/train-cbsd-1338.jpg,CBSD,CBSD,Diagnostic : Cassava Brown Streak Disease (CBSD). Cette feuille de manioc présente des symptômes caractéristiques de cette condition.,True
/home/hounfodjidagba/learning/cassava/data/raw/train_images/1830680184.jpg,Cassava Green Mottle (CGM),Healthy,Diagnostic : Healthy. Cette feuille de manioc présente des symptômes caractéristiques de cette condition.,False
/home/hounfodjidagba/learning/cassava/data/healthy_002/1616768152375.jpg,Healthy,Healthy,Diagnostic : Healthy. Cette feuille de manioc présente des symptômes caractéristiques de cette condition.,True
/home/hounfodjidagba/learning/cassava/data/raw/train_images/2396561061.jpg,Cassava Green Mottle (CGM),Healthy,Diagnostic : Healthy. Cette feuille de manioc présente des symptômes caractéristiques de cette condition.,False
/home/hounfodjidagba/learning/cassava/data/raw/train_images/581749808.jpg,Healthy,Healthy,Diagnostic : Healthy. Cette feuille de manioc présente des symptômes caractéristiques de cette condition.,True
/home/hounfodjidagba/learning/cassava/data/cmd_004/uuid_c2891465-447b-447b-abb5-81b2f492318d.jpg,CMD,CMD,Diagnostic : Cassava Mosaic Disease (CMD). Cette feuille de manioc présente des symptômes caractéristiques de cette condition.,True
/home/hounfodjidagba/learning/cassava/data/raw/train_images/4289669666.jpg,Cassava Bacterial Blight (CBB),CBB,Diagnostic : Cassava Bacterial Blight (CBB). Cette feuille de manioc présente des symptômes caractéristiques de cette condition.,False
/home/hounfodjidagba/learning/cassava/data/cbsd-1/1616822552631.jpg,Cassava Brown Streak Disease (CBSD),CBSD,Diagnostic : Cassava Brown Streak Disease (CBSD). Cette feuille de manioc présente des symptômes caractéristiques de cette condition.,False
/home/hounfodjidagba/learning/cassava/data/raw/train_images/296442602.jpg,Cassava Mosaic Disease (CMD),CMD,Diagnostic : Cassava Mosaic Disease (CMD). Cette feuille de manioc présente des symptômes caractéristiques de cette condition.,False
/home/hounfodjidagba/learning/cassava/data/raw/train_images/3522526655.jpg,CBSD,CGM,Diagnostic : Cassava Green Mottle (CGM). Cette feuille de manioc présente des symptômes caractéristiques de cette condition.,False
/home/hounfodjidagba/learning/cassava/data/cassava/train/cbb/train-cbb-211.jpg,CBB,CMD,Diagnostic : Cassava Mosaic Disease (CMD). Cette feuille de manioc présente des symptômes caractéristiques de cette condition.,False
/home/hounfodjidagba/learning/cassava/data/raw/train_images/2654097903.jpg,Cassava Bacterial Blight (CBB),CBSD,Diagnostic : Cassava Brown Streak Disease (CBSD). Cette feuille de manioc présente des symptômes caractéristiques de cette condition.,False
/home/hounfodjidagba/learning/cassava/data/raw/train_images/2903545051.jpg,Cassava Brown Streak Disease (CBSD),CBSD,Diagnostic : Cassava Brown Streak Disease (CBSD). Cette feuille de manioc présente des symptômes caractéristiques de cette condition.,False
/home/hounfodjidagba/learning/cassava/data/raw/train_images/1089759212.jpg,CBB,CBB,Diagnostic : Cassava Bacterial Blight (CBB). Cette feuille de manioc présente des symptômes caractéristiques de cette condition.,True
/home/hounfodjidagba/learning/cassava/data/cassava/train/cmd/train-cmd-358.jpg,CMD,CMD,Diagnostic : Cassava Mosaic Disease (CMD). Cette feuille de manioc présente des symptômes caractéristiques de cette condition.,True
/home/hounfodjidagba/learning/cassava/data/cassava/train/cmd/train-cmd-2160.jpg,CMD,CMD,Diagnostic : Cassava Mosaic Disease (CMD). Cette feuille de manioc présente des symptômes caractéristiques de cette condition.,True
/home/hounfodjidagba/learning/cassava/data/cassava/train/cmd/train-cmd-2057.jpg,CMD,CMD,Diagnostic : Cassava Mosaic Disease (CMD). Cette feuille de manioc présente des symptômes caractéristiques de cette condition.,True
/home/hounfodjidagba/learning/cassava/data/raw/train_images/2751784473.jpg,Cassava Mosaic Disease (CMD),CMD,Diagnostic : Cassava Mosaic Disease (CMD). Cette feuille de manioc présente des symptômes caractéristiques de cette condition.,False
/home/hounfodjidagba/learning/cassava/data/cassava/train/cgm/train-cgm-693.jpg,Cassava Green Mottle (CGM),CGM,Diagnostic : Cassava Green Mottle (CGM). Cette feuille de manioc présente des symptômes caractéristiques de cette condition.,False
/home/hounfodjidagba/learning/cassava/data/raw/train_images/488165307.jpg,Cassava Green Mottle (CGM),CGM,Diagnostic : Cassava Green Mottle (CGM). Cette feuille de manioc présente des symptômes caractéristiques de cette condition.,False
/home/hounfodjidagba/learning/cassava/data/cmd_004/uuid_951c20e1-8685-49e7-ba9d-6289886a265b.jpg,CMD,CMD,Diagnostic : Cassava Mosaic Disease (CMD). Cette feuille de manioc présente des symptômes caractéristiques de cette condition.,True
/home/hounfodjidagba/learning/cassava/data/raw/train_images/4059993044.jpg,CBSD,CBSD,Diagnostic : Cassava Brown Streak Disease (CBSD). Cette feuille de manioc présente des symptômes caractéristiques de cette condition.,True
/home/hounfodjidagba/learning/cassava/data/raw/train_images/1901823348.jpg,CMD,CMD,Diagnostic : Cassava Mosaic Disease (CMD). Cette feuille de manioc présente des symptômes caractéristiques de cette condition.,True
/home/hounfodjidagba/learning/cassava/data/cassava/train/cgm/train-cgm-485.jpg,Cassava Green Mottle (CGM),CGM,Diagnostic : Cassava Green Mottle (CGM). Cette feuille de manioc présente des symptômes caractéristiques de cette condition.,False
/home/hounfodjidagba/learning/cassava/data/cmd_002/uuid_3b1fc44b-2358-4697-a8ea-0403bc11b783.jpg,Cassava Mosaic Disease (CMD),CMD,Diagnostic : Cassava Mosaic Disease (CMD). Cette feuille de manioc présente des symptômes caractéristiques de cette condition.,False
/home/hounfodjidagba/learning/cassava/data/raw/train_images/1008142548.jpg,CBSD,CMD,Diagnostic : Cassava Mosaic Disease (CMD). Cette feuille de manioc présente des symptômes caractéristiques de cette condition.,False
/home/hounfodjidagba/learning/cassava/data/cmd_001/1616922399490.jpg,Cassava Mosaic Disease (CMD),CMD,Diagnostic : Cassava Mosaic Disease (CMD). Cette feuille de manioc présente des symptômes caractéristiques de cette condition.,False
/home/hounfodjidagba/learning/cassava/data/cassava/train/cgm/train-cgm-669.jpg,Cassava Green Mottle (CGM),CGM,Diagnostic : Cassava Green Mottle (CGM). Cette feuille de manioc présente des symptômes caractéristiques de cette condition.,False
/home/hounfodjidagba/learning/cassava/data/cassava/train/cbsd/train-cbsd-7.jpg,Cassava Brown Streak Disease (CBSD),CMD,Diagnostic : Cassava Mosaic Disease (CMD). Cette feuille de manioc présente des symptômes caractéristiques de cette condition.,False
/home/hounfodjidagba/learning/cassava/data/cassava/train/cbsd/train-cbsd-117.jpg,CBSD,CBSD,Diagnostic : Cassava Brown Streak Disease (CBSD). Cette feuille de manioc présente des symptômes caractéristiques de cette condition.,True
/home/hounfodjidagba/learning/cassava/data/raw/train_images/70951614.jpg,CMD,CBSD,Diagnostic : Cassava Brown Streak Disease (CBSD). Cette feuille de manioc présente des symptômes caractéristiques de cette condition.,False
/home/hounfodjidagba/learning/cassava/data/cassava/train/cgm/train-cgm-104.jpg,CGM,CMD,Diagnostic : Cassava Mosaic Disease (CMD). Cette feuille de manioc présente des symptômes caractéristiques de cette condition.,False
/home/hounfodjidagba/learning/cassava/data/cassava/train/cbsd/train-cbsd-718.jpg,Cassava Brown Streak Disease (CBSD),CBSD,Diagnostic : Cassava Brown Streak Disease (CBSD). Cette feuille de manioc présente des symptômes caractéristiques de cette condition.,False
/home/hounfodjidagba/learning/cassava/data/raw/train_images/1231451126.jpg,CBB,CBB,Diagnostic : Cassava Bacterial Blight (CBB). Cette feuille de manioc présente des symptômes caractéristiques de cette condition.,True
/home/hounfodjidagba/learning/cassava/data/raw/train_images/2438313768.jpg,CGM,CGM,Diagnostic : Cassava Green Mottle (CGM). Cette feuille de manioc présente des symptômes caractéristiques de cette condition.,True
/home/hounfodjidagba/learning/cassava/data/raw/train_images/2002346677.jpg,CMD,CMD,Diagnostic : Cassava Mosaic Disease (CMD). Cette feuille de manioc présente des symptômes caractéristiques de cette condition.,True
/home/hounfodjidagba/learning/cassava/data/raw/train_images/860744310.jpg,CBB,CBSD,Diagnostic : Cassava Brown Streak Disease (CBSD). Cette feuille de manioc présente des symptômes caractéristiques de cette condition.,False
/home/hounfodjidagba/learning/cassava/data/raw/train_images/1563395006.jpg,Cassava Green Mottle (CGM),CGM,Diagnostic : Cassava Green Mottle (CGM). Cette feuille de manioc présente des symptômes caractéristiques de cette condition.,False
/home/hounfodjidagba/learning/cassava/data/raw/train_images/3368505651.jpg,CBB,Healthy,Diagnostic : Healthy. Cette feuille de manioc présente des symptômes caractéristiques de cette condition.,False
/home/hounfodjidagba/learning/cassava/data/raw/train_images/95121846.jpg,CBSD,CBSD,Diagnostic : Cassava Brown Streak Disease (CBSD). Cette feuille de manioc présente des symptômes caractéristiques de cette condition.,True
/home/hounfodjidagba/learning/cassava/data/cassava/train/cbb/train-cbb-91.jpg,Cassava Bacterial Blight (CBB),CBB,Diagnostic : Cassava Bacterial Blight (CBB). Cette feuille de manioc présente des symptômes caractéristiques de cette condition.,False
/home/hounfodjidagba/learning/cassava/data/raw/train_images/266293196.jpg,CMD,CMD,Diagnostic : Cassava Mosaic Disease (CMD). Cette feuille de manioc présente des symptômes caractéristiques de cette condition.,True
/home/hounfodjidagba/learning/cassava/data/raw/train_images/4179735226.jpg,CMD,CMD,Diagnostic : Cassava Mosaic Disease (CMD). Cette feuille de manioc présente des symptômes caractéristiques de cette condition.,True
/home/hounfodjidagba/learning/cassava/data/healthy_002/1616746965449.jpg,Healthy,Healthy,Diagnostic : Healthy. Cette feuille de manioc présente des symptômes caractéristiques de cette condition.,True
/home/hounfodjidagba/learning/cassava/data/cassava/train/cmd/train-cmd-2591.jpg,CMD,CMD,Diagnostic : Cassava Mosaic Disease (CMD). Cette feuille de manioc présente des symptômes caractéristiques de cette condition.,True
/home/hounfodjidagba/learning/cassava/data/raw/train_images/587043810.jpg,CMD,CMD,Diagnostic : Cassava Mosaic Disease (CMD). Cette feuille de manioc présente des symptômes caractéristiques de cette condition.,True
/home/hounfodjidagba/learning/cassava/data/cassava/train/cbsd/train-cbsd-1284.jpg,CBSD,Healthy,Diagnostic : Healthy. Cette feuille de manioc présente des symptômes caractéristiques de cette condition.,False
/home/hounfodjidagba/learning/cassava/data/raw/train_images/3364571008.jpg,CMD,CMD,Diagnostic : Cassava Mosaic Disease (CMD). Cette feuille de manioc présente des symptômes caractéristiques de cette condition.,True
/home/hounfodjidagba/learning/cassava/data/cassava/train/cbb/train-cbb-341.jpg,CBB,CBB,Diagnostic : Cassava Bacterial Blight (CBB). Cette feuille de manioc présente des symptômes caractéristiques de cette condition.,True
/home/hounfodjidagba/learning/cassava/data/cbsd-2/1617172587646.jpg,CBSD,CBSD,Diagnostic : Cassava Brown Streak Disease (CBSD). Cette feuille de manioc présente des symptômes caractéristiques de cette condition.,True
/home/hounfodjidagba/learning/cassava/data/raw/train_images/3013901544.jpg,Healthy,Healthy,Diagnostic : Healthy. Cette feuille de manioc présente des symptômes caractéristiques de cette condition.,True
/home/hounfodjidagba/learning/cassava/data/raw/train_images/864235203.jpg,Cassava Green Mottle (CGM),CMD,Diagnostic : Cassava Mosaic Disease (CMD). Cette feuille de manioc présente des symptômes caractéristiques de cette condition.,False
/home/hounfodjidagba/learning/cassava/data/raw/train_images/3946178245.jpg,Cassava Brown Streak Disease (CBSD),CBSD,Diagnostic : Cassava Brown Streak Disease (CBSD). Cette feuille de manioc présente des symptômes caractéristiques de cette condition.,False
/home/hounfodjidagba/learning/cassava/data/raw/train_images/3801409970.jpg,CBSD,Healthy,Diagnostic : Healthy. Cette feuille de manioc présente des symptômes caractéristiques de cette condition.,False
/home/hounfodjidagba/learning/cassava/data/raw/train_images/1308168920.jpg,CMD,CMD,Diagnostic : Cassava Mosaic Disease (CMD). Cette feuille de manioc présente des symptômes caractéristiques de cette condition.,True
/home/hounfodjidagba/learning/cassava/data/raw/train_images/1747233628.jpg,CMD,CMD,Diagnostic : Cassava Mosaic Disease (CMD). Cette feuille de manioc présente des symptômes caractéristiques de cette condition.,True
/home/hounfodjidagba/learning/cassava/data/cmd_001/1616912143669.jpg,CMD,CMD,Diagnostic : Cassava Mosaic Disease (CMD). Cette feuille de manioc présente des symptômes caractéristiques de cette condition.,True
/home/hounfodjidagba/learning/cassava/data/raw/train_images/2776235541.jpg,Cassava Bacterial Blight (CBB),CBB,Diagnostic : Cassava Bacterial Blight (CBB). Cette feuille de manioc présente des symptômes caractéristiques de cette condition.,False
/home/hounfodjidagba/learning/cassava/data/raw/train_images/4200117481.jpg,Cassava Mosaic Disease (CMD),CMD,Diagnostic : Cassava Mosaic Disease (CMD). Cette feuille de manioc présente des symptômes caractéristiques de cette condition.,False
/home/hounfodjidagba/learning/cassava/data/raw/train_images/3567260259.jpg,Cassava Mosaic Disease (CMD),CMD,Diagnostic : Cassava Mosaic Disease (CMD). Cette feuille de manioc présente des symptômes caractéristiques de cette condition.,False
/home/hounfodjidagba/learning/cassava/data/raw/train_images/591741499.jpg,Cassava Mosaic Disease (CMD),CMD,Diagnostic : Cassava Mosaic Disease (CMD). Cette feuille de manioc présente des symptômes caractéristiques de cette condition.,False
/home/hounfodjidagba/learning/cassava/data/raw/train_images/3776263939.jpg,CBSD,CBSD,Diagnostic : Cassava Brown Streak Disease (CBSD). Cette feuille de manioc présente des symptômes caractéristiques de cette condition.,True
/home/hounfodjidagba/learning/cassava/data/healthy_002/1616764804469.jpg,Healthy,Healthy,Diagnostic : Healthy. Cette feuille de manioc présente des symptômes caractéristiques de cette condition.,True
/home/hounfodjidagba/learning/cassava/data/raw/train_images/932462711.jpg,Cassava Green Mottle (CGM),CGM,Diagnostic : Cassava Green Mottle (CGM). Cette feuille de manioc présente des symptômes caractéristiques de cette condition.,False
/home/hounfodjidagba/learning/cassava/data/cmd_004/uuid_1769c6ec-253a-4099-9dc5-98ceabdde8e9.jpg,Cassava Mosaic Disease (CMD),CMD,Diagnostic : Cassava Mosaic Disease (CMD). Cette feuille de manioc présente des symptômes caractéristiques de cette condition.,False
/home/hounfodjidagba/learning/cassava/data/raw/train_images/489562516.jpg,Cassava Mosaic Disease (CMD),CMD,Diagnostic : Cassava Mosaic Disease (CMD). Cette feuille de manioc présente des symptômes caractéristiques de cette condition.,False
/home/hounfodjidagba/learning/cassava/data/raw/train_images/3318816619.jpg,Healthy,CMD,Diagnostic : Cassava Mosaic Disease (CMD). Cette feuille de manioc présente des symptômes caractéristiques de cette condition.,False
/home/hounfodjidagba/learning/cassava/data/raw/train_images/3295247232.jpg,Cassava Mosaic Disease (CMD),CMD,Diagnostic : Cassava Mosaic Disease (CMD). Cette feuille de manioc présente des symptômes caractéristiques de cette condition.,False
/home/hounfodjidagba/learning/cassava/data/raw/train_images/534270890.jpg,Cassava Bacterial Blight (CBB),CBB,Diagnostic : Cassava Bacterial Blight (CBB). Cette feuille de manioc présente des symptômes caractéristiques de cette condition.,False
/home/hounfodjidagba/learning/cassava/data/raw/train_images/3686283354.jpg,Cassava Bacterial Blight (CBB),CBSD,Diagnostic : Cassava Brown Streak Disease (CBSD). Cette feuille de manioc présente des symptômes caractéristiques de cette condition.,False
/home/hounfodjidagba/learning/cassava/data/cassava/train/cmd/train-cmd-1097.jpg,CMD,CMD,Diagnostic : Cassava Mosaic Disease (CMD). Cette feuille de manioc présente des symptômes caractéristiques de cette condition.,True
/home/hounfodjidagba/learning/cassava/data/cmd_002/uuid_3c4588f3-9229-45d9-935d-ee7dbe900da1.jpg,CMD,CMD,Diagnostic : Cassava Mosaic Disease (CMD). Cette feuille de manioc présente des symptômes caractéristiques de cette condition.,True
/home/hounfodjidagba/learning/cassava/data/raw/train_images/3789353421.jpg,CBB,CBB,Diagnostic : Cassava Bacterial Blight (CBB). Cette feuille de manioc présente des symptômes caractéristiques de cette condition.,True
/home/hounfodjidagba/learning/cassava/data/raw/train_images/1716263265.jpg,CMD,CMD,Diagnostic : Cassava Mosaic Disease (CMD). Cette feuille de manioc présente des symptômes caractéristiques de cette condition.,True
/home/hounfodjidagba/learning/cassava/data/raw/train_images/1773875430.jpg,Cassava Bacterial Blight (CBB),CBB,Diagnostic : Cassava Bacterial Blight (CBB). Cette feuille de manioc présente des symptômes caractéristiques de cette condition.,False
/home/hounfodjidagba/learning/cassava/data/raw/train_images/3223378388.jpg,CMD,CMD,Diagnostic : Cassava Mosaic Disease (CMD). Cette feuille de manioc présente des symptômes caractéristiques de cette condition.,True
/home/hounfodjidagba/learning/cassava/data/cassava/train/cmd/train-cmd-2430.jpg,CMD,CMD,Diagnostic : Cassava Mosaic Disease (CMD). Cette feuille de manioc présente des symptômes caractéristiques de cette condition.,True
/home/hounfodjidagba/learning/cassava/data/cbsd-1/1617095202183.jpg,Cassava Brown Streak Disease (CBSD),CBSD,Diagnostic : Cassava Brown Streak Disease (CBSD). Cette feuille de manioc présente des symptômes caractéristiques de cette condition.,False
/home/hounfodjidagba/learning/cassava/data/raw/train_images/2381876074.jpg,CMD,CMD,Diagnostic : Cassava Mosaic Disease (CMD). Cette feuille de manioc présente des symptômes caractéristiques de cette condition.,True
/home/hounfodjidagba/learning/cassava/data/raw/train_images/3454534975.jpg,CBB,CBB,Diagnostic : Cassava Bacterial Blight (CBB). Cette feuille de manioc présente des symptômes caractéristiques de cette condition.,True
/home/hounfodjidagba/learning/cassava/data/raw/train_images/1695222952.jpg,Cassava Green Mottle (CGM),CGM,Diagnostic : Cassava Green Mottle (CGM). Cette feuille de manioc présente des symptômes caractéristiques de cette condition.,False
/home/hounfodjidagba/learning/cassava/data/raw/train_images/490760030.jpg,CBSD,CBSD,Diagnostic : Cassava Brown Streak Disease (CBSD). Cette feuille de manioc présente des symptômes caractéristiques de cette condition.,True
/home/hounfodjidagba/learning/cassava/data/raw/train_images/2258065803.jpg,Healthy,Healthy,Diagnostic : Healthy. Cette feuille de manioc présente des symptômes caractéristiques de cette condition.,True
/home/hounfodjidagba/learning/cassava/data/raw/train_images/3809607157.jpg,CGM,CGM,Diagnostic : Cassava Green Mottle (CGM). Cette feuille de manioc présente des symptômes caractéristiques de cette condition.,True
/home/hounfodjidagba/learning/cassava/data/cassava/train/cmd/train-cmd-1423.jpg,CMD,CMD,Diagnostic : Cassava Mosaic Disease (CMD). Cette feuille de manioc présente des symptômes caractéristiques de cette condition.,True
/home/hounfodjidagba/learning/cassava/data/raw/train_images/2486583818.jpg,Cassava Mosaic Disease (CMD),CMD,Diagnostic : Cassava Mosaic Disease (CMD). Cette feuille de manioc présente des symptômes caractéristiques de cette condition.,False
/home/hounfodjidagba/learning/cassava/data/healthy_002/1616765768281.jpg,Healthy,Healthy,Diagnostic : Healthy. Cette feuille de manioc présente des symptômes caractéristiques de cette condition.,True
/home/hounfodjidagba/learning/cassava/data/raw/train_images/3256416525.jpg,Cassava Mosaic Disease (CMD),CMD,Diagnostic : Cassava Mosaic Disease (CMD). Cette feuille de manioc présente des symptômes caractéristiques de cette condition.,False
/home/hounfodjidagba/learning/cassava/data/raw/train_images/4158544304.jpg,CMD,CMD,Diagnostic : Cassava Mosaic Disease (CMD). Cette feuille de manioc présente des symptômes caractéristiques de cette condition.,True
/home/hounfodjidagba/learning/cassava/data/raw/train_images/1717047149.jpg,Cassava Green Mottle (CGM),CMD,Diagnostic : Cassava Mosaic Disease (CMD). Cette feuille de manioc présente des symptômes caractéristiques de cette condition.,False
/home/hounfodjidagba/learning/cassava/data/raw/train_images/4271000778.jpg,CMD,CMD,Diagnostic : Cassava Mosaic Disease (CMD). Cette feuille de manioc présente des symptômes caractéristiques de cette condition.,True
/home/hounfodjidagba/learning/cassava/data/raw/train_images/2834029646.jpg,Cassava Mosaic Disease (CMD),CMD,Diagnostic : Cassava Mosaic Disease (CMD). Cette feuille de manioc présente des symptômes caractéristiques de cette condition.,False
/home/hounfodjidagba/learning/cassava/data/raw/train_images/3047244862.jpg,Cassava Mosaic Disease (CMD),CBSD,Diagnostic : Cassava Brown Streak Disease (CBSD). Cette feuille de manioc présente des symptômes caractéristiques de cette condition.,False
/home/hounfodjidagba/learning/cassava/data/cassava/train/cgm/train-cgm-43.jpg,Cassava Green Mottle (CGM),CGM,Diagnostic : Cassava Green Mottle (CGM). Cette feuille de manioc présente des symptômes caractéristiques de cette condition.,False
/home/hounfodjidagba/learning/cassava/data/cbsd-2/1617106273097.jpg,CBSD,CBSD,Diagnostic : Cassava Brown Streak Disease (CBSD). Cette feuille de manioc présente des symptômes caractéristiques de cette condition.,True
/home/hounfodjidagba/learning/cassava/data/cbsd-1/1617099928564.jpg,Cassava Brown Streak Disease (CBSD),CBSD,Diagnostic : Cassava Brown Streak Disease (CBSD). Cette feuille de manioc présente des symptômes caractéristiques de cette condition.,False
/home/hounfodjidagba/learning/cassava/data/raw/train_images/1948267522.jpg,Cassava Green Mottle (CGM),CGM,Diagnostic : Cassava Green Mottle (CGM). Cette feuille de manioc présente des symptômes caractéristiques de cette condition.,False
/home/hounfodjidagba/learning/cassava/data/raw/train_images/573039129.jpg,Cassava Green Mottle (CGM),CMD,Diagnostic : Cassava Mosaic Disease (CMD). Cette feuille de manioc présente des symptômes caractéristiques de cette condition.,False
/home/hounfodjidagba/learning/cassava/data/raw/train_images/3184329827.jpg,CMD,CMD,Diagnostic : Cassava Mosaic Disease (CMD). Cette feuille de manioc présente des symptômes caractéristiques de cette condition.,True
/home/hounfodjidagba/learning/cassava/data/healthy_001/1617180887125.jpg,Healthy,Healthy,Diagnostic : Healthy. Cette feuille de manioc présente des symptômes caractéristiques de cette condition.,True
/home/hounfodjidagba/learning/cassava/data/cassava/train/healthy/train-healthy-169.jpg,Healthy,Healthy,Diagnostic : Healthy. Cette feuille de manioc présente des symptômes caractéristiques de cette condition.,True
/home/hounfodjidagba/learning/cassava/data/raw/train_images/3683884881.jpg,CMD,CMD,Diagnostic : Cassava Mosaic Disease (CMD). Cette feuille de manioc présente des symptômes caractéristiques de cette condition.,True
/home/hounfodjidagba/learning/cassava/data/raw/train_images/4059169921.jpg,CMD,CBSD,Diagnostic : Cassava Brown Streak Disease (CBSD). Cette feuille de manioc présente des symptômes caractéristiques de cette condition.,False
/home/hounfodjidagba/learning/cassava/data/cassava/train/cbb/train-cbb-65.jpg,Cassava Bacterial Blight (CBB),CBB,Diagnostic : Cassava Bacterial Blight (CBB). Cette feuille de manioc présente des symptômes caractéristiques de cette condition.,False
/home/hounfodjidagba/learning/cassava/data/raw/train_images/224347038.jpg,CBB,CBB,Diagnostic : Cassava Bacterial Blight (CBB). Cette feuille de manioc présente des symptômes caractéristiques de cette condition.,True
/home/hounfodjidagba/learning/cassava/data/cassava/train/cbb/train-cbb-323.jpg,Cassava Bacterial Blight (CBB),CBB,Diagnostic : Cassava Bacterial Blight (CBB). Cette feuille de manioc présente des symptômes caractéristiques de cette condition.,False
/home/hounfodjidagba/learning/cassava/data/raw/train_images/4152202956.jpg,CMD,CMD,Diagnostic : Cassava Mosaic Disease (CMD). Cette feuille de manioc présente des symptômes caractéristiques de cette condition.,True
/home/hounfodjidagba/learning/cassava/data/raw/train_images/419974195.jpg,CMD,CMD,Diagnostic : Cassava Mosaic Disease (CMD). Cette feuille de manioc présente des symptômes caractéristiques de cette condition.,True
/home/hounfodjidagba/learning/cassava/data/cbsd-1/1617104197302.jpg,CBSD,CBSD,Diagnostic : Cassava Brown Streak Disease (CBSD). Cette feuille de manioc présente des symptômes caractéristiques de cette condition.,True
/home/hounfodjidagba/learning/cassava/data/cassava/train/cbsd/train-cbsd-830.jpg,CBSD,CBSD,Diagnostic : Cassava Brown Streak Disease (CBSD). Cette feuille de manioc présente des symptômes caractéristiques de cette condition.,True
/home/hounfodjidagba/learning/cassava/data/cmd_003/uuid_4bfa0df5-2d38-4a19-9964-dd2243551caf.jpg,CMD,CMD,Diagnostic : Cassava Mosaic Disease (CMD). Cette feuille de manioc présente des symptômes caractéristiques de cette condition.,True
/home/hounfodjidagba/learning/cassava/data/raw/train_images/736522598.jpg,CGM,CMD,Diagnostic : Cassava Mosaic Disease (CMD). Cette feuille de manioc présente des symptômes caractéristiques de cette condition.,False
/home/hounfodjidagba/learning/cassava/data/raw/train_images/4121252698.jpg,Cassava Mosaic Disease (CMD),CMD,Diagnostic : Cassava Mosaic Disease (CMD). Cette feuille de manioc présente des symptômes caractéristiques de cette condition.,False
/home/hounfodjidagba/learning/cassava/data/raw/train_images/2232257022.jpg,CMD,CMD,Diagnostic : Cassava Mosaic Disease (CMD). Cette feuille de manioc présente des symptômes caractéristiques de cette condition.,True
/home/hounfodjidagba/learning/cassava/data/raw/train_images/3989450757.jpg,Cassava Bacterial Blight (CBB),CBB,Diagnostic : Cassava Bacterial Blight (CBB). Cette feuille de manioc présente des symptômes caractéristiques de cette condition.,False
/home/hounfodjidagba/learning/cassava/data/cmd_001/1616824704980.jpg,CMD,CBSD,Diagnostic : Cassava Brown Streak Disease (CBSD). Cette feuille de manioc présente des symptômes caractéristiques de cette condition.,False
/home/hounfodjidagba/learning/cassava/data/raw/train_images/171026079.jpg,Cassava Green Mottle (CGM),CGM,Diagnostic : Cassava Green Mottle (CGM). Cette feuille de manioc présente des symptômes caractéristiques de cette condition.,False
/home/hounfodjidagba/learning/cassava/data/raw/train_images/1775966274.jpg,Cassava Green Mottle (CGM),CGM,Diagnostic : Cassava Green Mottle (CGM). Cette feuille de manioc présente des symptômes caractéristiques de cette condition.,False
/home/hounfodjidagba/learning/cassava/data/raw/train_images/3718836957.jpg,CMD,CMD,Diagnostic : Cassava Mosaic Disease (CMD). Cette feuille de manioc présente des symptômes caractéristiques de cette condition.,True
/home/hounfodjidagba/learning/cassava/data/raw/train_images/1629534694.jpg,CBB,CBB,Diagnostic : Cassava Bacterial Blight (CBB). Cette feuille de manioc présente des symptômes caractéristiques de cette condition.,True
/home/hounfodjidagba/learning/cassava/data/raw/train_images/2577741887.jpg,Cassava Green Mottle (CGM),CBSD,Diagnostic : Cassava Brown Streak Disease (CBSD). Cette feuille de manioc présente des symptômes caractéristiques de cette condition.,False
/home/hounfodjidagba/learning/cassava/data/raw/train_images/3571646827.jpg,Cassava Mosaic Disease (CMD),CBSD,Diagnostic : Cassava Brown Streak Disease (CBSD). Cette feuille de manioc présente des symptômes caractéristiques de cette condition.,False
/home/hounfodjidagba/learning/cassava/data/cassava/train/cbsd/train-cbsd-1417.jpg,Cassava Brown Streak Disease (CBSD),CBSD,Diagnostic : Cassava Brown Streak Disease (CBSD). Cette feuille de manioc présente des symptômes caractéristiques de cette condition.,False
/home/hounfodjidagba/learning/cassava/data/raw/train_images/333968590.jpg,CGM,CMD,Diagnostic : Cassava Mosaic Disease (CMD). Cette feuille de manioc présente des symptômes caractéristiques de cette condition.,False
/home/hounfodjidagba/learning/cassava/data/raw/train_images/3980578262.jpg,Cassava Bacterial Blight (CBB),CBSD,Diagnostic : Cassava Brown Streak Disease (CBSD). Cette feuille de manioc présente des symptômes caractéristiques de cette condition.,False
/home/hounfodjidagba/learning/cassava/data/raw/train_images/3621524311.jpg,CGM,CMD,Diagnostic : Cassava Mosaic Disease (CMD). Cette feuille de manioc présente des symptômes caractéristiques de cette condition.,False
/home/hounfodjidagba/learning/cassava/data/cmd_003/uuid_4c3525d6-df5f-472b-b652-5cc652d932c5.jpg,Cassava Mosaic Disease (CMD),CMD,Diagnostic : Cassava Mosaic Disease (CMD). Cette feuille de manioc présente des symptômes caractéristiques de cette condition.,False
/home/hounfodjidagba/learning/cassava/data/raw/train_images/724656877.jpg,Cassava Green Mottle (CGM),CGM,Diagnostic : Cassava Green Mottle (CGM). Cette feuille de manioc présente des symptômes caractéristiques de cette condition.,False
/home/hounfodjidagba/learning/cassava/data/raw/train_images/798006612.jpg,Cassava Mosaic Disease (CMD),CMD,Diagnostic : Cassava Mosaic Disease (CMD). Cette feuille de manioc présente des symptômes caractéristiques de cette condition.,False
/home/hounfodjidagba/learning/cassava/data/raw/train_images/1523038784.jpg,CBB,CBB,Diagnostic : Cassava Bacterial Blight (CBB). Cette feuille de manioc présente des symptômes caractéristiques de cette condition.,True
/home/hounfodjidagba/learning/cassava/data/raw/train_images/2400244063.jpg,Cassava Mosaic Disease (CMD),CMD,Diagnostic : Cassava Mosaic Disease (CMD). Cette feuille de manioc présente des symptômes caractéristiques de cette condition.,False
/home/hounfodjidagba/learning/cassava/data/cmd_001/1616998432283.jpg,CMD,CMD,Diagnostic : Cassava Mosaic Disease (CMD). Cette feuille de manioc présente des symptômes caractéristiques de cette condition.,True
/home/hounfodjidagba/learning/cassava/data/cassava/train/cbsd/train-cbsd-927.jpg,Cassava Brown Streak Disease (CBSD),CMD,Diagnostic : Cassava Mosaic Disease (CMD). Cette feuille de manioc présente des symptômes caractéristiques de cette condition.,False
/home/hounfodjidagba/learning/cassava/data/cmd_004/uuid_b69eab9e-f1b4-406f-9566-1fcba0cbb72d.jpg,CMD,CMD,Diagnostic : Cassava Mosaic Disease (CMD). Cette feuille de manioc présente des symptômes caractéristiques de cette condition.,True
/home/hounfodjidagba/learning/cassava/data/raw/train_images/1279883672.jpg,Cassava Mosaic Disease (CMD),CMD,Diagnostic : Cassava Mosaic Disease (CMD). Cette feuille de manioc présente des symptômes caractéristiques de cette condition.,False
/home/hounfodjidagba/learning/cassava/data/cbsd-2/1617172830229.jpg,CBSD,CBSD,Diagnostic : Cassava Brown Streak Disease (CBSD). Cette feuille de manioc présente des symptômes caractéristiques de cette condition.,True
/home/hounfodjidagba/learning/cassava/data/raw/train_images/293936551.jpg,CMD,CMD,Diagnostic : Cassava Mosaic Disease (CMD). Cette feuille de manioc présente des symptômes caractéristiques de cette condition.,True
/home/hounfodjidagba/learning/cassava/data/cassava/train/cgm/train-cgm-726.jpg,CGM,CBSD,Diagnostic : Cassava Brown Streak Disease (CBSD). Cette feuille de manioc présente des symptômes caractéristiques de cette condition.,False
/home/hounfodjidagba/learning/cassava/data/cmd_003/uuid_5fbe9ecc-fb05-40cd-b287-3dab56fb35cf.jpg,CMD,CMD,Diagnostic : Cassava Mosaic Disease (CMD). Cette feuille de manioc présente des symptômes caractéristiques de cette condition.,True
/home/hounfodjidagba/learning/cassava/data/cbsd-1/1617104659380.jpg,CBSD,CBSD,Diagnostic : Cassava Brown Streak Disease (CBSD). Cette feuille de manioc présente des symptômes caractéristiques de cette condition.,True
/home/hounfodjidagba/learning/cassava/data/cmd_004/uuid_d46fa29a-5211-4420-b14b-7d90c4778be1.jpg,Cassava Mosaic Disease (CMD),CMD,Diagnostic : Cassava Mosaic Disease (CMD). Cette feuille de manioc présente des symptômes caractéristiques de cette condition.,False
/home/hounfodjidagba/learning/cassava/data/cassava/train/cbb/train-cbb-391.jpg,CBB,CBB,Diagnostic : Cassava Bacterial Blight (CBB). Cette feuille de manioc présente des symptômes caractéristiques de cette condition.,True
/home/hounfodjidagba/learning/cassava/data/raw/train_images/181857749.jpg,CGM,CGM,Diagnostic : Cassava Green Mottle (CGM). Cette feuille de manioc présente des symptômes caractéristiques de cette condition.,True
/home/hounfodjidagba/learning/cassava/data/raw/train_images/2007737070.jpg,Cassava Bacterial Blight (CBB),Healthy,Diagnostic : Healthy. Cette feuille de manioc présente des symptômes caractéristiques de cette condition.,False
/home/hounfodjidagba/learning/cassava/data/raw/train_images/1463552704.jpg,Cassava Mosaic Disease (CMD),CMD,Diagnostic : Cassava Mosaic Disease (CMD). Cette feuille de manioc présente des symptômes caractéristiques de cette condition.,False
/home/hounfodjidagba/learning/cassava/data/cbsd-2/1617173030180.jpg,CBSD,CBSD,Diagnostic : Cassava Brown Streak Disease (CBSD). Cette feuille de manioc présente des symptômes caractéristiques de cette condition.,True
/home/hounfodjidagba/learning/cassava/data/raw/train_images/1472319237.jpg,Healthy,Healthy,Diagnostic : Healthy. Cette feuille de manioc présente des symptômes caractéristiques de cette condition.,True
/home/hounfodjidagba/learning/cassava/data/cbsd-1/1617003899309.jpg,CBSD,CMD,Diagnostic : Cassava Mosaic Disease (CMD). Cette feuille de manioc présente des symptômes caractéristiques de cette condition.,False
/home/hounfodjidagba/learning/cassava/data/raw/train_images/2330534234.jpg,Cassava Bacterial Blight (CBB),Healthy,Diagnostic : Healthy. Cette feuille de manioc présente des symptômes caractéristiques de cette condition.,False
/home/hounfodjidagba/learning/cassava/data/raw/train_images/2188547728.jpg,CMD,CMD,Diagnostic : Cassava Mosaic Disease (CMD). Cette feuille de manioc présente des symptômes caractéristiques de cette condition.,True
/home/hounfodjidagba/learning/cassava/data/raw/train_images/965919968.jpg,CBB,CBB,Diagnostic : Cassava Bacterial Blight (CBB). Cette feuille de manioc présente des symptômes caractéristiques de cette condition.,True
/home/hounfodjidagba/learning/cassava/data/cbsd-1/1617093486481.jpg,Cassava Brown Streak Disease (CBSD),CBSD,Diagnostic : Cassava Brown Streak Disease (CBSD). Cette feuille de manioc présente des symptômes caractéristiques de cette condition.,False
/home/hounfodjidagba/learning/cassava/data/raw/train_images/1875934102.jpg,Healthy,CGM,Diagnostic : Cassava Green Mottle (CGM). Cette feuille de manioc présente des symptômes caractéristiques de cette condition.,False
/home/hounfodjidagba/learning/cassava/data/raw/train_images/2108674538.jpg,CMD,CMD,Diagnostic : Cassava Mosaic Disease (CMD). Cette feuille de manioc présente des symptômes caractéristiques de cette condition.,True
/home/hounfodjidagba/learning/cassava/data/raw/train_images/1482454106.jpg,CMD,CMD,Diagnostic : Cassava Mosaic Disease (CMD). Cette feuille de manioc présente des symptômes caractéristiques de cette condition.,True
/home/hounfodjidagba/learning/cassava/data/raw/train_images/2405559933.jpg,CGM,Healthy,Diagnostic : Healthy. Cette feuille de manioc présente des symptômes caractéristiques de cette condition.,False
/home/hounfodjidagba/learning/cassava/data/raw/train_images/851450770.jpg,Cassava Bacterial Blight (CBB),CBSD,Diagnostic : Cassava Brown Streak Disease (CBSD). Cette feuille de manioc présente des symptômes caractéristiques de cette condition.,False
/home/hounfodjidagba/learning/cassava/data/raw/train_images/2173674867.jpg,Cassava Green Mottle (CGM),CGM,Diagnostic : Cassava Green Mottle (CGM). Cette feuille de manioc présente des symptômes caractéristiques de cette condition.,False
/home/hounfodjidagba/learning/cassava/data/cassava/train/cmd/train-cmd-1458.jpg,Cassava Mosaic Disease (CMD),CMD,Diagnostic : Cassava Mosaic Disease (CMD). Cette feuille de manioc présente des symptômes caractéristiques de cette condition.,False
/home/hounfodjidagba/learning/cassava/data/raw/train_images/858590964.jpg,Cassava Mosaic Disease (CMD),CMD,Diagnostic : Cassava Mosaic Disease (CMD). Cette feuille de manioc présente des symptômes caractéristiques de cette condition.,False
/home/hounfodjidagba/learning/cassava/data/cassava/train/cbsd/train-cbsd-1271.jpg,CBSD,CBSD,Diagnostic : Cassava Brown Streak Disease (CBSD). Cette feuille de manioc présente des symptômes caractéristiques de cette condition.,True
/home/hounfodjidagba/learning/cassava/data/cbsd-1/1616854293240.jpg,Cassava Brown Streak Disease (CBSD),CBSD,Diagnostic : Cassava Brown Streak Disease (CBSD). Cette feuille de manioc présente des symptômes caractéristiques de cette condition.,False
/home/hounfodjidagba/learning/cassava/data/cbsd-2/1617170680654.jpg,CBSD,CBSD,Diagnostic : Cassava Brown Streak Disease (CBSD). Cette feuille de manioc présente des symptômes caractéristiques de cette condition.,True
/home/hounfodjidagba/learning/cassava/data/raw/train_images/2842680107.jpg,Cassava Mosaic Disease (CMD),CMD,Diagnostic : Cassava Mosaic Disease (CMD). Cette feuille de manioc présente des symptômes caractéristiques de cette condition.,False
/home/hounfodjidagba/learning/cassava/data/cassava/train/cbsd/train-cbsd-780.jpg,Cassava Brown Streak Disease (CBSD),CBSD,Diagnostic : Cassava Brown Streak Disease (CBSD). Cette feuille de manioc présente des symptômes caractéristiques de cette condition.,False
/home/hounfodjidagba/learning/cassava/data/cassava/train/cmd/train-cmd-1950.jpg,CMD,CMD,Diagnostic : Cassava Mosaic Disease (CMD). Cette feuille de manioc présente des symptômes caractéristiques de cette condition.,True
/home/hounfodjidagba/learning/cassava/data/raw/train_images/755941592.jpg,CMD,CMD,Diagnostic : Cassava Mosaic Disease (CMD). Cette feuille de manioc présente des symptômes caractéristiques de cette condition.,True
/home/hounfodjidagba/learning/cassava/data/raw/train_images/2656330377.jpg,Cassava Bacterial Blight (CBB),CBB,Diagnostic : Cassava Bacterial Blight (CBB). Cette feuille de manioc présente des symptômes caractéristiques de cette condition.,False
/home/hounfodjidagba/learning/cassava/data/raw/train_images/3222453673.jpg,CGM,CGM,Diagnostic : Cassava Green Mottle (CGM). Cette feuille de manioc présente des symptômes caractéristiques de cette condition.,True
/home/hounfodjidagba/learning/cassava/data/cassava/train/cmd/train-cmd-1640.jpg,CMD,CMD,Diagnostic : Cassava Mosaic Disease (CMD). Cette feuille de manioc présente des symptômes caractéristiques de cette condition.,True
/home/hounfodjidagba/learning/cassava/data/raw/train_images/477484606.jpg,Healthy,Healthy,Diagnostic : Healthy. Cette feuille de manioc présente des symptômes caractéristiques de cette condition.,True
/home/hounfodjidagba/learning/cassava/data/cmd_003/uuid_4e1aba7d-39ad-4b5c-a4c2-453f7a58282a.jpg,Cassava Mosaic Disease (CMD),CMD,Diagnostic : Cassava Mosaic Disease (CMD). Cette feuille de manioc présente des symptômes caractéristiques de cette condition.,False
/home/hounfodjidagba/learning/cassava/data/raw/train_images/3516777712.jpg,CMD,CMD,Diagnostic : Cassava Mosaic Disease (CMD). Cette feuille de manioc présente des symptômes caractéristiques de cette condition.,True
/home/hounfodjidagba/learning/cassava/data/cmd_004/uuid_c34f5d4b-7d83-42a8-8c59-80d73dddb143.jpg,CMD,CMD,Diagnostic : Cassava Mosaic Disease (CMD). Cette feuille de manioc présente des symptômes caractéristiques de cette condition.,True
/home/hounfodjidagba/learning/cassava/data/cmd_002/uuid_2e371097-1c7f-4b6a-8155-6a8c6343e2d9.jpg,CMD,CMD,Diagnostic : Cassava Mosaic Disease (CMD). Cette feuille de manioc présente des symptômes caractéristiques de cette condition.,True
/home/hounfodjidagba/learning/cassava/data/raw/train_images/3212798182.jpg,Cassava Brown Streak Disease (CBSD),CBSD,Diagnostic : Cassava Brown Streak Disease (CBSD). Cette feuille de manioc présente des symptômes caractéristiques de cette condition.,False
/home/hounfodjidagba/learning/cassava/data/cbsd-1/1617097525599.jpg,Cassava Brown Streak Disease (CBSD),CBSD,Diagnostic : Cassava Brown Streak Disease (CBSD). Cette feuille de manioc présente des symptômes caractéristiques de cette condition.,False
/home/hounfodjidagba/learning/cassava/data/cassava/train/cbsd/train-cbsd-346.jpg,CBSD,CBSD,Diagnostic : Cassava Brown Streak Disease (CBSD). Cette feuille de manioc présente des symptômes caractéristiques de cette condition.,True
/home/hounfodjidagba/learning/cassava/data/raw/train_images/1446871248.jpg,Cassava Mosaic Disease (CMD),CMD,Diagnostic : Cassava Mosaic Disease (CMD). Cette feuille de manioc présente des symptômes caractéristiques de cette condition.,False
/home/hounfodjidagba/learning/cassava/data/cbsd-2/1617177034266.jpg,CBSD,CBSD,Diagnostic : Cassava Brown Streak Disease (CBSD). Cette feuille de manioc présente des symptômes caractéristiques de cette condition.,True
/home/hounfodjidagba/learning/cassava/data/cassava/train/cmd/train-cmd-739.jpg,Cassava Mosaic Disease (CMD),CMD,Diagnostic : Cassava Mosaic Disease (CMD). Cette feuille de manioc présente des symptômes caractéristiques de cette condition.,False
/home/hounfodjidagba/learning/cassava/data/cassava/train/cgm/train-cgm-630.jpg,CGM,CGM,Diagnostic : Cassava Green Mottle (CGM). Cette feuille de manioc présente des symptômes caractéristiques de cette condition.,True
/home/hounfodjidagba/learning/cassava/data/raw/train_images/4137700702.jpg,Cassava Mosaic Disease (CMD),CMD,Diagnostic : Cassava Mosaic Disease (CMD). Cette feuille de manioc présente des symptômes caractéristiques de cette condition.,False
/home/hounfodjidagba/learning/cassava/data/raw/train_images/3714061123.jpg,CBSD,CMD,Diagnostic : Cassava Mosaic Disease (CMD). Cette feuille de manioc présente des symptômes caractéristiques de cette condition.,False
/home/hounfodjidagba/learning/cassava/data/cassava/train/cgm/train-cgm-204.jpg,CGM,CMD,Diagnostic : Cassava Mosaic Disease (CMD). Cette feuille de manioc présente des symptômes caractéristiques de cette condition.,False
/home/hounfodjidagba/learning/cassava/data/cbsd-2/1617176649983.jpg,Cassava Brown Streak Disease (CBSD),CBSD,Diagnostic : Cassava Brown Streak Disease (CBSD). Cette feuille de manioc présente des symptômes caractéristiques de cette condition.,False
/home/hounfodjidagba/learning/cassava/data/raw/train_images/1654496299.jpg,Cassava Green Mottle (CGM),CGM,Diagnostic : Cassava Green Mottle (CGM). Cette feuille de manioc présente des symptômes caractéristiques de cette condition.,False
/home/hounfodjidagba/learning/cassava/data/raw/train_images/3872624797.jpg,CGM,CMD,Diagnostic : Cassava Mosaic Disease (CMD). Cette feuille de manioc présente des symptômes caractéristiques de cette condition.,False
/home/hounfodjidagba/learning/cassava/data/cbsd-2/1617171031679.jpg,CBSD,CMD,Diagnostic : Cassava Mosaic Disease (CMD). Cette feuille de manioc présente des symptômes caractéristiques de cette condition.,False
/home/hounfodjidagba/learning/cassava/data/cbsd-1/1617099551699.jpg,CBSD,CBSD,Diagnostic : Cassava Brown Streak Disease (CBSD). Cette feuille de manioc présente des symptômes caractéristiques de cette condition.,True
/home/hounfodjidagba/learning/cassava/data/raw/train_images/879939600.jpg,CBSD,CBSD,Diagnostic : Cassava Brown Streak Disease (CBSD). Cette feuille de manioc présente des symptômes caractéristiques de cette condition.,True
/home/hounfodjidagba/learning/cassava/data/cassava/train/cbsd/train-cbsd-1126.jpg,CBSD,CBSD,Diagnostic : Cassava Brown Streak Disease (CBSD). Cette feuille de manioc présente des symptômes caractéristiques de cette condition.,True
/home/hounfodjidagba/learning/cassava/data/raw/train_images/2376221892.jpg,Cassava Bacterial Blight (CBB),CBB,Diagnostic : Cassava Bacterial Blight (CBB). Cette feuille de manioc présente des symptômes caractéristiques de cette condition.,False
/home/hounfodjidagba/learning/cassava/data/raw/train_images/982968211.jpg,Cassava Mosaic Disease (CMD),CMD,Diagnostic : Cassava Mosaic Disease (CMD). Cette feuille de manioc présente des symptômes caractéristiques de cette condition.,False
/home/hounfodjidagba/learning/cassava/data/cassava/train/healthy/train-healthy-218.jpg,Healthy,CGM,Diagnostic : Cassava Green Mottle (CGM). Cette feuille de manioc présente des symptômes caractéristiques de cette condition.,False
/home/hounfodjidagba/learning/cassava/data/cmd_004/uuid_a47d24c6-f913-4e11-a0cc-b42834498f05.jpg,CMD,CMD,Diagnostic : Cassava Mosaic Disease (CMD). Cette feuille de manioc présente des symptômes caractéristiques de cette condition.,True
/home/hounfodjidagba/learning/cassava/data/raw/train_images/3656310012.jpg,CMD,CMD,Diagnostic : Cassava Mosaic Disease (CMD). Cette feuille de manioc présente des symptômes caractéristiques de cette condition.,True
/home/hounfodjidagba/learning/cassava/data/cmd_003/uuid_3e3f9f07-1b63-487c-8ff3-1553271f9955.jpg,Cassava Mosaic Disease (CMD),CMD,Diagnostic : Cassava Mosaic Disease (CMD). Cette feuille de manioc présente des symptômes caractéristiques de cette condition.,False
/home/hounfodjidagba/learning/cassava/data/raw/train_images/688011612.jpg,Cassava Bacterial Blight (CBB),CBB,Diagnostic : Cassava Bacterial Blight (CBB). Cette feuille de manioc présente des symptômes caractéristiques de cette condition.,False
/home/hounfodjidagba/learning/cassava/data/raw/train_images/2407733986.jpg,CGM,Healthy,Diagnostic : Healthy. Cette feuille de manioc présente des symptômes caractéristiques de cette condition.,False
/home/hounfodjidagba/learning/cassava/data/cassava/train/cbb/train-cbb-63.jpg,Cassava Bacterial Blight (CBB),CBSD,Diagnostic : Cassava Brown Streak Disease (CBSD). Cette feuille de manioc présente des symptômes caractéristiques de cette condition.,False
/home/hounfodjidagba/learning/cassava/data/raw/train_images/3969087697.jpg,CGM,CGM,Diagnostic : Cassava Green Mottle (CGM). Cette feuille de manioc présente des symptômes caractéristiques de cette condition.,True
/home/hounfodjidagba/learning/cassava/data/raw/train_images/1539533561.jpg,Cassava Bacterial Blight (CBB),CBB,Diagnostic : Cassava Bacterial Blight (CBB). Cette feuille de manioc présente des symptômes caractéristiques de cette condition.,False
/home/hounfodjidagba/learning/cassava/data/cassava/train/cbsd/train-cbsd-1030.jpg,CBSD,CBSD,Diagnostic : Cassava Brown Streak Disease (CBSD). Cette feuille de manioc présente des symptômes caractéristiques de cette condition.,True
/home/hounfodjidagba/learning/cassava/data/raw/train_images/4173430293.jpg,CBSD,CBSD,Diagnostic : Cassava Brown Streak Disease (CBSD). Cette feuille de manioc présente des symptômes caractéristiques de cette condition.,True
/home/hounfodjidagba/learning/cassava/data/cassava/train/cmd/train-cmd-1016.jpg,CMD,CMD,Diagnostic : Cassava Mosaic Disease (CMD). Cette feuille de manioc présente des symptômes caractéristiques de cette condition.,True
/home/hounfodjidagba/learning/cassava/data/raw/train_images/4092163942.jpg,CMD,CMD,Diagnostic : Cassava Mosaic Disease (CMD). Cette feuille de manioc présente des symptômes caractéristiques de cette condition.,True
/home/hounfodjidagba/learning/cassava/data/cassava/train/cmd/train-cmd-1409.jpg,Cassava Mosaic Disease (CMD),CMD,Diagnostic : Cassava Mosaic Disease (CMD). Cette feuille de manioc présente des symptômes caractéristiques de cette condition.,False
/home/hounfodjidagba/learning/cassava/data/cassava/train/cbsd/train-cbsd-1402.jpg,CBSD,CBSD,Diagnostic : Cassava Brown Streak Disease (CBSD). Cette feuille de manioc présente des symptômes caractéristiques de cette condition.,True
/home/hounfodjidagba/learning/cassava/data/raw/train_images/1154146320.jpg,CMD,CMD,Diagnostic : Cassava Mosaic Disease (CMD). Cette feuille de manioc présente des symptômes caractéristiques de cette condition.,True
/home/hounfodjidagba/learning/cassava/data/cassava/train/cbsd/train-cbsd-839.jpg,Cassava Brown Streak Disease (CBSD),CMD,Diagnostic : Cassava Mosaic Disease (CMD). Cette feuille de manioc présente des symptômes caractéristiques de cette condition.,False
/home/hounfodjidagba/learning/cassava/data/cbsd-1/1616822130390.jpg,Cassava Brown Streak Disease (CBSD),CBSD,Diagnostic : Cassava Brown Streak Disease (CBSD). Cette feuille de manioc présente des symptômes caractéristiques de cette condition.,False
/home/hounfodjidagba/learning/cassava/data/cassava/train/cmd/train-cmd-988.jpg,CMD,CMD,Diagnostic : Cassava Mosaic Disease (CMD). Cette feuille de manioc présente des symptômes caractéristiques de cette condition.,True
/home/hounfodjidagba/learning/cassava/data/raw/train_images/1483424894.jpg,CMD,CMD,Diagnostic : Cassava Mosaic Disease (CMD). Cette feuille de manioc présente des symptômes caractéristiques de cette condition.,True
/home/hounfodjidagba/learning/cassava/data/raw/train_images/542786109.jpg,CGM,Healthy,Diagnostic : Healthy. Cette feuille de manioc présente des symptômes caractéristiques de cette condition.,False
/home/hounfodjidagba/learning/cassava/data/cmd_002/uuid_2c9dcaa1-c38c-4b8a-9bcb-8b5b5d86ff0a.jpg,Cassava Mosaic Disease (CMD),CMD,Diagnostic : Cassava Mosaic Disease (CMD). Cette feuille de manioc présente des symptômes caractéristiques de cette condition.,False
/home/hounfodjidagba/learning/cassava/data/raw/train_images/1955463864.jpg,CBSD,CGM,Diagnostic : Cassava Green Mottle (CGM). Cette feuille de manioc présente des symptômes caractéristiques de cette condition.,False
/home/hounfodjidagba/learning/cassava/data/cassava/train/healthy/train-healthy-245.jpg,Healthy,CBSD,Diagnostic : Cassava Brown Streak Disease (CBSD). Cette feuille de manioc présente des symptômes caractéristiques de cette condition.,False
/home/hounfodjidagba/learning/cassava/data/cassava/train/cgm/train-cgm-384.jpg,Cassava Green Mottle (CGM),CGM,Diagnostic : Cassava Green Mottle (CGM). Cette feuille de manioc présente des symptômes caractéristiques de cette condition.,False
/home/hounfodjidagba/learning/cassava/data/cassava/train/cbsd/train-cbsd-1313.jpg,Cassava Brown Streak Disease (CBSD),CBSD,Diagnostic : Cassava Brown Streak Disease (CBSD). Cette feuille de manioc présente des symptômes caractéristiques de cette condition.,False
/home/hounfodjidagba/learning/cassava/data/cmd_003/uuid_5dea3441-7c16-4cb8-b050-1026e7ca8820.jpg,Cassava Mosaic Disease (CMD),CMD,Diagnostic : Cassava Mosaic Disease (CMD). Cette feuille de manioc présente des symptômes caractéristiques de cette condition.,False
/home/hounfodjidagba/learning/cassava/data/healthy_002/1616767755568.jpg,Healthy,Healthy,Diagnostic : Healthy. Cette feuille de manioc présente des symptômes caractéristiques de cette condition.,True
/home/hounfodjidagba/learning/cassava/data/raw/train_images/852760236.jpg,Cassava Mosaic Disease (CMD),CMD,Diagnostic : Cassava Mosaic Disease (CMD). Cette feuille de manioc présente des symptômes caractéristiques de cette condition.,False
/home/hounfodjidagba/learning/cassava/data/raw/train_images/128820265.jpg,Cassava Mosaic Disease (CMD),CMD,Diagnostic : Cassava Mosaic Disease (CMD). Cette feuille de manioc présente des symptômes caractéristiques de cette condition.,False
/home/hounfodjidagba/learning/cassava/data/raw/train_images/3522543975.jpg,CGM,CGM,Diagnostic : Cassava Green Mottle (CGM). Cette feuille de manioc présente des symptômes caractéristiques de cette condition.,True
/home/hounfodjidagba/learning/cassava/data/raw/train_images/581030887.jpg,Healthy,Healthy,Diagnostic : Healthy. Cette feuille de manioc présente des symptômes caractéristiques de cette condition.,True
/home/hounfodjidagba/learning/cassava/data/raw/train_images/3675829567.jpg,Healthy,Healthy,Diagnostic : Healthy. Cette feuille de manioc présente des symptômes caractéristiques de cette condition.,True
/home/hounfodjidagba/learning/cassava/data/raw/train_images/3691200692.jpg,Healthy,Healthy,Diagnostic : Healthy. Cette feuille de manioc présente des symptômes caractéristiques de cette condition.,True
/home/hounfodjidagba/learning/cassava/data/raw/train_images/1643328543.jpg,Cassava Mosaic Disease (CMD),CMD,Diagnostic : Cassava Mosaic Disease (CMD). Cette feuille de manioc présente des symptômes caractéristiques de cette condition.,False
/home/hounfodjidagba/learning/cassava/data/raw/train_images/1817648564.jpg,CMD,CMD,Diagnostic : Cassava Mosaic Disease (CMD). Cette feuille de manioc présente des symptômes caractéristiques de cette condition.,True
/home/hounfodjidagba/learning/cassava/data/raw/train_images/4284674042.jpg,CBB,CBB,Diagnostic : Cassava Bacterial Blight (CBB). Cette feuille de manioc présente des symptômes caractéristiques de cette condition.,True
/home/hounfodjidagba/learning/cassava/data/raw/train_images/11252426.jpg,Cassava Mosaic Disease (CMD),CMD,Diagnostic : Cassava Mosaic Disease (CMD). Cette feuille de manioc présente des symptômes caractéristiques de cette condition.,False
/home/hounfodjidagba/learning/cassava/data/raw/train_images/3998452657.jpg,Healthy,Healthy,Diagnostic : Healthy. Cette feuille de manioc présente des symptômes caractéristiques de cette condition.,True
/home/hounfodjidagba/learning/cassava/data/raw/train_images/1740309612.jpg,Cassava Bacterial Blight (CBB),CBB,Diagnostic : Cassava Bacterial Blight (CBB). Cette feuille de manioc présente des symptômes caractéristiques de cette condition.,False
/home/hounfodjidagba/learning/cassava/data/raw/train_images/2423344068.jpg,CBB,CBB,Diagnostic : Cassava Bacterial Blight (CBB). Cette feuille de manioc présente des symptômes caractéristiques de cette condition.,True
/home/hounfodjidagba/learning/cassava/data/raw/train_images/1804238623.jpg,Healthy,Healthy,Diagnostic : Healthy. Cette feuille de manioc présente des symptômes caractéristiques de cette condition.,True
/home/hounfodjidagba/learning/cassava/data/raw/train_images/2349814871.jpg,Healthy,Healthy,Diagnostic : Healthy. Cette feuille de manioc présente des symptômes caractéristiques de cette condition.,True
/home/hounfodjidagba/learning/cassava/data/healthy_002/1616765781150.jpg,Healthy,Healthy,Diagnostic : Healthy. Cette feuille de manioc présente des symptômes caractéristiques de cette condition.,True
/home/hounfodjidagba/learning/cassava/data/raw/train_images/696638670.jpg,Cassava Mosaic Disease (CMD),CBSD,Diagnostic : Cassava Brown Streak Disease (CBSD). Cette feuille de manioc présente des symptômes caractéristiques de cette condition.,False
/home/hounfodjidagba/learning/cassava/data/cassava/train/cbsd/train-cbsd-208.jpg,CBSD,CBSD,Diagnostic : Cassava Brown Streak Disease (CBSD). Cette feuille de manioc présente des symptômes caractéristiques de cette condition.,True
/home/hounfodjidagba/learning/cassava/data/raw/train_images/1257614231.jpg,CGM,CGM,Diagnostic : Cassava Green Mottle (CGM). Cette feuille de manioc présente des symptômes caractéristiques de cette condition.,True
/home/hounfodjidagba/learning/cassava/data/raw/train_images/2167218965.jpg,CBB,CBSD,Diagnostic : Cassava Brown Streak Disease (CBSD). Cette feuille de manioc présente des symptômes caractéristiques de cette condition.,False
/home/hounfodjidagba/learning/cassava/data/raw/train_images/11162952.jpg,Cassava Mosaic Disease (CMD),CMD,Diagnostic : Cassava Mosaic Disease (CMD). Cette feuille de manioc présente des symptômes caractéristiques de cette condition.,False
/home/hounfodjidagba/learning/cassava/data/cassava/train/cgm/train-cgm-195.jpg,Cassava Green Mottle (CGM),CGM,Diagnostic : Cassava Green Mottle (CGM). Cette feuille de manioc présente des symptômes caractéristiques de cette condition.,False
/home/hounfodjidagba/learning/cassava/data/raw/train_images/4242325516.jpg,Cassava Green Mottle (CGM),CGM,Diagnostic : Cassava Green Mottle (CGM). Cette feuille de manioc présente des symptômes caractéristiques de cette condition.,False
/home/hounfodjidagba/learning/cassava/data/cassava/train/cbb/train-cbb-29.jpg,Cassava Bacterial Blight (CBB),CBB,Diagnostic : Cassava Bacterial Blight (CBB). Cette feuille de manioc présente des symptômes caractéristiques de cette condition.,False
/home/hounfodjidagba/learning/cassava/data/raw/train_images/107443287.jpg,Cassava Mosaic Disease (CMD),CMD,Diagnostic : Cassava Mosaic Disease (CMD). Cette feuille de manioc présente des symptômes caractéristiques de cette condition.,False
/home/hounfodjidagba/learning/cassava/data/cmd_005/uuid_51fb2a19-9d75-4ea7-bc9a-8470e3b18fde.jpg,Cassava Mosaic Disease (CMD),CMD,Diagnostic : Cassava Mosaic Disease (CMD). Cette feuille de manioc présente des symptômes caractéristiques de cette condition.,False
/home/hounfodjidagba/learning/cassava/data/cbsd-2/1617172391782.jpg,CBSD,CBSD,Diagnostic : Cassava Brown Streak Disease (CBSD). Cette feuille de manioc présente des symptômes caractéristiques de cette condition.,True
/home/hounfodjidagba/learning/cassava/data/cmd_001/1616911302004.jpg,CMD,CMD,Diagnostic : Cassava Mosaic Disease (CMD). Cette feuille de manioc présente des symptômes caractéristiques de cette condition.,True
/home/hounfodjidagba/learning/cassava/data/raw/train_images/3907936185.jpg,CMD,CMD,Diagnostic : Cassava Mosaic Disease (CMD). Cette feuille de manioc présente des symptômes caractéristiques de cette condition.,True
/home/hounfodjidagba/learning/cassava/data/raw/train_images/2953075261.jpg,CBB,Healthy,Diagnostic : Healthy. Cette feuille de manioc présente des symptômes caractéristiques de cette condition.,False
/home/hounfodjidagba/learning/cassava/data/cassava/train/cgm/train-cgm-443.jpg,Cassava Green Mottle (CGM),CGM,Diagnostic : Cassava Green Mottle (CGM). Cette feuille de manioc présente des symptômes caractéristiques de cette condition.,False
/home/hounfodjidagba/learning/cassava/data/raw/train_images/3762529450.jpg,Healthy,Healthy,Diagnostic : Healthy. Cette feuille de manioc présente des symptômes caractéristiques de cette condition.,True
/home/hounfodjidagba/learning/cassava/data/raw/train_images/1353797925.jpg,Cassava Mosaic Disease (CMD),CMD,Diagnostic : Cassava Mosaic Disease (CMD). Cette feuille de manioc présente des symptômes caractéristiques de cette condition.,False
/home/hounfodjidagba/learning/cassava/data/raw/train_images/964482896.jpg,Cassava Mosaic Disease (CMD),CMD,Diagnostic : Cassava Mosaic Disease (CMD). Cette feuille de manioc présente des symptômes caractéristiques de cette condition.,False
/home/hounfodjidagba/learning/cassava/data/raw/train_images/1436413250.jpg,Healthy,Healthy,Diagnostic : Healthy. Cette feuille de manioc présente des symptômes caractéristiques de cette condition.,True
/home/hounfodjidagba/learning/cassava/data/raw/train_images/1499115422.jpg,Cassava Mosaic Disease (CMD),CMD,Diagnostic : Cassava Mosaic Disease (CMD). Cette feuille de manioc présente des symptômes caractéristiques de cette condition.,False
/home/hounfodjidagba/learning/cassava/data/raw/train_images/2657757602.jpg,Cassava Green Mottle (CGM),CGM,Diagnostic : Cassava Green Mottle (CGM). Cette feuille de manioc présente des symptômes caractéristiques de cette condition.,False
/home/hounfodjidagba/learning/cassava/data/raw/train_images/3755850035.jpg,Cassava Green Mottle (CGM),CMD,Diagnostic : Cassava Mosaic Disease (CMD). Cette feuille de manioc présente des symptômes caractéristiques de cette condition.,False
/home/hounfodjidagba/learning/cassava/data/cassava/train/cmd/train-cmd-897.jpg,CMD,CMD,Diagnostic : Cassava Mosaic Disease (CMD). Cette feuille de manioc présente des symptômes caractéristiques de cette condition.,True
/home/hounfodjidagba/learning/cassava/data/raw/train_images/2602035083.jpg,Healthy,CMD,Diagnostic : Cassava Mosaic Disease (CMD). Cette feuille de manioc présente des symptômes caractéristiques de cette condition.,False
/home/hounfodjidagba/learning/cassava/data/cassava/train/cbsd/train-cbsd-1102.jpg,CBSD,CBSD,Diagnostic : Cassava Brown Streak Disease (CBSD). Cette feuille de manioc présente des symptômes caractéristiques de cette condition.,True
/home/hounfodjidagba/learning/cassava/data/cassava/train/cgm/train-cgm-4.jpg,Cassava Green Mottle (CGM),CBSD,Diagnostic : Cassava Brown Streak Disease (CBSD). Cette feuille de manioc présente des symptômes caractéristiques de cette condition.,False
/home/hounfodjidagba/learning/cassava/data/cmd_005/uuid_9bdc7f74-b261-4ec5-b4dc-3a6301e3afc4.jpg,Cassava Mosaic Disease (CMD),CMD,Diagnostic : Cassava Mosaic Disease (CMD). Cette feuille de manioc présente des symptômes caractéristiques de cette condition.,False
/home/hounfodjidagba/learning/cassava/data/raw/train_images/2097195239.jpg,Cassava Mosaic Disease (CMD),CMD,Diagnostic : Cassava Mosaic Disease (CMD). Cette feuille de manioc présente des symptômes caractéristiques de cette condition.,False
/home/hounfodjidagba/learning/cassava/data/raw/train_images/5912799.jpg,CBSD,CBSD,Diagnostic : Cassava Brown Streak Disease (CBSD). Cette feuille de manioc présente des symptômes caractéristiques de cette condition.,True
/home/hounfodjidagba/learning/cassava/data/raw/train_images/2460157160.jpg,CMD,CMD,Diagnostic : Cassava Mosaic Disease (CMD). Cette feuille de manioc présente des symptômes caractéristiques de cette condition.,True
/home/hounfodjidagba/learning/cassava/data/raw/train_images/3713301383.jpg,Healthy,CMD,Diagnostic : Cassava Mosaic Disease (CMD). Cette feuille de manioc présente des symptômes caractéristiques de cette condition.,False
/home/hounfodjidagba/learning/cassava/data/raw/train_images/1959890279.jpg,CMD,CMD,Diagnostic : Cassava Mosaic Disease (CMD). Cette feuille de manioc présente des symptômes caractéristiques de cette condition.,True
/home/hounfodjidagba/learning/cassava/data/cassava/train/cmd/train-cmd-1371.jpg,CMD,CMD,Diagnostic : Cassava Mosaic Disease (CMD). Cette feuille de manioc présente des symptômes caractéristiques de cette condition.,True
/home/hounfodjidagba/learning/cassava/data/raw/train_images/2619839931.jpg,Healthy,Healthy,Diagnostic : Healthy. Cette feuille de manioc présente des symptômes caractéristiques de cette condition.,True
/home/hounfodjidagba/learning/cassava/data/cassava/train/cbb/train-cbb-310.jpg,Cassava Bacterial Blight (CBB),CBB,Diagnostic : Cassava Bacterial Blight (CBB). Cette feuille de manioc présente des symptômes caractéristiques de cette condition.,False
/home/hounfodjidagba/learning/cassava/data/cbsd-2/1617175262460.jpg,Cassava Brown Streak Disease (CBSD),CBSD,Diagnostic : Cassava Brown Streak Disease (CBSD). Cette feuille de manioc présente des symptômes caractéristiques de cette condition.,False
/home/hounfodjidagba/learning/cassava/data/cbsd-1/1617092446251.jpg,Cassava Brown Streak Disease (CBSD),CBSD,Diagnostic : Cassava Brown Streak Disease (CBSD). Cette feuille de manioc présente des symptômes caractéristiques de cette condition.,False
/home/hounfodjidagba/learning/cassava/data/cassava/train/cmd/train-cmd-1417.jpg,Cassava Mosaic Disease (CMD),CMD,Diagnostic : Cassava Mosaic Disease (CMD). Cette feuille de manioc présente des symptômes caractéristiques de cette condition.,False
/home/hounfodjidagba/learning/cassava/data/healthy_001/1617180956406.jpg,Healthy,Healthy,Diagnostic : Healthy. Cette feuille de manioc présente des symptômes caractéristiques de cette condition.,True
/home/hounfodjidagba/learning/cassava/data/cmd_002/uuid_1c5ca376-589d-4f86-835f-388e644b3259.jpg,Cassava Mosaic Disease (CMD),CMD,Diagnostic : Cassava Mosaic Disease (CMD). Cette feuille de manioc présente des symptômes caractéristiques de cette condition.,False
/home/hounfodjidagba/learning/cassava/data/cassava/train/cbsd/train-cbsd-94.jpg,Cassava Brown Streak Disease (CBSD),CBSD,Diagnostic : Cassava Brown Streak Disease (CBSD). Cette feuille de manioc présente des symptômes caractéristiques de cette condition.,False
/home/hounfodjidagba/learning/cassava/data/raw/train_images/421071700.jpg,CBB,CBB,Diagnostic : Cassava Bacterial Blight (CBB). Cette feuille de manioc présente des symptômes caractéristiques de cette condition.,True
/home/hounfodjidagba/learning/cassava/data/raw/train_images/851691285.jpg,CGM,CBSD,Diagnostic : Cassava Brown Streak Disease (CBSD). Cette feuille de manioc présente des symptômes caractéristiques de cette condition.,False
/home/hounfodjidagba/learning/cassava/data/raw/train_images/1196683812.jpg,Cassava Mosaic Disease (CMD),CMD,Diagnostic : Cassava Mosaic Disease (CMD). Cette feuille de manioc présente des symptômes caractéristiques de cette condition.,False
/home/hounfodjidagba/learning/cassava/data/cassava/train/cmd/train-cmd-2414.jpg,Cassava Mosaic Disease (CMD),CMD,Diagnostic : Cassava Mosaic Disease (CMD). Cette feuille de manioc présente des symptômes caractéristiques de cette condition.,False
/home/hounfodjidagba/learning/cassava/data/raw/train_images/2542629579.jpg,CBSD,CBSD,Diagnostic : Cassava Brown Streak Disease (CBSD). Cette feuille de manioc présente des symptômes caractéristiques de cette condition.,True
/home/hounfodjidagba/learning/cassava/data/raw/train_images/1133337432.jpg,Cassava Green Mottle (CGM),CGM,Diagnostic : Cassava Green Mottle (CGM). Cette feuille de manioc présente des symptômes caractéristiques de cette condition.,False
/home/hounfodjidagba/learning/cassava/data/raw/train_images/4152969433.jpg,Cassava Mosaic Disease (CMD),CMD,Diagnostic : Cassava Mosaic Disease (CMD). Cette feuille de manioc présente des symptômes caractéristiques de cette condition.,False
/home/hounfodjidagba/learning/cassava/data/raw/train_images/1590215798.jpg,CMD,CMD,Diagnostic : Cassava Mosaic Disease (CMD). Cette feuille de manioc présente des symptômes caractéristiques de cette condition.,True
/home/hounfodjidagba/learning/cassava/data/cassava/train/cmd/train-cmd-157.jpg,CMD,CMD,Diagnostic : Cassava Mosaic Disease (CMD). Cette feuille de manioc présente des symptômes caractéristiques de cette condition.,True
/home/hounfodjidagba/learning/cassava/data/raw/train_images/3361317754.jpg,Cassava Bacterial Blight (CBB),CBB,Diagnostic : Cassava Bacterial Blight (CBB). Cette feuille de manioc présente des symptômes caractéristiques de cette condition.,False
/home/hounfodjidagba/learning/cassava/data/cmd_002/uuid_1e7cb041-9fb6-4819-9a5d-4a859a7e8f3f.jpg,CMD,CMD,Diagnostic : Cassava Mosaic Disease (CMD). Cette feuille de manioc présente des symptômes caractéristiques de cette condition.,True
/home/hounfodjidagba/learning/cassava/data/healthy_002/1616752206150.jpg,Healthy,Healthy,Diagnostic : Healthy. Cette feuille de manioc présente des symptômes caractéristiques de cette condition.,True
/home/hounfodjidagba/learning/cassava/data/raw/train_images/1439675422.jpg,CBB,CBB,Diagnostic : Cassava Bacterial Blight (CBB). Cette feuille de manioc présente des symptômes caractéristiques de cette condition.,True
/home/hounfodjidagba/learning/cassava/data/cassava/train/healthy/train-healthy-29.jpg,Healthy,CMD,Diagnostic : Cassava Mosaic Disease (CMD). Cette feuille de manioc présente des symptômes caractéristiques de cette condition.,False
/home/hounfodjidagba/learning/cassava/data/raw/train_images/1038916688.jpg,Cassava Mosaic Disease (CMD),CMD,Diagnostic : Cassava Mosaic Disease (CMD). Cette feuille de manioc présente des symptômes caractéristiques de cette condition.,False
/home/hounfodjidagba/learning/cassava/data/cbsd-1/1617099207963.jpg,Cassava Brown Streak Disease (CBSD),CBSD,Diagnostic : Cassava Brown Streak Disease (CBSD). Cette feuille de manioc présente des symptômes caractéristiques de cette condition.,False
/home/hounfodjidagba/learning/cassava/data/cmd_004/uuid_e84a61d1-fe34-4724-bad5-44ec6c33ca02.jpg,Cassava Mosaic Disease (CMD),CMD,Diagnostic : Cassava Mosaic Disease (CMD). Cette feuille de manioc présente des symptômes caractéristiques de cette condition.,False
/home/hounfodjidagba/learning/cassava/data/raw/train_images/4171117342.jpg,CBSD,CBB,Diagnostic : Cassava Bacterial Blight (CBB). Cette feuille de manioc présente des symptômes caractéristiques de cette condition.,False
/home/hounfodjidagba/learning/cassava/data/cmd_003/uuid_6e2b8254-23ad-46e0-832d-46d8c859aadc.jpg,CMD,CMD,Diagnostic : Cassava Mosaic Disease (CMD). Cette feuille de manioc présente des symptômes caractéristiques de cette condition.,True
/home/hounfodjidagba/learning/cassava/data/cassava/train/cmd/train-cmd-1657.jpg,Cassava Mosaic Disease (CMD),CMD,Diagnostic : Cassava Mosaic Disease (CMD). Cette feuille de manioc présente des symptômes caractéristiques de cette condition.,False
/home/hounfodjidagba/learning/cassava/data/cassava/train/cbb/train-cbb-151.jpg,CBB,CBB,Diagnostic : Cassava Bacterial Blight (CBB). Cette feuille de manioc présente des symptômes caractéristiques de cette condition.,True
/home/hounfodjidagba/learning/cassava/data/raw/train_images/2454143099.jpg,Cassava Mosaic Disease (CMD),CMD,Diagnostic : Cassava Mosaic Disease (CMD). Cette feuille de manioc présente des symptômes caractéristiques de cette condition.,False
/home/hounfodjidagba/learning/cassava/data/raw/train_images/61357519.jpg,Healthy,Healthy,Diagnostic : Healthy. Cette feuille de manioc présente des symptômes caractéristiques de cette condition.,True
/home/hounfodjidagba/learning/cassava/data/raw/train_images/546947132.jpg,Cassava Mosaic Disease (CMD),CMD,Diagnostic : Cassava Mosaic Disease (CMD). Cette feuille de manioc présente des symptômes caractéristiques de cette condition.,False
/home/hounfodjidagba/learning/cassava/data/cassava/train/cmd/train-cmd-1720.jpg,Cassava Mosaic Disease (CMD),CMD,Diagnostic : Cassava Mosaic Disease (CMD). Cette feuille de manioc présente des symptômes caractéristiques de cette condition.,False
/home/hounfodjidagba/learning/cassava/data/raw/train_images/100731318.jpg,Cassava Mosaic Disease (CMD),CMD,Diagnostic : Cassava Mosaic Disease (CMD). Cette feuille de manioc présente des symptômes caractéristiques de cette condition.,False
/home/hounfodjidagba/learning/cassava/data/healthy_001/1616854493273.jpg,Healthy,Healthy,Diagnostic : Healthy. Cette feuille de manioc présente des symptômes caractéristiques de cette condition.,True
/home/hounfodjidagba/learning/cassava/data/cassava/train/cmd/train-cmd-1377.jpg,CMD,CMD,Diagnostic : Cassava Mosaic Disease (CMD). Cette feuille de manioc présente des symptômes caractéristiques de cette condition.,True
/home/hounfodjidagba/learning/cassava/data/raw/train_images/2382704468.jpg,Cassava Mosaic Disease (CMD),CMD,Diagnostic : Cassava Mosaic Disease (CMD). Cette feuille de manioc présente des symptômes caractéristiques de cette condition.,False
/home/hounfodjidagba/learning/cassava/data/raw/train_images/2700996654.jpg,Cassava Mosaic Disease (CMD),CMD,Diagnostic : Cassava Mosaic Disease (CMD). Cette feuille de manioc présente des symptômes caractéristiques de cette condition.,False
/home/hounfodjidagba/learning/cassava/data/raw/train_images/1026467332.jpg,Cassava Bacterial Blight (CBB),CBB,Diagnostic : Cassava Bacterial Blight (CBB). Cette feuille de manioc présente des symptômes caractéristiques de cette condition.,False
/home/hounfodjidagba/learning/cassava/data/raw/train_images/1952459462.jpg,Cassava Brown Streak Disease (CBSD),CMD,Diagnostic : Cassava Mosaic Disease (CMD). Cette feuille de manioc présente des symptômes caractéristiques de cette condition.,False
/home/hounfodjidagba/learning/cassava/data/cassava/train/cbb/train-cbb-298.jpg,Cassava Bacterial Blight (CBB),CGM,Diagnostic : Cassava Green Mottle (CGM). Cette feuille de manioc présente des symptômes caractéristiques de cette condition.,False
/home/hounfodjidagba/learning/cassava/data/cbsd-2/1617175015723.jpg,Cassava Brown Streak Disease (CBSD),CBSD,Diagnostic : Cassava Brown Streak Disease (CBSD). Cette feuille de manioc présente des symptômes caractéristiques de cette condition.,False
/home/hounfodjidagba/learning/cassava/data/cassava/train/cbb/train-cbb-238.jpg,Cassava Bacterial Blight (CBB),CGM,Diagnostic : Cassava Green Mottle (CGM). Cette feuille de manioc présente des symptômes caractéristiques de cette condition.,False
/home/hounfodjidagba/learning/cassava/data/healthy_002/1616767570183.jpg,Healthy,Healthy,Diagnostic : Healthy. Cette feuille de manioc présente des symptômes caractéristiques de cette condition.,True
/home/hounfodjidagba/learning/cassava/data/raw/train_images/3035716224.jpg,Healthy,Healthy,Diagnostic : Healthy. Cette feuille de manioc présente des symptômes caractéristiques de cette condition.,True
/home/hounfodjidagba/learning/cassava/data/cbsd-1/1617095587454.jpg,Cassava Brown Streak Disease (CBSD),CBSD,Diagnostic : Cassava Brown Streak Disease (CBSD). Cette feuille de manioc présente des symptômes caractéristiques de cette condition.,False
/home/hounfodjidagba/learning/cassava/data/cbsd-1/1616833310877.jpg,CBSD,CBSD,Diagnostic : Cassava Brown Streak Disease (CBSD). Cette feuille de manioc présente des symptômes caractéristiques de cette condition.,True
/home/hounfodjidagba/learning/cassava/data/raw/train_images/1299200628.jpg,Cassava Bacterial Blight (CBB),CBB,Diagnostic : Cassava Bacterial Blight (CBB). Cette feuille de manioc présente des symptômes caractéristiques de cette condition.,False
/home/hounfodjidagba/learning/cassava/data/raw/train_images/878628068.jpg,Cassava Mosaic Disease (CMD),CMD,Diagnostic : Cassava Mosaic Disease (CMD). Cette feuille de manioc présente des symptômes caractéristiques de cette condition.,False
/home/hounfodjidagba/learning/cassava/data/cassava/train/cgm/train-cgm-501.jpg,CGM,CGM,Diagnostic : Cassava Green Mottle (CGM). Cette feuille de manioc présente des symptômes caractéristiques de cette condition.,True
/home/hounfodjidagba/learning/cassava/data/raw/train_images/1969270538.jpg,CGM,CGM,Diagnostic : Cassava Green Mottle (CGM). Cette feuille de manioc présente des symptômes caractéristiques de cette condition.,True
/home/hounfodjidagba/learning/cassava/data/raw/train_images/1298789590.jpg,CBB,CBSD,Diagnostic : Cassava Brown Streak Disease (CBSD). Cette feuille de manioc présente des symptômes caractéristiques de cette condition.,False
/home/hounfodjidagba/learning/cassava/data/raw/train_images/3409439748.jpg,Cassava Mosaic Disease (CMD),CMD,Diagnostic : Cassava Mosaic Disease (CMD). Cette feuille de manioc présente des symptômes caractéristiques de cette condition.,False
/home/hounfodjidagba/learning/cassava/data/raw/train_images/3419613818.jpg,Cassava Brown Streak Disease (CBSD),CMD,Diagnostic : Cassava Mosaic Disease (CMD). Cette feuille de manioc présente des symptômes caractéristiques de cette condition.,False
/home/hounfodjidagba/learning/cassava/data/raw/train_images/3794607673.jpg,Cassava Mosaic Disease (CMD),CMD,Diagnostic : Cassava Mosaic Disease (CMD). Cette feuille de manioc présente des symptômes caractéristiques de cette condition.,False
/home/hounfodjidagba/learning/cassava/data/cassava/train/cbb/train-cbb-344.jpg,Cassava Bacterial Blight (CBB),CMD,Diagnostic : Cassava Mosaic Disease (CMD). Cette feuille de manioc présente des symptômes caractéristiques de cette condition.,False
/home/hounfodjidagba/learning/cassava/data/raw/train_images/3003859169.jpg,Cassava Brown Streak Disease (CBSD),CGM,Diagnostic : Cassava Green Mottle (CGM). Cette feuille de manioc présente des symptômes caractéristiques de cette condition.,False
/home/hounfodjidagba/learning/cassava/data/raw/train_images/3806787164.jpg,CMD,CMD,Diagnostic : Cassava Mosaic Disease (CMD). Cette feuille de manioc présente des symptômes caractéristiques de cette condition.,True
/home/hounfodjidagba/learning/cassava/data/cassava/train/cmd/train-cmd-132.jpg,Cassava Mosaic Disease (CMD),CMD,Diagnostic : Cassava Mosaic Disease (CMD). Cette feuille de manioc présente des symptômes caractéristiques de cette condition.,False
/home/hounfodjidagba/learning/cassava/data/cassava/train/cgm/train-cgm-259.jpg,CGM,CGM,Diagnostic : Cassava Green Mottle (CGM). Cette feuille de manioc présente des symptômes caractéristiques de cette condition.,True
/home/hounfodjidagba/learning/cassava/data/raw/train_images/2938887346.jpg,CMD,CMD,Diagnostic : Cassava Mosaic Disease (CMD). Cette feuille de manioc présente des symptômes caractéristiques de cette condition.,True
/home/hounfodjidagba/learning/cassava/data/cassava/train/cbsd/train-cbsd-1105.jpg,Cassava Brown Streak Disease (CBSD),CMD,Diagnostic : Cassava Mosaic Disease (CMD). Cette feuille de manioc présente des symptômes caractéristiques de cette condition.,False
/home/hounfodjidagba/learning/cassava/data/cassava/train/cbsd/train-cbsd-1096.jpg,Cassava Brown Streak Disease (CBSD),CBB,Diagnostic : Cassava Bacterial Blight (CBB). Cette feuille de manioc présente des symptômes caractéristiques de cette condition.,False
/home/hounfodjidagba/learning/cassava/data/cassava/train/cbb/train-cbb-117.jpg,CBB,CBB,Diagnostic : Cassava Bacterial Blight (CBB). Cette feuille de manioc présente des symptômes caractéristiques de cette condition.,True
/home/hounfodjidagba/learning/cassava/data/cassava/train/cbsd/train-cbsd-491.jpg,CBSD,CBSD,Diagnostic : Cassava Brown Streak Disease (CBSD). Cette feuille de manioc présente des symptômes caractéristiques de cette condition.,True
/home/hounfodjidagba/learning/cassava/data/cassava/train/cmd/train-cmd-22.jpg,CMD,CMD,Diagnostic : Cassava Mosaic Disease (CMD). Cette feuille de manioc présente des symptômes caractéristiques de cette condition.,True
/home/hounfodjidagba/learning/cassava/data/cmd_001/1616822332923.jpg,Cassava Mosaic Disease (CMD),CMD,Diagnostic : Cassava Mosaic Disease (CMD). Cette feuille de manioc présente des symptômes caractéristiques de cette condition.,False
/home/hounfodjidagba/learning/cassava/data/raw/train_images/3864626212.jpg,CBB,Healthy,Diagnostic : Healthy. Cette feuille de manioc présente des symptômes caractéristiques de cette condition.,False
/home/hounfodjidagba/learning/cassava/data/raw/train_images/3678880730.jpg,CMD,CMD,Diagnostic : Cassava Mosaic Disease (CMD). Cette feuille de manioc présente des symptômes caractéristiques de cette condition.,True
/home/hounfodjidagba/learning/cassava/data/cbsd-2/1617106608697.jpg,CBSD,CBSD,Diagnostic : Cassava Brown Streak Disease (CBSD). Cette feuille de manioc présente des symptômes caractéristiques de cette condition.,True
/home/hounfodjidagba/learning/cassava/data/raw/train_images/231687413.jpg,CGM,CGM,Diagnostic : Cassava Green Mottle (CGM). Cette feuille de manioc présente des symptômes caractéristiques de cette condition.,True
/home/hounfodjidagba/learning/cassava/data/cbsd-1/1617093597531.jpg,CBSD,CBSD,Diagnostic : Cassava Brown Streak Disease (CBSD). Cette feuille de manioc présente des symptômes caractéristiques de cette condition.,True
/home/hounfodjidagba/learning/cassava/data/raw/train_images/3483686543.jpg,CBSD,Healthy,Diagnostic : Healthy. Cette feuille de manioc présente des symptômes caractéristiques de cette condition.,False
/home/hounfodjidagba/learning/cassava/data/raw/train_images/2679083763.jpg,Cassava Mosaic Disease (CMD),CMD,Diagnostic : Cassava Mosaic Disease (CMD). Cette feuille de manioc présente des symptômes caractéristiques de cette condition.,False
/home/hounfodjidagba/learning/cassava/data/raw/train_images/1247856048.jpg,CMD,CMD,Diagnostic : Cassava Mosaic Disease (CMD). Cette feuille de manioc présente des symptômes caractéristiques de cette condition.,True
/home/hounfodjidagba/learning/cassava/data/cbsd-1/1617103231378.jpg,CBSD,CBSD,Diagnostic : Cassava Brown Streak Disease (CBSD). Cette feuille de manioc présente des symptômes caractéristiques de cette condition.,True
/home/hounfodjidagba/learning/cassava/data/raw/train_images/2173499031.jpg,Cassava Mosaic Disease (CMD),CMD,Diagnostic : Cassava Mosaic Disease (CMD). Cette feuille de manioc présente des symptômes caractéristiques de cette condition.,False
/home/hounfodjidagba/learning/cassava/data/raw/train_images/3778585395.jpg,Cassava Bacterial Blight (CBB),CBB,Diagnostic : Cassava Bacterial Blight (CBB). Cette feuille de manioc présente des symptômes caractéristiques de cette condition.,False
/home/hounfodjidagba/learning/cassava/data/cassava/train/cmd/train-cmd-2221.jpg,Cassava Mosaic Disease (CMD),CMD,Diagnostic : Cassava Mosaic Disease (CMD). Cette feuille de manioc présente des symptômes caractéristiques de cette condition.,False
/home/hounfodjidagba/learning/cassava/data/cassava/train/cmd/train-cmd-1557.jpg,Cassava Mosaic Disease (CMD),CMD,Diagnostic : Cassava Mosaic Disease (CMD). Cette feuille de manioc présente des symptômes caractéristiques de cette condition.,False
/home/hounfodjidagba/learning/cassava/data/raw/train_images/2582401533.jpg,Cassava Mosaic Disease (CMD),CMD,Diagnostic : Cassava Mosaic Disease (CMD). Cette feuille de manioc présente des symptômes caractéristiques de cette condition.,False
/home/hounfodjidagba/learning/cassava/data/cmd_001/1616824759871.jpg,Cassava Mosaic Disease (CMD),CMD,Diagnostic : Cassava Mosaic Disease (CMD). Cette feuille de manioc présente des symptômes caractéristiques de cette condition.,False
/home/hounfodjidagba/learning/cassava/data/raw/train_images/1792425947.jpg,CGM,CGM,Diagnostic : Cassava Green Mottle (CGM). Cette feuille de manioc présente des symptômes caractéristiques de cette condition.,True
/home/hounfodjidagba/learning/cassava/data/raw/train_images/2070208498.jpg,Healthy,Healthy,Diagnostic : Healthy. Cette feuille de manioc présente des symptômes caractéristiques de cette condition.,True
/home/hounfodjidagba/learning/cassava/data/cmd_003/uuid_3e1bb552-035f-4404-9613-4b9a76eeb5b6.jpg,CMD,CMD,Diagnostic : Cassava Mosaic Disease (CMD). Cette feuille de manioc présente des symptômes caractéristiques de cette condition.,True
/home/hounfodjidagba/learning/cassava/data/cassava/train/cbb/train-cbb-437.jpg,Cassava Bacterial Blight (CBB),CBB,Diagnostic : Cassava Bacterial Blight (CBB). Cette feuille de manioc présente des symptômes caractéristiques de cette condition.,False
/home/hounfodjidagba/learning/cassava/data/cassava/train/healthy/train-healthy-158.jpg,Healthy,Healthy,Diagnostic : Healthy. Cette feuille de manioc présente des symptômes caractéristiques de cette condition.,True
/home/hounfodjidagba/learning/cassava/data/raw/train_images/495499602.jpg,Cassava Mosaic Disease (CMD),CMD,Diagnostic : Cassava Mosaic Disease (CMD). Cette feuille de manioc présente des symptômes caractéristiques de cette condition.,False
/home/hounfodjidagba/learning/cassava/data/cassava/train/cbb/train-cbb-357.jpg,CBB,CBB,Diagnostic : Cassava Bacterial Blight (CBB). Cette feuille de manioc présente des symptômes caractéristiques de cette condition.,True
/home/hounfodjidagba/learning/cassava/data/raw/train_images/220364890.jpg,Cassava Mosaic Disease (CMD),CMD,Diagnostic : Cassava Mosaic Disease (CMD). Cette feuille de manioc présente des symptômes caractéristiques de cette condition.,False
/home/hounfodjidagba/learning/cassava/data/raw/train_images/2259345957.jpg,Cassava Green Mottle (CGM),CBB,Diagnostic : Cassava Bacterial Blight (CBB). Cette feuille de manioc présente des symptômes caractéristiques de cette condition.,False
/home/hounfodjidagba/learning/cassava/data/raw/train_images/4209232605.jpg,Cassava Mosaic Disease (CMD),CMD,Diagnostic : Cassava Mosaic Disease (CMD). Cette feuille de manioc présente des symptômes caractéristiques de cette condition.,False
/home/hounfodjidagba/learning/cassava/data/raw/train_images/3761100385.jpg,Cassava Green Mottle (CGM),CGM,Diagnostic : Cassava Green Mottle (CGM). Cette feuille de manioc présente des symptômes caractéristiques de cette condition.,False
/home/hounfodjidagba/learning/cassava/data/cassava/train/cbb/train-cbb-20.jpg,Cassava Bacterial Blight (CBB),CBB,Diagnostic : Cassava Bacterial Blight (CBB). Cette feuille de manioc présente des symptômes caractéristiques de cette condition.,False
/home/hounfodjidagba/learning/cassava/data/raw/train_images/2282888474.jpg,Cassava Mosaic Disease (CMD),CMD,Diagnostic : Cassava Mosaic Disease (CMD). Cette feuille de manioc présente des symptômes caractéristiques de cette condition.,False
/home/hounfodjidagba/learning/cassava/data/cmd_001/1616997832888.jpg,CMD,CBSD,Diagnostic : Cassava Brown Streak Disease (CBSD). Cette feuille de manioc présente des symptômes caractéristiques de cette condition.,False
/home/hounfodjidagba/learning/cassava/data/raw/train_images/3516340499.jpg,Cassava Mosaic Disease (CMD),CMD,Diagnostic : Cassava Mosaic Disease (CMD). Cette feuille de manioc présente des symptômes caractéristiques de cette condition.,False
/home/hounfodjidagba/learning/cassava/data/healthy_001/1617171821797.jpg,Healthy,Healthy,Diagnostic : Healthy. Cette feuille de manioc présente des symptômes caractéristiques de cette condition.,True
/home/hounfodjidagba/learning/cassava/data/raw/train_images/2321993342.jpg,Cassava Mosaic Disease (CMD),CMD,Diagnostic : Cassava Mosaic Disease (CMD). Cette feuille de manioc présente des symptômes caractéristiques de cette condition.,False
/home/hounfodjidagba/learning/cassava/data/cassava/train/cmd/train-cmd-406.jpg,Cassava Mosaic Disease (CMD),CMD,Diagnostic : Cassava Mosaic Disease (CMD). Cette feuille de manioc présente des symptômes caractéristiques de cette condition.,False
/home/hounfodjidagba/learning/cassava/data/raw/train_images/1022008227.jpg,CMD,CMD,Diagnostic : Cassava Mosaic Disease (CMD). Cette feuille de manioc présente des symptômes caractéristiques de cette condition.,True
/home/hounfodjidagba/learning/cassava/data/cbsd-2/1617170755310.jpg,Cassava Brown Streak Disease (CBSD),CBSD,Diagnostic : Cassava Brown Streak Disease (CBSD). Cette feuille de manioc présente des symptômes caractéristiques de cette condition.,False
/home/hounfodjidagba/learning/cassava/data/raw/train_images/1436413250.jpg,Healthy,Healthy,Diagnostic : Healthy. Cette feuille de manioc présente des symptômes caractéristiques de cette condition.,True
/home/hounfodjidagba/learning/cassava/data/cassava/train/cbsd/train-cbsd-1234.jpg,Cassava Brown Streak Disease (CBSD),CBSD,Diagnostic : Cassava Brown Streak Disease (CBSD). Cette feuille de manioc présente des symptômes caractéristiques de cette condition.,False
/home/hounfodjidagba/learning/cassava/data/raw/train_images/2488453627.jpg,Cassava Green Mottle (CGM),Healthy,Diagnostic : Healthy. Cette feuille de manioc présente des symptômes caractéristiques de cette condition.,False
/home/hounfodjidagba/learning/cassava/data/cmd_001/1616911664994.jpg,CMD,CMD,Diagnostic : Cassava Mosaic Disease (CMD). Cette feuille de manioc présente des symptômes caractéristiques de cette condition.,True
/home/hounfodjidagba/learning/cassava/data/raw/train_images/586054705.jpg,CBB,CBB,Diagnostic : Cassava Bacterial Blight (CBB). Cette feuille de manioc présente des symptômes caractéristiques de cette condition.,True
/home/hounfodjidagba/learning/cassava/data/raw/train_images/2996324842.jpg,Healthy,Healthy,Diagnostic : Healthy. Cette feuille de manioc présente des symptômes caractéristiques de cette condition.,True
/home/hounfodjidagba/learning/cassava/data/raw/train_images/2444813002.jpg,CGM,CGM,Diagnostic : Cassava Green Mottle (CGM). Cette feuille de manioc présente des symptômes caractéristiques de cette condition.,True
/home/hounfodjidagba/learning/cassava/data/cassava/train/cbb/train-cbb-413.jpg,CBB,CBB,Diagnostic : Cassava Bacterial Blight (CBB). Cette feuille de manioc présente des symptômes caractéristiques de cette condition.,True
/home/hounfodjidagba/learning/cassava/data/cassava/train/cmd/train-cmd-225.jpg,CMD,CMD,Diagnostic : Cassava Mosaic Disease (CMD). Cette feuille de manioc présente des symptômes caractéristiques de cette condition.,True
/home/hounfodjidagba/learning/cassava/data/cassava/train/cbsd/train-cbsd-712.jpg,CBSD,CBSD,Diagnostic : Cassava Brown Streak Disease (CBSD). Cette feuille de manioc présente des symptômes caractéristiques de cette condition.,True
/home/hounfodjidagba/learning/cassava/data/raw/train_images/4102729978.jpg,Healthy,CBSD,Diagnostic : Cassava Brown Streak Disease (CBSD). Cette feuille de manioc présente des symptômes caractéristiques de cette condition.,False
/home/hounfodjidagba/learning/cassava/data/raw/train_images/1811402818.jpg,Cassava Mosaic Disease (CMD),CMD,Diagnostic : Cassava Mosaic Disease (CMD). Cette feuille de manioc présente des symptômes caractéristiques de cette condition.,False
/home/hounfodjidagba/learning/cassava/data/raw/train_images/2373622965.jpg,CMD,CMD,Diagnostic : Cassava Mosaic Disease (CMD). Cette feuille de manioc présente des symptômes caractéristiques de cette condition.,True
/home/hounfodjidagba/learning/cassava/data/raw/train_images/3459239609.jpg,Cassava Green Mottle (CGM),CGM,Diagnostic : Cassava Green Mottle (CGM). Cette feuille de manioc présente des symptômes caractéristiques de cette condition.,False
/home/hounfodjidagba/learning/cassava/data/raw/train_images/2401213513.jpg,Healthy,CGM,Diagnostic : Cassava Green Mottle (CGM). Cette feuille de manioc présente des symptômes caractéristiques de cette condition.,False
/home/hounfodjidagba/learning/cassava/data/cmd_004/uuid_844632eb-930f-4acd-9e11-b77238522e3a.jpg,Cassava Mosaic Disease (CMD),CMD,Diagnostic : Cassava Mosaic Disease (CMD). Cette feuille de manioc présente des symptômes caractéristiques de cette condition.,False
/home/hounfodjidagba/learning/cassava/data/raw/train_images/1780402606.jpg,CGM,CGM,Diagnostic : Cassava Green Mottle (CGM). Cette feuille de manioc présente des symptômes caractéristiques de cette condition.,True
/home/hounfodjidagba/learning/cassava/data/raw/train_images/1148629594.jpg,Healthy,Healthy,Diagnostic : Healthy. Cette feuille de manioc présente des symptômes caractéristiques de cette condition.,True
/home/hounfodjidagba/learning/cassava/data/raw/train_images/2824854059.jpg,CBSD,CBSD,Diagnostic : Cassava Brown Streak Disease (CBSD). Cette feuille de manioc présente des symptômes caractéristiques de cette condition.,True
/home/hounfodjidagba/learning/cassava/data/raw/train_images/3674354159.jpg,CBB,Healthy,Diagnostic : Healthy. Cette feuille de manioc présente des symptômes caractéristiques de cette condition.,False
/home/hounfodjidagba/learning/cassava/data/raw/train_images/3304963858.jpg,Cassava Green Mottle (CGM),CGM,Diagnostic : Cassava Green Mottle (CGM). Cette feuille de manioc présente des symptômes caractéristiques de cette condition.,False
/home/hounfodjidagba/learning/cassava/data/cmd_001/1616998043960.jpg,CMD,CMD,Diagnostic : Cassava Mosaic Disease (CMD). Cette feuille de manioc présente des symptômes caractéristiques de cette condition.,True
/home/hounfodjidagba/learning/cassava/data/raw/train_images/4262860938.jpg,Cassava Mosaic Disease (CMD),CMD,Diagnostic : Cassava Mosaic Disease (CMD). Cette feuille de manioc présente des symptômes caractéristiques de cette condition.,False
/home/hounfodjidagba/learning/cassava/data/cmd_003/uuid_5b291bfa-809b-496f-b6de-f5b44c29f412.jpg,CMD,CMD,Diagnostic : Cassava Mosaic Disease (CMD). Cette feuille de manioc présente des symptômes caractéristiques de cette condition.,True
/home/hounfodjidagba/learning/cassava/data/raw/train_images/2629155801.jpg,Cassava Green Mottle (CGM),CGM,Diagnostic : Cassava Green Mottle (CGM). Cette feuille de manioc présente des symptômes caractéristiques de cette condition.,False
/home/hounfodjidagba/learning/cassava/data/cmd_002/uuid_3a10e867-ce11-46ff-990e-be4acf5c7073.jpg,Cassava Mosaic Disease (CMD),CMD,Diagnostic : Cassava Mosaic Disease (CMD). Cette feuille de manioc présente des symptômes caractéristiques de cette condition.,False
/home/hounfodjidagba/learning/cassava/data/raw/train_images/1794147963.jpg,CBSD,CBSD,Diagnostic : Cassava Brown Streak Disease (CBSD). Cette feuille de manioc présente des symptômes caractéristiques de cette condition.,True
/home/hounfodjidagba/learning/cassava/data/cassava/train/cbsd/train-cbsd-378.jpg,Cassava Brown Streak Disease (CBSD),CBSD,Diagnostic : Cassava Brown Streak Disease (CBSD). Cette feuille de manioc présente des symptômes caractéristiques de cette condition.,False
/home/hounfodjidagba/learning/cassava/data/raw/train_images/2177600106.jpg,CGM,CGM,Diagnostic : Cassava Green Mottle (CGM). Cette feuille de manioc présente des symptômes caractéristiques de cette condition.,True
/home/hounfodjidagba/learning/cassava/data/raw/train_images/3367950793.jpg,Cassava Brown Streak Disease (CBSD),Healthy,Diagnostic : Healthy. Cette feuille de manioc présente des symptômes caractéristiques de cette condition.,False
/home/hounfodjidagba/learning/cassava/data/raw/train_images/1490946641.jpg,CMD,CMD,Diagnostic : Cassava Mosaic Disease (CMD). Cette feuille de manioc présente des symptômes caractéristiques de cette condition.,True
/home/hounfodjidagba/learning/cassava/data/raw/train_images/2934640241.jpg,CBB,Healthy,Diagnostic : Healthy. Cette feuille de manioc présente des symptômes caractéristiques de cette condition.,False
/home/hounfodjidagba/learning/cassava/data/raw/train_images/3062620660.jpg,CMD,CMD,Diagnostic : Cassava Mosaic Disease (CMD). Cette feuille de manioc présente des symptômes caractéristiques de cette condition.,True
/home/hounfodjidagba/learning/cassava/data/healthy_002/1616752076706.jpg,Healthy,Healthy,Diagnostic : Healthy. Cette feuille de manioc présente des symptômes caractéristiques de cette condition.,True
/home/hounfodjidagba/learning/cassava/data/healthy_001/1616851456951.jpg,Healthy,Healthy,Diagnostic : Healthy. Cette feuille de manioc présente des symptômes caractéristiques de cette condition.,True
/home/hounfodjidagba/learning/cassava/data/raw/train_images/234735395.jpg,CGM,CGM,Diagnostic : Cassava Green Mottle (CGM). Cette feuille de manioc présente des symptômes caractéristiques de cette condition.,True
/home/hounfodjidagba/learning/cassava/data/raw/train_images/1181734172.jpg,CGM,CGM,Diagnostic : Cassava Green Mottle (CGM). Cette feuille de manioc présente des symptômes caractéristiques de cette condition.,True
/home/hounfodjidagba/learning/cassava/data/raw/train_images/291787943.jpg,Cassava Bacterial Blight (CBB),CBB,Diagnostic : Cassava Bacterial Blight (CBB). Cette feuille de manioc présente des symptômes caractéristiques de cette condition.,False
/home/hounfodjidagba/learning/cassava/data/raw/train_images/1833189586.jpg,Cassava Mosaic Disease (CMD),CMD,Diagnostic : Cassava Mosaic Disease (CMD). Cette feuille de manioc présente des symptômes caractéristiques de cette condition.,False
/home/hounfodjidagba/learning/cassava/data/cbsd-1/1617099118480.jpg,CBSD,CBSD,Diagnostic : Cassava Brown Streak Disease (CBSD). Cette feuille de manioc présente des symptômes caractéristiques de cette condition.,True
/home/hounfodjidagba/learning/cassava/data/raw/train_images/156209433.jpg,Cassava Brown Streak Disease (CBSD),CBSD,Diagnostic : Cassava Brown Streak Disease (CBSD). Cette feuille de manioc présente des symptômes caractéristiques de cette condition.,False
/home/hounfodjidagba/learning/cassava/data/raw/train_images/2554260896.jpg,Cassava Mosaic Disease (CMD),CMD,Diagnostic : Cassava Mosaic Disease (CMD). Cette feuille de manioc présente des symptômes caractéristiques de cette condition.,False
/home/hounfodjidagba/learning/cassava/data/cassava/train/cbb/train-cbb-92.jpg,Cassava Bacterial Blight (CBB),CGM,Diagnostic : Cassava Green Mottle (CGM). Cette feuille de manioc présente des symptômes caractéristiques de cette condition.,False
/home/hounfodjidagba/learning/cassava/data/cbsd-1/1616834266569.jpg,CBSD,CBSD,Diagnostic : Cassava Brown Streak Disease (CBSD). Cette feuille de manioc présente des symptômes caractéristiques de cette condition.,True
/home/hounfodjidagba/learning/cassava/data/raw/train_images/4162370694.jpg,CMD,CMD,Diagnostic : Cassava Mosaic Disease (CMD). Cette feuille de manioc présente des symptômes caractéristiques de cette condition.,True
/home/hounfodjidagba/learning/cassava/data/raw/train_images/2549195631.jpg,CMD,CMD,Diagnostic : Cassava Mosaic Disease (CMD). Cette feuille de manioc présente des symptômes caractéristiques de cette condition.,True
/home/hounfodjidagba/learning/cassava/data/raw/train_images/3647124621.jpg,CBSD,CBSD,Diagnostic : Cassava Brown Streak Disease (CBSD). Cette feuille de manioc présente des symptômes caractéristiques de cette condition.,True
/home/hounfodjidagba/learning/cassava/data/raw/train_images/4255843801.jpg,CGM,CGM,Diagnostic : Cassava Green Mottle (CGM). Cette feuille de manioc présente des symptômes caractéristiques de cette condition.,True
/home/hounfodjidagba/learning/cassava/data/raw/train_images/1739769852.jpg,Healthy,Healthy,Diagnostic : Healthy. Cette feuille de manioc présente des symptômes caractéristiques de cette condition.,True
/home/hounfodjidagba/learning/cassava/data/cassava/train/cbsd/train-cbsd-1266.jpg,CBSD,CBB,Diagnostic : Cassava Bacterial Blight (CBB). Cette feuille de manioc présente des symptômes caractéristiques de cette condition.,False
/home/hounfodjidagba/learning/cassava/data/raw/train_images/3878279808.jpg,Cassava Bacterial Blight (CBB),CBSD,Diagnostic : Cassava Brown Streak Disease (CBSD). Cette feuille de manioc présente des symptômes caractéristiques de cette condition.,False
/home/hounfodjidagba/learning/cassava/data/raw/train_images/4100445719.jpg,Healthy,Healthy,Diagnostic : Healthy. Cette feuille de manioc présente des symptômes caractéristiques de cette condition.,True
/home/hounfodjidagba/learning/cassava/data/cassava/train/cgm/train-cgm-633.jpg,CGM,CGM,Diagnostic : Cassava Green Mottle (CGM). Cette feuille de manioc présente des symptômes caractéristiques de cette condition.,True
/home/hounfodjidagba/learning/cassava/data/cassava/train/cbb/train-cbb-362.jpg,CBB,CMD,Diagnostic : Cassava Mosaic Disease (CMD). Cette feuille de manioc présente des symptômes caractéristiques de cette condition.,False
/home/hounfodjidagba/learning/cassava/data/raw/train_images/460660800.jpg,CMD,CMD,Diagnostic : Cassava Mosaic Disease (CMD). Cette feuille de manioc présente des symptômes caractéristiques de cette condition.,True
/home/hounfodjidagba/learning/cassava/data/raw/train_images/3369957757.jpg,CMD,CMD,Diagnostic : Cassava Mosaic Disease (CMD). Cette feuille de manioc présente des symptômes caractéristiques de cette condition.,True
/home/hounfodjidagba/learning/cassava/data/cmd_001/1616997450737.jpg,Cassava Mosaic Disease (CMD),CMD,Diagnostic : Cassava Mosaic Disease (CMD). Cette feuille de manioc présente des symptômes caractéristiques de cette condition.,False
/home/hounfodjidagba/learning/cassava/data/cbsd-2/1617106439944.jpg,CBSD,CBSD,Diagnostic : Cassava Brown Streak Disease (CBSD). Cette feuille de manioc présente des symptômes caractéristiques de cette condition.,True
/home/hounfodjidagba/learning/cassava/data/cassava/train/cbb/train-cbb-437.jpg,CBB,CBB,Diagnostic : Cassava Bacterial Blight (CBB). Cette feuille de manioc présente des symptômes caractéristiques de cette condition.,True
/home/hounfodjidagba/learning/cassava/data/cassava/train/cbsd/train-cbsd-1341.jpg,CBSD,CBSD,Diagnostic : Cassava Brown Streak Disease (CBSD). Cette feuille de manioc présente des symptômes caractéristiques de cette condition.,True
/home/hounfodjidagba/learning/cassava/data/raw/train_images/851450770.jpg,Cassava Bacterial Blight (CBB),CBSD,Diagnostic : Cassava Brown Streak Disease (CBSD). Cette feuille de manioc présente des symptômes caractéristiques de cette condition.,False
/home/hounfodjidagba/learning/cassava/data/raw/train_images/1833123738.jpg,CGM,CGM,Diagnostic : Cassava Green Mottle (CGM). Cette feuille de manioc présente des symptômes caractéristiques de cette condition.,True
/home/hounfodjidagba/learning/cassava/data/raw/train_images/151804791.jpg,CGM,CGM,Diagnostic : Cassava Green Mottle (CGM). Cette feuille de manioc présente des symptômes caractéristiques de cette condition.,True
/home/hounfodjidagba/learning/cassava/data/cassava/train/cgm/train-cgm-729.jpg,Cassava Green Mottle (CGM),CGM,Diagnostic : Cassava Green Mottle (CGM). Cette feuille de manioc présente des symptômes caractéristiques de cette condition.,False
/home/hounfodjidagba/learning/cassava/data/healthy_002/1616767382937.jpg,Healthy,Healthy,Diagnostic : Healthy. Cette feuille de manioc présente des symptômes caractéristiques de cette condition.,True
/home/hounfodjidagba/learning/cassava/data/raw/train_images/3202612395.jpg,Healthy,CMD,Diagnostic : Cassava Mosaic Disease (CMD). Cette feuille de manioc présente des symptômes caractéristiques de cette condition.,False
/home/hounfodjidagba/learning/cassava/data/cassava/train/cmd/train-cmd-2368.jpg,Cassava Mosaic Disease (CMD),CMD,Diagnostic : Cassava Mosaic Disease (CMD). Cette feuille de manioc présente des symptômes caractéristiques de cette condition.,False
/home/hounfodjidagba/learning/cassava/data/cassava/train/cbsd/train-cbsd-250.jpg,CBSD,CBSD,Diagnostic : Cassava Brown Streak Disease (CBSD). Cette feuille de manioc présente des symptômes caractéristiques de cette condition.,True
/home/hounfodjidagba/learning/cassava/data/raw/train_images/2588644224.jpg,CGM,CMD,Diagnostic : Cassava Mosaic Disease (CMD). Cette feuille de manioc présente des symptômes caractéristiques de cette condition.,False
/home/hounfodjidagba/learning/cassava/data/raw/train_images/3555410429.jpg,CBB,CBB,Diagnostic : Cassava Bacterial Blight (CBB). Cette feuille de manioc présente des symptômes caractéristiques de cette condition.,True
/home/hounfodjidagba/learning/cassava/data/raw/train_images/3201556287.jpg,Cassava Mosaic Disease (CMD),CMD,Diagnostic : Cassava Mosaic Disease (CMD). Cette feuille de manioc présente des symptômes caractéristiques de cette condition.,False
/home/hounfodjidagba/learning/cassava/data/cbsd-1/1617104891463.jpg,CBSD,CBSD,Diagnostic : Cassava Brown Streak Disease (CBSD). Cette feuille de manioc présente des symptômes caractéristiques de cette condition.,True
/home/hounfodjidagba/learning/cassava/data/raw/train_images/1738379259.jpg,Healthy,Healthy,Diagnostic : Healthy. Cette feuille de manioc présente des symptômes caractéristiques de cette condition.,True
/home/hounfodjidagba/learning/cassava/data/cassava/train/cgm/train-cgm-483.jpg,CGM,CMD,Diagnostic : Cassava Mosaic Disease (CMD). Cette feuille de manioc présente des symptômes caractéristiques de cette condition.,False
/home/hounfodjidagba/learning/cassava/data/raw/train_images/1502308703.jpg,CGM,CMD,Diagnostic : Cassava Mosaic Disease (CMD). Cette feuille de manioc présente des symptômes caractéristiques de cette condition.,False
/home/hounfodjidagba/learning/cassava/data/raw/train_images/3435427625.jpg,Cassava Green Mottle (CGM),CGM,Diagnostic : Cassava Green Mottle (CGM). Cette feuille de manioc présente des symptômes caractéristiques de cette condition.,False
/home/hounfodjidagba/learning/cassava/data/cbsd-1/1617092264647.jpg,Cassava Brown Streak Disease (CBSD),CBSD,Diagnostic : Cassava Brown Streak Disease (CBSD). Cette feuille de manioc présente des symptômes caractéristiques de cette condition.,False
/home/hounfodjidagba/learning/cassava/data/cassava/train/cmd/train-cmd-1328.jpg,Cassava Mosaic Disease (CMD),CMD,Diagnostic : Cassava Mosaic Disease (CMD). Cette feuille de manioc présente des symptômes caractéristiques de cette condition.,False
/home/hounfodjidagba/learning/cassava/data/cassava/train/cbsd/train-cbsd-1218.jpg,Cassava Brown Streak Disease (CBSD),CBSD,Diagnostic : Cassava Brown Streak Disease (CBSD). Cette feuille de manioc présente des symptômes caractéristiques de cette condition.,False
/home/hounfodjidagba/learning/cassava/data/cassava/train/cbb/train-cbb-103.jpg,Cassava Bacterial Blight (CBB),CBB,Diagnostic : Cassava Bacterial Blight (CBB). Cette feuille de manioc présente des symptômes caractéristiques de cette condition.,False
/home/hounfodjidagba/learning/cassava/data/raw/train_images/4059451569.jpg,CBSD,CBSD,Diagnostic : Cassava Brown Streak Disease (CBSD). Cette feuille de manioc présente des symptômes caractéristiques de cette condition.,True
/home/hounfodjidagba/learning/cassava/data/cassava/train/cbb/train-cbb-459.jpg,CBB,CBB,Diagnostic : Cassava Bacterial Blight (CBB). Cette feuille de manioc présente des symptômes caractéristiques de cette condition.,True
/home/hounfodjidagba/learning/cassava/data/raw/train_images/3649285117.jpg,CBSD,CBSD,Diagnostic : Cassava Brown Streak Disease (CBSD). Cette feuille de manioc présente des symptômes caractéristiques de cette condition.,True
/home/hounfodjidagba/learning/cassava/data/raw/train_images/3807251262.jpg,CMD,CMD,Diagnostic : Cassava Mosaic Disease (CMD). Cette feuille de manioc présente des symptômes caractéristiques de cette condition.,True
/home/hounfodjidagba/learning/cassava/data/raw/train_images/3900670329.jpg,Cassava Brown Streak Disease (CBSD),CBSD,Diagnostic : Cassava Brown Streak Disease (CBSD). Cette feuille de manioc présente des symptômes caractéristiques de cette condition.,False
/home/hounfodjidagba/learning/cassava/data/cassava/train/cmd/train-cmd-1299.jpg,Cassava Mosaic Disease (CMD),CMD,Diagnostic : Cassava Mosaic Disease (CMD). Cette feuille de manioc présente des symptômes caractéristiques de cette condition.,False
/home/hounfodjidagba/learning/cassava/data/cassava/train/cbsd/train-cbsd-693.jpg,Cassava Brown Streak Disease (CBSD),CBB,Diagnostic : Cassava Bacterial Blight (CBB). Cette feuille de manioc présente des symptômes caractéristiques de cette condition.,False
/home/hounfodjidagba/learning/cassava/data/cassava/train/cmd/train-cmd-2408.jpg,CMD,CMD,Diagnostic : Cassava Mosaic Disease (CMD). Cette feuille de manioc présente des symptômes caractéristiques de cette condition.,True
/home/hounfodjidagba/learning/cassava/data/cbsd-1/1617105468448.jpg,CBSD,CBSD,Diagnostic : Cassava Brown Streak Disease (CBSD). Cette feuille de manioc présente des symptômes caractéristiques de cette condition.,True
/home/hounfodjidagba/learning/cassava/data/raw/train_images/854883118.jpg,Cassava Mosaic Disease (CMD),CMD,Diagnostic : Cassava Mosaic Disease (CMD). Cette feuille de manioc présente des symptômes caractéristiques de cette condition.,False
/home/hounfodjidagba/learning/cassava/data/raw/train_images/1813365799.jpg,Cassava Mosaic Disease (CMD),CMD,Diagnostic : Cassava Mosaic Disease (CMD). Cette feuille de manioc présente des symptômes caractéristiques de cette condition.,False
/home/hounfodjidagba/learning/cassava/data/cassava/train/cgm/train-cgm-11.jpg,Cassava Green Mottle (CGM),CGM,Diagnostic : Cassava Green Mottle (CGM). Cette feuille de manioc présente des symptômes caractéristiques de cette condition.,False
/home/hounfodjidagba/learning/cassava/data/raw/train_images/1282714006.jpg,Cassava Green Mottle (CGM),CBB,Diagnostic : Cassava Bacterial Blight (CBB). Cette feuille de manioc présente des symptômes caractéristiques de cette condition.,False
/home/hounfodjidagba/learning/cassava/data/cmd_002/uuid_2d2b8a16-b3bd-49c7-893c-2fe63223f978.jpg,CMD,CMD,Diagnostic : Cassava Mosaic Disease (CMD). Cette feuille de manioc présente des symptômes caractéristiques de cette condition.,True
/home/hounfodjidagba/learning/cassava/data/raw/train_images/3023112404.jpg,CBSD,CBSD,Diagnostic : Cassava Brown Streak Disease (CBSD). Cette feuille de manioc présente des symptômes caractéristiques de cette condition.,True
/home/hounfodjidagba/learning/cassava/data/raw/train_images/3676057452.jpg,CBB,CBB,Diagnostic : Cassava Bacterial Blight (CBB). Cette feuille de manioc présente des symptômes caractéristiques de cette condition.,True
/home/hounfodjidagba/learning/cassava/data/raw/train_images/3262221593.jpg,CBB,CBB,Diagnostic : Cassava Bacterial Blight (CBB). Cette feuille de manioc présente des symptômes caractéristiques de cette condition.,True
/home/hounfodjidagba/learning/cassava/data/raw/train_images/3867968333.jpg,CMD,CMD,Diagnostic : Cassava Mosaic Disease (CMD). Cette feuille de manioc présente des symptômes caractéristiques de cette condition.,True
/home/hounfodjidagba/learning/cassava/data/cmd_004/uuid_ada58911-3726-43ae-a7c8-7e8b586b3b72.jpg,CMD,CMD,Diagnostic : Cassava Mosaic Disease (CMD). Cette feuille de manioc présente des symptômes caractéristiques de cette condition.,True
/home/hounfodjidagba/learning/cassava/data/raw/train_images/461042131.jpg,CGM,CGM,Diagnostic : Cassava Green Mottle (CGM). Cette feuille de manioc présente des symptômes caractéristiques de cette condition.,True
/home/hounfodjidagba/learning/cassava/data/cassava/train/cmd/train-cmd-1818.jpg,Cassava Mosaic Disease (CMD),CMD,Diagnostic : Cassava Mosaic Disease (CMD). Cette feuille de manioc présente des symptômes caractéristiques de cette condition.,False
/home/hounfodjidagba/learning/cassava/data/raw/train_images/4036777489.jpg,CBSD,CBSD,Diagnostic : Cassava Brown Streak Disease (CBSD). Cette feuille de manioc présente des symptômes caractéristiques de cette condition.,True
/home/hounfodjidagba/learning/cassava/data/raw/train_images/3479436986.jpg,Cassava Mosaic Disease (CMD),CMD,Diagnostic : Cassava Mosaic Disease (CMD). Cette feuille de manioc présente des symptômes caractéristiques de cette condition.,False
/home/hounfodjidagba/learning/cassava/data/cassava/train/cmd/train-cmd-1684.jpg,Cassava Mosaic Disease (CMD),CMD,Diagnostic : Cassava Mosaic Disease (CMD). Cette feuille de manioc présente des symptômes caractéristiques de cette condition.,False
/home/hounfodjidagba/learning/cassava/data/raw/train_images/743105570.jpg,CMD,CMD,Diagnostic : Cassava Mosaic Disease (CMD). Cette feuille de manioc présente des symptômes caractéristiques de cette condition.,True
/home/hounfodjidagba/learning/cassava/data/cmd_003/uuid_5cb984a9-8c06-4119-b90a-266fffc25c2e.jpg,Cassava Mosaic Disease (CMD),CMD,Diagnostic : Cassava Mosaic Disease (CMD). Cette feuille de manioc présente des symptômes caractéristiques de cette condition.,False
/home/hounfodjidagba/learning/cassava/data/raw/train_images/1916496572.jpg,CMD,CMD,Diagnostic : Cassava Mosaic Disease (CMD). Cette feuille de manioc présente des symptômes caractéristiques de cette condition.,True
/home/hounfodjidagba/learning/cassava/data/raw/train_images/951048679.jpg,CMD,CMD,Diagnostic : Cassava Mosaic Disease (CMD). Cette feuille de manioc présente des symptômes caractéristiques de cette condition.,True
/home/hounfodjidagba/learning/cassava/data/raw/train_images/162469739.jpg,Cassava Mosaic Disease (CMD),CMD,Diagnostic : Cassava Mosaic Disease (CMD). Cette feuille de manioc présente des symptômes caractéristiques de cette condition.,False
/home/hounfodjidagba/learning/cassava/data/cassava/train/cbsd/train-cbsd-805.jpg,CBSD,CBSD,Diagnostic : Cassava Brown Streak Disease (CBSD). Cette feuille de manioc présente des symptômes caractéristiques de cette condition.,True
/home/hounfodjidagba/learning/cassava/data/cassava/train/cmd/train-cmd-1280.jpg,CMD,CMD,Diagnostic : Cassava Mosaic Disease (CMD). Cette feuille de manioc présente des symptômes caractéristiques de cette condition.,True
/home/hounfodjidagba/learning/cassava/data/cbsd-2/1617171142633.jpg,CBSD,CBSD,Diagnostic : Cassava Brown Streak Disease (CBSD). Cette feuille de manioc présente des symptômes caractéristiques de cette condition.,True
/home/hounfodjidagba/learning/cassava/data/raw/train_images/3913747475.jpg,Cassava Brown Streak Disease (CBSD),CMD,Diagnostic : Cassava Mosaic Disease (CMD). Cette feuille de manioc présente des symptômes caractéristiques de cette condition.,False
/home/hounfodjidagba/learning/cassava/data/raw/train_images/335378674.jpg,CBB,CBSD,Diagnostic : Cassava Brown Streak Disease (CBSD). Cette feuille de manioc présente des symptômes caractéristiques de cette condition.,False
/home/hounfodjidagba/learning/cassava/data/raw/train_images/599872588.jpg,Cassava Mosaic Disease (CMD),CMD,Diagnostic : Cassava Mosaic Disease (CMD). Cette feuille de manioc présente des symptômes caractéristiques de cette condition.,False
/home/hounfodjidagba/learning/cassava/data/healthy_002/1616751841103.jpg,Healthy,Healthy,Diagnostic : Healthy. Cette feuille de manioc présente des symptômes caractéristiques de cette condition.,True
/home/hounfodjidagba/learning/cassava/data/cassava/train/cmd/train-cmd-1179.jpg,Cassava Mosaic Disease (CMD),CMD,Diagnostic : Cassava Mosaic Disease (CMD). Cette feuille de manioc présente des symptômes caractéristiques de cette condition.,False
/home/hounfodjidagba/learning/cassava/data/cassava/train/cbb/train-cbb-141.jpg,CBB,CBSD,Diagnostic : Cassava Brown Streak Disease (CBSD). Cette feuille de manioc présente des symptômes caractéristiques de cette condition.,False
/home/hounfodjidagba/learning/cassava/data/raw/train_images/3066868630.jpg,Cassava Green Mottle (CGM),CGM,Diagnostic : Cassava Green Mottle (CGM). Cette feuille de manioc présente des symptômes caractéristiques de cette condition.,False
/home/hounfodjidagba/learning/cassava/data/raw/train_images/2444345873.jpg,Cassava Mosaic Disease (CMD),CMD,Diagnostic : Cassava Mosaic Disease (CMD). Cette feuille de manioc présente des symptômes caractéristiques de cette condition.,False
/home/hounfodjidagba/learning/cassava/data/raw/train_images/3956075690.jpg,CMD,CMD,Diagnostic : Cassava Mosaic Disease (CMD). Cette feuille de manioc présente des symptômes caractéristiques de cette condition.,True
/home/hounfodjidagba/learning/cassava/data/raw/train_images/2255164475.jpg,Cassava Mosaic Disease (CMD),CMD,Diagnostic : Cassava Mosaic Disease (CMD). Cette feuille de manioc présente des symptômes caractéristiques de cette condition.,False
/home/hounfodjidagba/learning/cassava/data/raw/train_images/3644897265.jpg,CMD,CMD,Diagnostic : Cassava Mosaic Disease (CMD). Cette feuille de manioc présente des symptômes caractéristiques de cette condition.,True
/home/hounfodjidagba/learning/cassava/data/raw/train_images/2009623499.jpg,Cassava Mosaic Disease (CMD),CMD,Diagnostic : Cassava Mosaic Disease (CMD). Cette feuille de manioc présente des symptômes caractéristiques de cette condition.,False
/home/hounfodjidagba/learning/cassava/data/raw/train_images/2774649873.jpg,CMD,CMD,Diagnostic : Cassava Mosaic Disease (CMD). Cette feuille de manioc présente des symptômes caractéristiques de cette condition.,True
/home/hounfodjidagba/learning/cassava/data/cassava/train/cgm/train-cgm-434.jpg,Cassava Green Mottle (CGM),CGM,Diagnostic : Cassava Green Mottle (CGM). Cette feuille de manioc présente des symptômes caractéristiques de cette condition.,False
/home/hounfodjidagba/learning/cassava/data/raw/train_images/3670039640.jpg,Cassava Mosaic Disease (CMD),CMD,Diagnostic : Cassava Mosaic Disease (CMD). Cette feuille de manioc présente des symptômes caractéristiques de cette condition.,False
/home/hounfodjidagba/learning/cassava/data/cassava/train/cgm/train-cgm-155.jpg,Cassava Green Mottle (CGM),CGM,Diagnostic : Cassava Green Mottle (CGM). Cette feuille de manioc présente des symptômes caractéristiques de cette condition.,False
/home/hounfodjidagba/learning/cassava/data/raw/train_images/1018450745.jpg,Cassava Brown Streak Disease (CBSD),CBSD,Diagnostic : Cassava Brown Streak Disease (CBSD). Cette feuille de manioc présente des symptômes caractéristiques de cette condition.,False
/home/hounfodjidagba/learning/cassava/data/cbsd-2/1617170625122.jpg,Cassava Brown Streak Disease (CBSD),CBSD,Diagnostic : Cassava Brown Streak Disease (CBSD). Cette feuille de manioc présente des symptômes caractéristiques de cette condition.,False
/home/hounfodjidagba/learning/cassava/data/raw/train_images/4237027288.jpg,Cassava Bacterial Blight (CBB),CBB,Diagnostic : Cassava Bacterial Blight (CBB). Cette feuille de manioc présente des symptômes caractéristiques de cette condition.,False
/home/hounfodjidagba/learning/cassava/data/raw/train_images/35829857.jpg,Cassava Mosaic Disease (CMD),CMD,Diagnostic : Cassava Mosaic Disease (CMD). Cette feuille de manioc présente des symptômes caractéristiques de cette condition.,False
/home/hounfodjidagba/learning/cassava/data/raw/train_images/1722126168.jpg,Cassava Bacterial Blight (CBB),CGM,Diagnostic : Cassava Green Mottle (CGM). Cette feuille de manioc présente des symptômes caractéristiques de cette condition.,False
/home/hounfodjidagba/learning/cassava/data/raw/train_images/4031627524.jpg,Cassava Mosaic Disease (CMD),CMD,Diagnostic : Cassava Mosaic Disease (CMD). Cette feuille de manioc présente des symptômes caractéristiques de cette condition.,False
/home/hounfodjidagba/learning/cassava/data/raw/train_images/511654743.jpg,CMD,CMD,Diagnostic : Cassava Mosaic Disease (CMD). Cette feuille de manioc présente des symptômes caractéristiques de cette condition.,True
/home/hounfodjidagba/learning/cassava/data/cassava/train/cmd/train-cmd-1289.jpg,CMD,CMD,Diagnostic : Cassava Mosaic Disease (CMD). Cette feuille de manioc présente des symptômes caractéristiques de cette condition.,True
/home/hounfodjidagba/learning/cassava/data/raw/train_images/2545699635.jpg,CMD,CMD,Diagnostic : Cassava Mosaic Disease (CMD). Cette feuille de manioc présente des symptômes caractéristiques de cette condition.,True
/home/hounfodjidagba/learning/cassava/data/raw/train_images/2465281174.jpg,CGM,CGM,Diagnostic : Cassava Green Mottle (CGM). Cette feuille de manioc présente des symptômes caractéristiques de cette condition.,True
/home/hounfodjidagba/learning/cassava/data/raw/train_images/742622446.jpg,CGM,CGM,Diagnostic : Cassava Green Mottle (CGM). Cette feuille de manioc présente des symptômes caractéristiques de cette condition.,True
/home/hounfodjidagba/learning/cassava/data/raw/train_images/3680669935.jpg,CMD,CMD,Diagnostic : Cassava Mosaic Disease (CMD). Cette feuille de manioc présente des symptômes caractéristiques de cette condition.,True
/home/hounfodjidagba/learning/cassava/data/raw/train_images/1250532785.jpg,Healthy,CGM,Diagnostic : Cassava Green Mottle (CGM). Cette feuille de manioc présente des symptômes caractéristiques de cette condition.,False
/home/hounfodjidagba/learning/cassava/data/raw/train_images/4068404919.jpg,Cassava Green Mottle (CGM),CGM,Diagnostic : Cassava Green Mottle (CGM). Cette feuille de manioc présente des symptômes caractéristiques de cette condition.,False
/home/hounfodjidagba/learning/cassava/data/cassava/train/cbsd/train-cbsd-504.jpg,Cassava Brown Streak Disease (CBSD),CBSD,Diagnostic : Cassava Brown Streak Disease (CBSD). Cette feuille de manioc présente des symptômes caractéristiques de cette condition.,False
/home/hounfodjidagba/learning/cassava/data/cbsd-1/1617095347236.jpg,CBSD,CBSD,Diagnostic : Cassava Brown Streak Disease (CBSD). Cette feuille de manioc présente des symptômes caractéristiques de cette condition.,True
/home/hounfodjidagba/learning/cassava/data/raw/train_images/2542096748.jpg,CMD,CMD,Diagnostic : Cassava Mosaic Disease (CMD). Cette feuille de manioc présente des symptômes caractéristiques de cette condition.,True
/home/hounfodjidagba/learning/cassava/data/raw/train_images/1964957251.jpg,Cassava Mosaic Disease (CMD),CMD,Diagnostic : Cassava Mosaic Disease (CMD). Cette feuille de manioc présente des symptômes caractéristiques de cette condition.,False
/home/hounfodjidagba/learning/cassava/data/raw/train_images/2159189425.jpg,CMD,CMD,Diagnostic : Cassava Mosaic Disease (CMD). Cette feuille de manioc présente des symptômes caractéristiques de cette condition.,True
/home/hounfodjidagba/learning/cassava/data/raw/train_images/2981547465.jpg,CMD,CMD,Diagnostic : Cassava Mosaic Disease (CMD). Cette feuille de manioc présente des symptômes caractéristiques de cette condition.,True
/home/hounfodjidagba/learning/cassava/data/raw/train_images/4255196582.jpg,Cassava Mosaic Disease (CMD),CMD,Diagnostic : Cassava Mosaic Disease (CMD). Cette feuille de manioc présente des symptômes caractéristiques de cette condition.,False
/home/hounfodjidagba/learning/cassava/data/raw/train_images/1613859560.jpg,CMD,CMD,Diagnostic : Cassava Mosaic Disease (CMD). Cette feuille de manioc présente des symptômes caractéristiques de cette condition.,True
/home/hounfodjidagba/learning/cassava/data/raw/train_images/3580225233.jpg,Cassava Brown Streak Disease (CBSD),CBSD,Diagnostic : Cassava Brown Streak Disease (CBSD). Cette feuille de manioc présente des symptômes caractéristiques de cette condition.,False
/home/hounfodjidagba/learning/cassava/data/raw/train_images/1927778435.jpg,Healthy,Healthy,Diagnostic : Healthy. Cette feuille de manioc présente des symptômes caractéristiques de cette condition.,True
/home/hounfodjidagba/learning/cassava/data/raw/train_images/1583452886.jpg,Healthy,CBB,Diagnostic : Cassava Bacterial Blight (CBB). Cette feuille de manioc présente des symptômes caractéristiques de cette condition.,False
/home/hounfodjidagba/learning/cassava/data/cmd_004/uuid_951c20e1-8685-49e7-ba9d-6289886a265b.jpg,Cassava Mosaic Disease (CMD),CMD,Diagnostic : Cassava Mosaic Disease (CMD). Cette feuille de manioc présente des symptômes caractéristiques de cette condition.,False
/home/hounfodjidagba/learning/cassava/data/cassava/train/cmd/train-cmd-1294.jpg,CMD,CMD,Diagnostic : Cassava Mosaic Disease (CMD). Cette feuille de manioc présente des symptômes caractéristiques de cette condition.,True
/home/hounfodjidagba/learning/cassava/data/cassava/train/cmd/train-cmd-1044.jpg,Cassava Mosaic Disease (CMD),CMD,Diagnostic : Cassava Mosaic Disease (CMD). Cette feuille de manioc présente des symptômes caractéristiques de cette condition.,False
/home/hounfodjidagba/learning/cassava/data/raw/train_images/1513772475.jpg,Cassava Green Mottle (CGM),CGM,Diagnostic : Cassava Green Mottle (CGM). Cette feuille de manioc présente des symptômes caractéristiques de cette condition.,False
/home/hounfodjidagba/learning/cassava/data/raw/train_images/1043086898.jpg,Healthy,Healthy,Diagnostic : Healthy. Cette feuille de manioc présente des symptômes caractéristiques de cette condition.,True
/home/hounfodjidagba/learning/cassava/data/cmd_002/uuid_03e81fa4-e29f-4556-ab5c-dfc86f0f0ac7.jpg,Cassava Mosaic Disease (CMD),CMD,Diagnostic : Cassava Mosaic Disease (CMD). Cette feuille de manioc présente des symptômes caractéristiques de cette condition.,False
/home/hounfodjidagba/learning/cassava/data/raw/train_images/715948482.jpg,Cassava Brown Streak Disease (CBSD),CBSD,Diagnostic : Cassava Brown Streak Disease (CBSD). Cette feuille de manioc présente des symptômes caractéristiques de cette condition.,False
/home/hounfodjidagba/learning/cassava/data/raw/train_images/3526787181.jpg,Cassava Bacterial Blight (CBB),CMD,Diagnostic : Cassava Mosaic Disease (CMD). Cette feuille de manioc présente des symptômes caractéristiques de cette condition.,False
/home/hounfodjidagba/learning/cassava/data/raw/train_images/2829293396.jpg,CGM,CGM,Diagnostic : Cassava Green Mottle (CGM). Cette feuille de manioc présente des symptômes caractéristiques de cette condition.,True
/home/hounfodjidagba/learning/cassava/data/raw/train_images/1765374655.jpg,CGM,CBSD,Diagnostic : Cassava Brown Streak Disease (CBSD). Cette feuille de manioc présente des symptômes caractéristiques de cette condition.,False
/home/hounfodjidagba/learning/cassava/data/raw/train_images/2466680233.jpg,CMD,CGM,Diagnostic : Cassava Green Mottle (CGM). Cette feuille de manioc présente des symptômes caractéristiques de cette condition.,False
/home/hounfodjidagba/learning/cassava/data/cassava/train/cgm/train-cgm-507.jpg,Cassava Green Mottle (CGM),CGM,Diagnostic : Cassava Green Mottle (CGM). Cette feuille de manioc présente des symptômes caractéristiques de cette condition.,False
/home/hounfodjidagba/learning/cassava/data/cbsd-1/1617091751161.jpg,CBSD,CBSD,Diagnostic : Cassava Brown Streak Disease (CBSD). Cette feuille de manioc présente des symptômes caractéristiques de cette condition.,True
/home/hounfodjidagba/learning/cassava/data/raw/train_images/1999233979.jpg,Cassava Mosaic Disease (CMD),CMD,Diagnostic : Cassava Mosaic Disease (CMD). Cette feuille de manioc présente des symptômes caractéristiques de cette condition.,False
/home/hounfodjidagba/learning/cassava/data/raw/train_images/2608276561.jpg,CMD,CMD,Diagnostic : Cassava Mosaic Disease (CMD). Cette feuille de manioc présente des symptômes caractéristiques de cette condition.,True
/home/hounfodjidagba/learning/cassava/data/cassava/train/cbsd/train-cbsd-794.jpg,CBSD,CMD,Diagnostic : Cassava Mosaic Disease (CMD). Cette feuille de manioc présente des symptômes caractéristiques de cette condition.,False
/home/hounfodjidagba/learning/cassava/data/raw/train_images/292549170.jpg,Cassava Mosaic Disease (CMD),CMD,Diagnostic : Cassava Mosaic Disease (CMD). Cette feuille de manioc présente des symptômes caractéristiques de cette condition.,False
/home/hounfodjidagba/learning/cassava/data/raw/train_images/3257832958.jpg,Cassava Mosaic Disease (CMD),CMD,Diagnostic : Cassava Mosaic Disease (CMD). Cette feuille de manioc présente des symptômes caractéristiques de cette condition.,False
/home/hounfodjidagba/learning/cassava/data/raw/train_images/2468594411.jpg,CGM,CGM,Diagnostic : Cassava Green Mottle (CGM). Cette feuille de manioc présente des symptômes caractéristiques de cette condition.,True
/home/hounfodjidagba/learning/cassava/data/raw/train_images/2407733986.jpg,Cassava Green Mottle (CGM),Healthy,Diagnostic : Healthy. Cette feuille de manioc présente des symptômes caractéristiques de cette condition.,False
/home/hounfodjidagba/learning/cassava/data/raw/train_images/1421720064.jpg,CMD,CMD,Diagnostic : Cassava Mosaic Disease (CMD). Cette feuille de manioc présente des symptômes caractéristiques de cette condition.,True
/home/hounfodjidagba/learning/cassava/data/cmd_001/1616911924863.jpg,CMD,CMD,Diagnostic : Cassava Mosaic Disease (CMD). Cette feuille de manioc présente des symptômes caractéristiques de cette condition.,True
/home/hounfodjidagba/learning/cassava/data/cassava/train/cmd/train-cmd-1948.jpg,Cassava Mosaic Disease (CMD),CBSD,Diagnostic : Cassava Brown Streak Disease (CBSD). Cette feuille de manioc présente des symptômes caractéristiques de cette condition.,False
/home/hounfodjidagba/learning/cassava/data/cassava/train/cbb/train-cbb-236.jpg,CBB,CMD,Diagnostic : Cassava Mosaic Disease (CMD). Cette feuille de manioc présente des symptômes caractéristiques de cette condition.,False
/home/hounfodjidagba/learning/cassava/data/raw/train_images/3470341002.jpg,Cassava Brown Streak Disease (CBSD),CBSD,Diagnostic : Cassava Brown Streak Disease (CBSD). Cette feuille de manioc présente des symptômes caractéristiques de cette condition.,False
/home/hounfodjidagba/learning/cassava/data/raw/train_images/3887613980.jpg,Healthy,Healthy,Diagnostic : Healthy. Cette feuille de manioc présente des symptômes caractéristiques de cette condition.,True
/home/hounfodjidagba/learning/cassava/data/cassava/train/cmd/train-cmd-1863.jpg,Cassava Mosaic Disease (CMD),CMD,Diagnostic : Cassava Mosaic Disease (CMD). Cette feuille de manioc présente des symptômes caractéristiques de cette condition.,False
/home/hounfodjidagba/learning/cassava/data/cassava/train/cbsd/train-cbsd-522.jpg,CBSD,CBSD,Diagnostic : Cassava Brown Streak Disease (CBSD). Cette feuille de manioc présente des symptômes caractéristiques de cette condition.,True
/home/hounfodjidagba/learning/cassava/data/cassava/train/cmd/train-cmd-2480.jpg,CMD,CMD,Diagnostic : Cassava Mosaic Disease (CMD). Cette feuille de manioc présente des symptômes caractéristiques de cette condition.,True
/home/hounfodjidagba/learning/cassava/data/raw/train_images/1097202105.jpg,Cassava Mosaic Disease (CMD),CMD,Diagnostic : Cassava Mosaic Disease (CMD). Cette feuille de manioc présente des symptômes caractéristiques de cette condition.,False
/home/hounfodjidagba/learning/cassava/data/raw/train_images/3306255309.jpg,CBB,CMD,Diagnostic : Cassava Mosaic Disease (CMD). Cette feuille de manioc présente des symptômes caractéristiques de cette condition.,False
/home/hounfodjidagba/learning/cassava/data/raw/train_images/2795132787.jpg,Healthy,Healthy,Diagnostic : Healthy. Cette feuille de manioc présente des symptômes caractéristiques de cette condition.,True
/home/hounfodjidagba/learning/cassava/data/raw/train_images/1171302232.jpg,Cassava Mosaic Disease (CMD),CMD,Diagnostic : Cassava Mosaic Disease (CMD). Cette feuille de manioc présente des symptômes caractéristiques de cette condition.,False
/home/hounfodjidagba/learning/cassava/data/raw/train_images/2384287650.jpg,CMD,CMD,Diagnostic : Cassava Mosaic Disease (CMD). Cette feuille de manioc présente des symptômes caractéristiques de cette condition.,True
/home/hounfodjidagba/learning/cassava/data/raw/train_images/1836048821.jpg,Cassava Bacterial Blight (CBB),CBB,Diagnostic : Cassava Bacterial Blight (CBB). Cette feuille de manioc présente des symptômes caractéristiques de cette condition.,False
/home/hounfodjidagba/learning/cassava/data/cbsd-2/1617172352245.jpg,CBSD,CBSD,Diagnostic : Cassava Brown Streak Disease (CBSD). Cette feuille de manioc présente des symptômes caractéristiques de cette condition.,True
/home/hounfodjidagba/learning/cassava/data/raw/train_images/1072259548.jpg,Cassava Brown Streak Disease (CBSD),CBSD,Diagnostic : Cassava Brown Streak Disease (CBSD). Cette feuille de manioc présente des symptômes caractéristiques de cette condition.,False
/home/hounfodjidagba/learning/cassava/data/raw/train_images/188411023.jpg,CMD,CMD,Diagnostic : Cassava Mosaic Disease (CMD). Cette feuille de manioc présente des symptômes caractéristiques de cette condition.,True
/home/hounfodjidagba/learning/cassava/data/raw/train_images/4207597254.jpg,Cassava Bacterial Blight (CBB),CBB,Diagnostic : Cassava Bacterial Blight (CBB). Cette feuille de manioc présente des symptômes caractéristiques de cette condition.,False
/home/hounfodjidagba/learning/cassava/data/cmd_005/uuid_79e2f057-0c80-483c-a6be-d80c51524919.jpg,CMD,CMD,Diagnostic : Cassava Mosaic Disease (CMD). Cette feuille de manioc présente des symptômes caractéristiques de cette condition.,True
/home/hounfodjidagba/learning/cassava/data/raw/train_images/1824992309.jpg,Cassava Bacterial Blight (CBB),CBB,Diagnostic : Cassava Bacterial Blight (CBB). Cette feuille de manioc présente des symptômes caractéristiques de cette condition.,False
/home/hounfodjidagba/learning/cassava/data/raw/train_images/1367438166.jpg,CMD,CMD,Diagnostic : Cassava Mosaic Disease (CMD). Cette feuille de manioc présente des symptômes caractéristiques de cette condition.,True
/home/hounfodjidagba/learning/cassava/data/cbsd-2/1617170203277.jpg,CBSD,CBSD,Diagnostic : Cassava Brown Streak Disease (CBSD). Cette feuille de manioc présente des symptômes caractéristiques de cette condition.,True
/home/hounfodjidagba/learning/cassava/data/raw/train_images/960648391.jpg,Cassava Mosaic Disease (CMD),CMD,Diagnostic : Cassava Mosaic Disease (CMD). Cette feuille de manioc présente des symptômes caractéristiques de cette condition.,False
/home/hounfodjidagba/learning/cassava/data/cbsd-1/1616821932061.jpg,CBSD,CBSD,Diagnostic : Cassava Brown Streak Disease (CBSD). Cette feuille de manioc présente des symptômes caractéristiques de cette condition.,True
/home/hounfodjidagba/learning/cassava/data/raw/train_images/2318645335.jpg,CBB,CBB,Diagnostic : Cassava Bacterial Blight (CBB). Cette feuille de manioc présente des symptômes caractéristiques de cette condition.,True
/home/hounfodjidagba/learning/cassava/data/raw/train_images/813697698.jpg,Cassava Bacterial Blight (CBB),CBB,Diagnostic : Cassava Bacterial Blight (CBB). Cette feuille de manioc présente des symptômes caractéristiques de cette condition.,False
/home/hounfodjidagba/learning/cassava/data/raw/train_images/1216540575.jpg,Healthy,Healthy,Diagnostic : Healthy. Cette feuille de manioc présente des symptômes caractéristiques de cette condition.,True
/home/hounfodjidagba/learning/cassava/data/raw/train_images/1741040717.jpg,Cassava Mosaic Disease (CMD),CMD,Diagnostic : Cassava Mosaic Disease (CMD). Cette feuille de manioc présente des symptômes caractéristiques de cette condition.,False
/home/hounfodjidagba/learning/cassava/data/raw/train_images/2749588807.jpg,CGM,CGM,Diagnostic : Cassava Green Mottle (CGM). Cette feuille de manioc présente des symptômes caractéristiques de cette condition.,True
/home/hounfodjidagba/learning/cassava/data/raw/train_images/476113846.jpg,CMD,CMD,Diagnostic : Cassava Mosaic Disease (CMD). Cette feuille de manioc présente des symptômes caractéristiques de cette condition.,True
/home/hounfodjidagba/learning/cassava/data/raw/train_images/1264302367.jpg,Healthy,CBB,Diagnostic : Cassava Bacterial Blight (CBB). Cette feuille de manioc présente des symptômes caractéristiques de cette condition.,False
/home/hounfodjidagba/learning/cassava/data/raw/train_images/357823942.jpg,Cassava Mosaic Disease (CMD),CMD,Diagnostic : Cassava Mosaic Disease (CMD). Cette feuille de manioc présente des symptômes caractéristiques de cette condition.,False
/home/hounfodjidagba/learning/cassava/data/raw/train_images/185241766.jpg,Healthy,Healthy,Diagnostic : Healthy. Cette feuille de manioc présente des symptômes caractéristiques de cette condition.,True
/home/hounfodjidagba/learning/cassava/data/cassava/train/cgm/train-cgm-649.jpg,CGM,CGM,Diagnostic : Cassava Green Mottle (CGM). Cette feuille de manioc présente des symptômes caractéristiques de cette condition.,True
/home/hounfodjidagba/learning/cassava/data/cassava/train/cgm/train-cgm-79.jpg,Cassava Green Mottle (CGM),CGM,Diagnostic : Cassava Green Mottle (CGM). Cette feuille de manioc présente des symptômes caractéristiques de cette condition.,False
/home/hounfodjidagba/learning/cassava/data/healthy_002/1616761044601.jpg,Healthy,CMD,Diagnostic : Cassava Mosaic Disease (CMD). Cette feuille de manioc présente des symptômes caractéristiques de cette condition.,False
/home/hounfodjidagba/learning/cassava/data/raw/train_images/1335010337.jpg,CGM,CGM,Diagnostic : Cassava Green Mottle (CGM). Cette feuille de manioc présente des symptômes caractéristiques de cette condition.,True
/home/hounfodjidagba/learning/cassava/data/cassava/train/healthy/train-healthy-267.jpg,Healthy,CBSD,Diagnostic : Cassava Brown Streak Disease (CBSD). Cette feuille de manioc présente des symptômes caractéristiques de cette condition.,False
/home/hounfodjidagba/learning/cassava/data/cbsd-1/1617103386120.jpg,CBSD,CBSD,Diagnostic : Cassava Brown Streak Disease (CBSD). Cette feuille de manioc présente des symptômes caractéristiques de cette condition.,True
/home/hounfodjidagba/learning/cassava/data/raw/train_images/3064807599.jpg,Cassava Brown Streak Disease (CBSD),CBSD,Diagnostic : Cassava Brown Streak Disease (CBSD). Cette feuille de manioc présente des symptômes caractéristiques de cette condition.,False
/home/hounfodjidagba/learning/cassava/data/raw/train_images/1658232092.jpg,Cassava Mosaic Disease (CMD),CMD,Diagnostic : Cassava Mosaic Disease (CMD). Cette feuille de manioc présente des symptômes caractéristiques de cette condition.,False
/home/hounfodjidagba/learning/cassava/data/raw/train_images/618285041.jpg,Healthy,Healthy,Diagnostic : Healthy. Cette feuille de manioc présente des symptômes caractéristiques de cette condition.,True
/home/hounfodjidagba/learning/cassava/data/raw/train_images/1348606741.jpg,CBSD,CBSD,Diagnostic : Cassava Brown Streak Disease (CBSD). Cette feuille de manioc présente des symptômes caractéristiques de cette condition.,True
/home/hounfodjidagba/learning/cassava/data/raw/train_images/2384181550.jpg,Cassava Mosaic Disease (CMD),CMD,Diagnostic : Cassava Mosaic Disease (CMD). Cette feuille de manioc présente des symptômes caractéristiques de cette condition.,False
/home/hounfodjidagba/learning/cassava/data/raw/train_images/1578038494.jpg,Cassava Mosaic Disease (CMD),CMD,Diagnostic : Cassava Mosaic Disease (CMD). Cette feuille de manioc présente des symptômes caractéristiques de cette condition.,False
/home/hounfodjidagba/learning/cassava/data/cassava/train/cbb/train-cbb-217.jpg,CBB,CBB,Diagnostic : Cassava Bacterial Blight (CBB). Cette feuille de manioc présente des symptômes caractéristiques de cette condition.,True
/home/hounfodjidagba/learning/cassava/data/raw/train_images/3308245641.jpg,CMD,CGM,Diagnostic : Cassava Green Mottle (CGM). Cette feuille de manioc présente des symptômes caractéristiques de cette condition.,False
/home/hounfodjidagba/learning/cassava/data/raw/train_images/3715131346.jpg,Cassava Mosaic Disease (CMD),CMD,Diagnostic : Cassava Mosaic Disease (CMD). Cette feuille de manioc présente des symptômes caractéristiques de cette condition.,False
/home/hounfodjidagba/learning/cassava/data/raw/train_images/366838317.jpg,CBB,CBSD,Diagnostic : Cassava Brown Streak Disease (CBSD). Cette feuille de manioc présente des symptômes caractéristiques de cette condition.,False
/home/hounfodjidagba/learning/cassava/data/raw/train_images/2150625929.jpg,Cassava Bacterial Blight (CBB),CMD,Diagnostic : Cassava Mosaic Disease (CMD). Cette feuille de manioc présente des symptômes caractéristiques de cette condition.,False
/home/hounfodjidagba/learning/cassava/data/cassava/train/cbsd/train-cbsd-54.jpg,Cassava Brown Streak Disease (CBSD),CBSD,Diagnostic : Cassava Brown Streak Disease (CBSD). Cette feuille de manioc présente des symptômes caractéristiques de cette condition.,False
/home/hounfodjidagba/learning/cassava/data/cmd_004/uuid_627316ed-3369-4c5e-b660-e05404b6daeb.jpg,CMD,CMD,Diagnostic : Cassava Mosaic Disease (CMD). Cette feuille de manioc présente des symptômes caractéristiques de cette condition.,True
/home/hounfodjidagba/learning/cassava/data/cmd_003/uuid_4b498a3d-dc4a-413d-9322-9f26ed3abc42.jpg,CMD,CMD,Diagnostic : Cassava Mosaic Disease (CMD). Cette feuille de manioc présente des symptômes caractéristiques de cette condition.,True
/home/hounfodjidagba/learning/cassava/data/raw/train_images/4062190855.jpg,Cassava Mosaic Disease (CMD),CMD,Diagnostic : Cassava Mosaic Disease (CMD). Cette feuille de manioc présente des symptômes caractéristiques de cette condition.,False
/home/hounfodjidagba/learning/cassava/data/cbsd-2/1617171397809.jpg,CBSD,CBSD,Diagnostic : Cassava Brown Streak Disease (CBSD). Cette feuille de manioc présente des symptômes caractéristiques de cette condition.,True
/home/hounfodjidagba/learning/cassava/data/raw/train_images/2405957142.jpg,CMD,CMD,Diagnostic : Cassava Mosaic Disease (CMD). Cette feuille de manioc présente des symptômes caractéristiques de cette condition.,True
/home/hounfodjidagba/learning/cassava/data/raw/train_images/3533832269.jpg,Cassava Green Mottle (CGM),CGM,Diagnostic : Cassava Green Mottle (CGM). Cette feuille de manioc présente des symptômes caractéristiques de cette condition.,False
/home/hounfodjidagba/learning/cassava/data/raw/train_images/2207984247.jpg,Cassava Brown Streak Disease (CBSD),CMD,Diagnostic : Cassava Mosaic Disease (CMD). Cette feuille de manioc présente des symptômes caractéristiques de cette condition.,False
/home/hounfodjidagba/learning/cassava/data/raw/train_images/925707812.jpg,Cassava Bacterial Blight (CBB),CBB,Diagnostic : Cassava Bacterial Blight (CBB). Cette feuille de manioc présente des symptômes caractéristiques de cette condition.,False
/home/hounfodjidagba/learning/cassava/data/cbsd-1/1617095438998.jpg,CBSD,CBSD,Diagnostic : Cassava Brown Streak Disease (CBSD). Cette feuille de manioc présente des symptômes caractéristiques de cette condition.,True
/home/hounfodjidagba/learning/cassava/data/cbsd-1/1617097249183.jpg,Cassava Brown Streak Disease (CBSD),CBSD,Diagnostic : Cassava Brown Streak Disease (CBSD). Cette feuille de manioc présente des symptômes caractéristiques de cette condition.,False
/home/hounfodjidagba/learning/cassava/data/raw/train_images/1166951694.jpg,Cassava Mosaic Disease (CMD),CMD,Diagnostic : Cassava Mosaic Disease (CMD). Cette feuille de manioc présente des symptômes caractéristiques de cette condition.,False
/home/hounfodjidagba/learning/cassava/data/raw/train_images/396528848.jpg,Healthy,Healthy,Diagnostic : Healthy. Cette feuille de manioc présente des symptômes caractéristiques de cette condition.,True
/home/hounfodjidagba/learning/cassava/data/raw/train_images/3775296196.jpg,CMD,CMD,Diagnostic : Cassava Mosaic Disease (CMD). Cette feuille de manioc présente des symptômes caractéristiques de cette condition.,True
/home/hounfodjidagba/learning/cassava/data/cbsd-1/1617093625047.jpg,CBSD,CBSD,Diagnostic : Cassava Brown Streak Disease (CBSD). Cette feuille de manioc présente des symptômes caractéristiques de cette condition.,True
/home/hounfodjidagba/learning/cassava/data/healthy_001/1617172228903.jpg,Healthy,Healthy,Diagnostic : Healthy. Cette feuille de manioc présente des symptômes caractéristiques de cette condition.,True
/home/hounfodjidagba/learning/cassava/data/cbsd-1/1617103303018.jpg,CBSD,CBSD,Diagnostic : Cassava Brown Streak Disease (CBSD). Cette feuille de manioc présente des symptômes caractéristiques de cette condition.,True
/home/hounfodjidagba/learning/cassava/data/raw/train_images/3216015057.jpg,CMD,CMD,Diagnostic : Cassava Mosaic Disease (CMD). Cette feuille de manioc présente des symptômes caractéristiques de cette condition.,True
/home/hounfodjidagba/learning/cassava/data/raw/train_images/3195215192.jpg,CBB,CBSD,Diagnostic : Cassava Brown Streak Disease (CBSD). Cette feuille de manioc présente des symptômes caractéristiques de cette condition.,False
/home/hounfodjidagba/learning/cassava/data/raw/train_images/3275064872.jpg,CBSD,CBSD,Diagnostic : Cassava Brown Streak Disease (CBSD). Cette feuille de manioc présente des symptômes caractéristiques de cette condition.,True
/home/hounfodjidagba/learning/cassava/data/cmd_001/1616822552114.jpg,CMD,CMD,Diagnostic : Cassava Mosaic Disease (CMD). Cette feuille de manioc présente des symptômes caractéristiques de cette condition.,True
/home/hounfodjidagba/learning/cassava/data/raw/train_images/3653619329.jpg,Healthy,CBSD,Diagnostic : Cassava Brown Streak Disease (CBSD). Cette feuille de manioc présente des symptômes caractéristiques de cette condition.,False
/home/hounfodjidagba/learning/cassava/data/raw/train_images/766741415.jpg,CMD,CMD,Diagnostic : Cassava Mosaic Disease (CMD). Cette feuille de manioc présente des symptômes caractéristiques de cette condition.,True
/home/hounfodjidagba/learning/cassava/data/raw/train_images/1596468225.jpg,Cassava Bacterial Blight (CBB),CBB,Diagnostic : Cassava Bacterial Blight (CBB). Cette feuille de manioc présente des symptômes caractéristiques de cette condition.,False
/home/hounfodjidagba/learning/cassava/data/cassava/train/cbsd/train-cbsd-378.jpg,CBSD,CBSD,Diagnostic : Cassava Brown Streak Disease (CBSD). Cette feuille de manioc présente des symptômes caractéristiques de cette condition.,True
/home/hounfodjidagba/learning/cassava/data/cmd_002/uuid_2abc8fe7-1275-4bc7-88a3-d7662debd37c.jpg,Cassava Mosaic Disease (CMD),CGM,Diagnostic : Cassava Green Mottle (CGM). Cette feuille de manioc présente des symptômes caractéristiques de cette condition.,False
/home/hounfodjidagba/learning/cassava/data/cmd_003/uuid_05b09047-23f2-441b-b879-b3307aafb7dd.jpg,Cassava Mosaic Disease (CMD),CMD,Diagnostic : Cassava Mosaic Disease (CMD). Cette feuille de manioc présente des symptômes caractéristiques de cette condition.,False
/home/hounfodjidagba/learning/cassava/data/raw/train_images/271724485.jpg,Cassava Mosaic Disease (CMD),CMD,Diagnostic : Cassava Mosaic Disease (CMD). Cette feuille de manioc présente des symptômes caractéristiques de cette condition.,False
/home/hounfodjidagba/learning/cassava/data/cmd_002/uuid_1c5647fd-7f8a-41f2-80b0-8a2f887a1219.jpg,Cassava Mosaic Disease (CMD),CMD,Diagnostic : Cassava Mosaic Disease (CMD). Cette feuille de manioc présente des symptômes caractéristiques de cette condition.,False
/home/hounfodjidagba/learning/cassava/data/raw/train_images/337193250.jpg,Cassava Bacterial Blight (CBB),CBB,Diagnostic : Cassava Bacterial Blight (CBB). Cette feuille de manioc présente des symptômes caractéristiques de cette condition.,False
/home/hounfodjidagba/learning/cassava/data/raw/train_images/2440838390.jpg,Cassava Bacterial Blight (CBB),CBB,Diagnostic : Cassava Bacterial Blight (CBB). Cette feuille de manioc présente des symptômes caractéristiques de cette condition.,False
/home/hounfodjidagba/learning/cassava/data/raw/train_images/823167906.jpg,CGM,CGM,Diagnostic : Cassava Green Mottle (CGM). Cette feuille de manioc présente des symptômes caractéristiques de cette condition.,True
/home/hounfodjidagba/learning/cassava/data/cmd_001/1616997694680.jpg,CMD,CMD,Diagnostic : Cassava Mosaic Disease (CMD). Cette feuille de manioc présente des symptômes caractéristiques de cette condition.,True
/home/hounfodjidagba/learning/cassava/data/raw/train_images/3487169055.jpg,Cassava Mosaic Disease (CMD),CMD,Diagnostic : Cassava Mosaic Disease (CMD). Cette feuille de manioc présente des symptômes caractéristiques de cette condition.,False
/home/hounfodjidagba/learning/cassava/data/cassava/train/cgm/train-cgm-567.jpg,Cassava Green Mottle (CGM),CGM,Diagnostic : Cassava Green Mottle (CGM). Cette feuille de manioc présente des symptômes caractéristiques de cette condition.,False
/home/hounfodjidagba/learning/cassava/data/cassava/train/healthy/train-healthy-129.jpg,Healthy,Healthy,Diagnostic : Healthy. Cette feuille de manioc présente des symptômes caractéristiques de cette condition.,True
/home/hounfodjidagba/learning/cassava/data/cassava/train/cbsd/train-cbsd-143.jpg,Cassava Brown Streak Disease (CBSD),CBSD,Diagnostic : Cassava Brown Streak Disease (CBSD). Cette feuille de manioc présente des symptômes caractéristiques de cette condition.,False
/home/hounfodjidagba/learning/cassava/data/raw/train_images/1580945297.jpg,CGM,CGM,Diagnostic : Cassava Green Mottle (CGM). Cette feuille de manioc présente des symptômes caractéristiques de cette condition.,True
/home/hounfodjidagba/learning/cassava/data/raw/train_images/2913849934.jpg,Cassava Mosaic Disease (CMD),CMD,Diagnostic : Cassava Mosaic Disease (CMD). Cette feuille de manioc présente des symptômes caractéristiques de cette condition.,False
/home/hounfodjidagba/learning/cassava/data/raw/train_images/973746900.jpg,CMD,CMD,Diagnostic : Cassava Mosaic Disease (CMD). Cette feuille de manioc présente des symptômes caractéristiques de cette condition.,True
/home/hounfodjidagba/learning/cassava/data/cassava/train/cgm/train-cgm-591.jpg,Cassava Green Mottle (CGM),CGM,Diagnostic : Cassava Green Mottle (CGM). Cette feuille de manioc présente des symptômes caractéristiques de cette condition.,False
/home/hounfodjidagba/learning/cassava/data/cmd_001/1616824618063.jpg,CMD,CMD,Diagnostic : Cassava Mosaic Disease (CMD). Cette feuille de manioc présente des symptômes caractéristiques de cette condition.,True
/home/hounfodjidagba/learning/cassava/data/raw/train_images/875889242.jpg,Cassava Mosaic Disease (CMD),CMD,Diagnostic : Cassava Mosaic Disease (CMD). Cette feuille de manioc présente des symptômes caractéristiques de cette condition.,False
/home/hounfodjidagba/learning/cassava/data/cassava/train/cbb/train-cbb-338.jpg,Cassava Bacterial Blight (CBB),CBB,Diagnostic : Cassava Bacterial Blight (CBB). Cette feuille de manioc présente des symptômes caractéristiques de cette condition.,False
/home/hounfodjidagba/learning/cassava/data/raw/train_images/1393861868.jpg,Cassava Mosaic Disease (CMD),CMD,Diagnostic : Cassava Mosaic Disease (CMD). Cette feuille de manioc présente des symptômes caractéristiques de cette condition.,False
/home/hounfodjidagba/learning/cassava/data/raw/train_images/387293184.jpg,CGM,CGM,Diagnostic : Cassava Green Mottle (CGM). Cette feuille de manioc présente des symptômes caractéristiques de cette condition.,True
/home/hounfodjidagba/learning/cassava/data/raw/train_images/3496438505.jpg,Healthy,CBSD,Diagnostic : Cassava Brown Streak Disease (CBSD). Cette feuille de manioc présente des symptômes caractéristiques de cette condition.,False
/home/hounfodjidagba/learning/cassava/data/raw/train_images/698692514.jpg,Cassava Mosaic Disease (CMD),CMD,Diagnostic : Cassava Mosaic Disease (CMD). Cette feuille de manioc présente des symptômes caractéristiques de cette condition.,False
/home/hounfodjidagba/learning/cassava/data/cassava/train/cmd/train-cmd-1575.jpg,CMD,CMD,Diagnostic : Cassava Mosaic Disease (CMD). Cette feuille de manioc présente des symptômes caractéristiques de cette condition.,True
/home/hounfodjidagba/learning/cassava/data/cbsd-1/1616822854008.jpg,Cassava Brown Streak Disease (CBSD),CBSD,Diagnostic : Cassava Brown Streak Disease (CBSD). Cette feuille de manioc présente des symptômes caractéristiques de cette condition.,False
/home/hounfodjidagba/learning/cassava/data/raw/train_images/1272495783.jpg,CBB,CBB,Diagnostic : Cassava Bacterial Blight (CBB). Cette feuille de manioc présente des symptômes caractéristiques de cette condition.,True
/home/hounfodjidagba/learning/cassava/data/raw/train_images/2410752222.jpg,Cassava Green Mottle (CGM),CMD,Diagnostic : Cassava Mosaic Disease (CMD). Cette feuille de manioc présente des symptômes caractéristiques de cette condition.,False
/home/hounfodjidagba/learning/cassava/data/raw/train_images/2504999167.jpg,CGM,Healthy,Diagnostic : Healthy. Cette feuille de manioc présente des symptômes caractéristiques de cette condition.,False
/home/hounfodjidagba/learning/cassava/data/raw/train_images/709405326.jpg,CBSD,CBSD,Diagnostic : Cassava Brown Streak Disease (CBSD). Cette feuille de manioc présente des symptômes caractéristiques de cette condition.,True
/home/hounfodjidagba/learning/cassava/data/raw/train_images/318350637.jpg,CBSD,CBSD,Diagnostic : Cassava Brown Streak Disease (CBSD). Cette feuille de manioc présente des symptômes caractéristiques de cette condition.,True
/home/hounfodjidagba/learning/cassava/data/cmd_003/uuid_6ee3c12a-64d1-4328-8173-ce494de45f60.jpg,CMD,CMD,Diagnostic : Cassava Mosaic Disease (CMD). Cette feuille de manioc présente des symptômes caractéristiques de cette condition.,True
/home/hounfodjidagba/learning/cassava/data/cmd_002/uuid_3c251a20-ef8d-4e07-846b-23067b0305d7.jpg,CMD,CMD,Diagnostic : Cassava Mosaic Disease (CMD). Cette feuille de manioc présente des symptômes caractéristiques de cette condition.,True
/home/hounfodjidagba/learning/cassava/data/cbsd-1/1616854858129.jpg,CBSD,CBSD,Diagnostic : Cassava Brown Streak Disease (CBSD). Cette feuille de manioc présente des symptômes caractéristiques de cette condition.,True
/home/hounfodjidagba/learning/cassava/data/cassava/train/cmd/train-cmd-171.jpg,CMD,CMD,Diagnostic : Cassava Mosaic Disease (CMD). Cette feuille de manioc présente des symptômes caractéristiques de cette condition.,True
/home/hounfodjidagba/learning/cassava/data/cassava/train/cbsd/train-cbsd-1042.jpg,Cassava Brown Streak Disease (CBSD),CBSD,Diagnostic : Cassava Brown Streak Disease (CBSD). Cette feuille de manioc présente des symptômes caractéristiques de cette condition.,False
/home/hounfodjidagba/learning/cassava/data/raw/train_images/2442102115.jpg,CMD,CMD,Diagnostic : Cassava Mosaic Disease (CMD). Cette feuille de manioc présente des symptômes caractéristiques de cette condition.,True
/home/hounfodjidagba/learning/cassava/data/raw/train_images/3416705012.jpg,Cassava Brown Streak Disease (CBSD),CBSD,Diagnostic : Cassava Brown Streak Disease (CBSD). Cette feuille de manioc présente des symptômes caractéristiques de cette condition.,False
/home/hounfodjidagba/learning/cassava/data/cmd_001/1616854944500.jpg,CMD,CMD,Diagnostic : Cassava Mosaic Disease (CMD). Cette feuille de manioc présente des symptômes caractéristiques de cette condition.,True
/home/hounfodjidagba/learning/cassava/data/raw/train_images/2968298185.jpg,Cassava Mosaic Disease (CMD),CMD,Diagnostic : Cassava Mosaic Disease (CMD). Cette feuille de manioc présente des symptômes caractéristiques de cette condition.,False
/home/hounfodjidagba/learning/cassava/data/raw/train_images/2536523120.jpg,CGM,CBSD,Diagnostic : Cassava Brown Streak Disease (CBSD). Cette feuille de manioc présente des symptômes caractéristiques de cette condition.,False
/home/hounfodjidagba/learning/cassava/data/cassava/train/cmd/train-cmd-615.jpg,Cassava Mosaic Disease (CMD),CMD,Diagnostic : Cassava Mosaic Disease (CMD). Cette feuille de manioc présente des symptômes caractéristiques de cette condition.,False
/home/hounfodjidagba/learning/cassava/data/cbsd-1/1617103424324.jpg,Cassava Brown Streak Disease (CBSD),CBSD,Diagnostic : Cassava Brown Streak Disease (CBSD). Cette feuille de manioc présente des symptômes caractéristiques de cette condition.,False
/home/hounfodjidagba/learning/cassava/data/raw/train_images/427782419.jpg,CGM,CMD,Diagnostic : Cassava Mosaic Disease (CMD). Cette feuille de manioc présente des symptômes caractéristiques de cette condition.,False
/home/hounfodjidagba/learning/cassava/data/raw/train_images/1359893940.jpg,CBSD,CBSD,Diagnostic : Cassava Brown Streak Disease (CBSD). Cette feuille de manioc présente des symptômes caractéristiques de cette condition.,True
/home/hounfodjidagba/learning/cassava/data/cassava/train/cbsd/train-cbsd-775.jpg,Cassava Brown Streak Disease (CBSD),CBSD,Diagnostic : Cassava Brown Streak Disease (CBSD). Cette feuille de manioc présente des symptômes caractéristiques de cette condition.,False
/home/hounfodjidagba/learning/cassava/data/cassava/train/cgm/train-cgm-132.jpg,Cassava Green Mottle (CGM),CGM,Diagnostic : Cassava Green Mottle (CGM). Cette feuille de manioc présente des symptômes caractéristiques de cette condition.,False
/home/hounfodjidagba/learning/cassava/data/raw/train_images/1727010338.jpg,Cassava Mosaic Disease (CMD),CMD,Diagnostic : Cassava Mosaic Disease (CMD). Cette feuille de manioc présente des symptômes caractéristiques de cette condition.,False
/home/hounfodjidagba/learning/cassava/data/cmd_003/uuid_5b18fb5f-7b54-493c-ae53-682795c7cd06.jpg,CMD,CMD,Diagnostic : Cassava Mosaic Disease (CMD). Cette feuille de manioc présente des symptômes caractéristiques de cette condition.,True
/home/hounfodjidagba/learning/cassava/data/cassava/train/cgm/train-cgm-227.jpg,Cassava Green Mottle (CGM),CMD,Diagnostic : Cassava Mosaic Disease (CMD). Cette feuille de manioc présente des symptômes caractéristiques de cette condition.,False
/home/hounfodjidagba/learning/cassava/data/cbsd-1/1616822077598.jpg,CBSD,CBSD,Diagnostic : Cassava Brown Streak Disease (CBSD). Cette feuille de manioc présente des symptômes caractéristiques de cette condition.,True
/home/hounfodjidagba/learning/cassava/data/cassava/train/cgm/train-cgm-121.jpg,CGM,CGM,Diagnostic : Cassava Green Mottle (CGM). Cette feuille de manioc présente des symptômes caractéristiques de cette condition.,True
/home/hounfodjidagba/learning/cassava/data/healthy_002/1616764954473.jpg,Healthy,Healthy,Diagnostic : Healthy. Cette feuille de manioc présente des symptômes caractéristiques de cette condition.,True
/home/hounfodjidagba/learning/cassava/data/raw/train_images/2170826967.jpg,Cassava Bacterial Blight (CBB),CBB,Diagnostic : Cassava Bacterial Blight (CBB). Cette feuille de manioc présente des symptômes caractéristiques de cette condition.,False
/home/hounfodjidagba/learning/cassava/data/raw/train_images/1273363177.jpg,Cassava Mosaic Disease (CMD),CMD,Diagnostic : Cassava Mosaic Disease (CMD). Cette feuille de manioc présente des symptômes caractéristiques de cette condition.,False
/home/hounfodjidagba/learning/cassava/data/cassava/train/cgm/train-cgm-134.jpg,Cassava Green Mottle (CGM),CMD,Diagnostic : Cassava Mosaic Disease (CMD). Cette feuille de manioc présente des symptômes caractéristiques de cette condition.,False
/home/hounfodjidagba/learning/cassava/data/raw/train_images/2508113831.jpg,CBSD,Healthy,Diagnostic : Healthy. Cette feuille de manioc présente des symptômes caractéristiques de cette condition.,False
/home/hounfodjidagba/learning/cassava/data/raw/train_images/2753696681.jpg,CMD,CMD,Diagnostic : Cassava Mosaic Disease (CMD). Cette feuille de manioc présente des symptômes caractéristiques de cette condition.,True
/home/hounfodjidagba/learning/cassava/data/healthy_001/1616854749033.jpg,Healthy,Healthy,Diagnostic : Healthy. Cette feuille de manioc présente des symptômes caractéristiques de cette condition.,True
/home/hounfodjidagba/learning/cassava/data/raw/train_images/2839558739.jpg,Healthy,CBSD,Diagnostic : Cassava Brown Streak Disease (CBSD). Cette feuille de manioc présente des symptômes caractéristiques de cette condition.,False
/home/hounfodjidagba/learning/cassava/data/cbsd-1/1616854610161.jpg,Cassava Brown Streak Disease (CBSD),CBSD,Diagnostic : Cassava Brown Streak Disease (CBSD). Cette feuille de manioc présente des symptômes caractéristiques de cette condition.,False
/home/hounfodjidagba/learning/cassava/data/raw/train_images/3104971785.jpg,Cassava Mosaic Disease (CMD),CMD,Diagnostic : Cassava Mosaic Disease (CMD). Cette feuille de manioc présente des symptômes caractéristiques de cette condition.,False
/home/hounfodjidagba/learning/cassava/data/cassava/train/cbsd/train-cbsd-1098.jpg,Cassava Brown Streak Disease (CBSD),CBB,Diagnostic : Cassava Bacterial Blight (CBB). Cette feuille de manioc présente des symptômes caractéristiques de cette condition.,False
/home/hounfodjidagba/learning/cassava/data/cassava/train/cgm/train-cgm-190.jpg,Cassava Green Mottle (CGM),CGM,Diagnostic : Cassava Green Mottle (CGM). Cette feuille de manioc présente des symptômes caractéristiques de cette condition.,False
/home/hounfodjidagba/learning/cassava/data/cassava/train/cgm/train-cgm-224.jpg,CGM,CGM,Diagnostic : Cassava Green Mottle (CGM). Cette feuille de manioc présente des symptômes caractéristiques de cette condition.,True
/home/hounfodjidagba/learning/cassava/data/cassava/train/cbb/train-cbb-162.jpg,CBB,CBB,Diagnostic : Cassava Bacterial Blight (CBB). Cette feuille de manioc présente des symptômes caractéristiques de cette condition.,True
/home/hounfodjidagba/learning/cassava/data/cassava/train/cmd/train-cmd-332.jpg,Cassava Mosaic Disease (CMD),CMD,Diagnostic : Cassava Mosaic Disease (CMD). Cette feuille de manioc présente des symptômes caractéristiques de cette condition.,False
/home/hounfodjidagba/learning/cassava/data/raw/train_images/2125205823.jpg,CMD,CMD,Diagnostic : Cassava Mosaic Disease (CMD). Cette feuille de manioc présente des symptômes caractéristiques de cette condition.,True
/home/hounfodjidagba/learning/cassava/data/raw/train_images/3837168774.jpg,Cassava Mosaic Disease (CMD),CMD,Diagnostic : Cassava Mosaic Disease (CMD). Cette feuille de manioc présente des symptômes caractéristiques de cette condition.,False
/home/hounfodjidagba/learning/cassava/data/raw/train_images/1803055979.jpg,Cassava Brown Streak Disease (CBSD),Healthy,Diagnostic : Healthy. Cette feuille de manioc présente des symptômes caractéristiques de cette condition.,False
/home/hounfodjidagba/learning/cassava/data/raw/train_images/2872589934.jpg,CMD,CMD,Diagnostic : Cassava Mosaic Disease (CMD). Cette feuille de manioc présente des symptômes caractéristiques de cette condition.,True
/home/hounfodjidagba/learning/cassava/data/raw/train_images/3571646827.jpg,CMD,CBSD,Diagnostic : Cassava Brown Streak Disease (CBSD). Cette feuille de manioc présente des symptômes caractéristiques de cette condition.,False
/home/hounfodjidagba/learning/cassava/data/cbsd-2/1617171245195.jpg,Cassava Brown Streak Disease (CBSD),CBSD,Diagnostic : Cassava Brown Streak Disease (CBSD). Cette feuille de manioc présente des symptômes caractéristiques de cette condition.,False
/home/hounfodjidagba/learning/cassava/data/raw/train_images/2531400697.jpg,Healthy,CGM,Diagnostic : Cassava Green Mottle (CGM). Cette feuille de manioc présente des symptômes caractéristiques de cette condition.,False
/home/hounfodjidagba/learning/cassava/data/cassava/train/cbb/train-cbb-436.jpg,CBB,CBB,Diagnostic : Cassava Bacterial Blight (CBB). Cette feuille de manioc présente des symptômes caractéristiques de cette condition.,True
/home/hounfodjidagba/learning/cassava/data/raw/train_images/4257261494.jpg,CGM,Healthy,Diagnostic : Healthy. Cette feuille de manioc présente des symptômes caractéristiques de cette condition.,False
/home/hounfodjidagba/learning/cassava/data/cbsd-1/1617093007617.jpg,Cassava Brown Streak Disease (CBSD),CBSD,Diagnostic : Cassava Brown Streak Disease (CBSD). Cette feuille de manioc présente des symptômes caractéristiques de cette condition.,False
/home/hounfodjidagba/learning/cassava/data/cassava/train/cbb/train-cbb-235.jpg,Cassava Bacterial Blight (CBB),CBB,Diagnostic : Cassava Bacterial Blight (CBB). Cette feuille de manioc présente des symptômes caractéristiques de cette condition.,False
/home/hounfodjidagba/learning/cassava/data/cassava/train/cgm/train-cgm-178.jpg,Cassava Green Mottle (CGM),CGM,Diagnostic : Cassava Green Mottle (CGM). Cette feuille de manioc présente des symptômes caractéristiques de cette condition.,False
/home/hounfodjidagba/learning/cassava/data/raw/train_images/3480857039.jpg,Cassava Mosaic Disease (CMD),CMD,Diagnostic : Cassava Mosaic Disease (CMD). Cette feuille de manioc présente des symptômes caractéristiques de cette condition.,False
/home/hounfodjidagba/learning/cassava/data/raw/train_images/1398184409.jpg,Cassava Green Mottle (CGM),CGM,Diagnostic : Cassava Green Mottle (CGM). Cette feuille de manioc présente des symptômes caractéristiques de cette condition.,False
/home/hounfodjidagba/learning/cassava/data/raw/train_images/1333145781.jpg,Cassava Mosaic Disease (CMD),CMD,Diagnostic : Cassava Mosaic Disease (CMD). Cette feuille de manioc présente des symptômes caractéristiques de cette condition.,False
/home/hounfodjidagba/learning/cassava/data/healthy_001/1617171989960.jpg,Healthy,Healthy,Diagnostic : Healthy. Cette feuille de manioc présente des symptômes caractéristiques de cette condition.,True
/home/hounfodjidagba/learning/cassava/data/raw/train_images/3492352245.jpg,Healthy,CMD,Diagnostic : Cassava Mosaic Disease (CMD). Cette feuille de manioc présente des symptômes caractéristiques de cette condition.,False
/home/hounfodjidagba/learning/cassava/data/raw/train_images/2152051451.jpg,CMD,CMD,Diagnostic : Cassava Mosaic Disease (CMD). Cette feuille de manioc présente des symptômes caractéristiques de cette condition.,True
/home/hounfodjidagba/learning/cassava/data/raw/train_images/1483888570.jpg,CGM,CGM,Diagnostic : Cassava Green Mottle (CGM). Cette feuille de manioc présente des symptômes caractéristiques de cette condition.,True
/home/hounfodjidagba/learning/cassava/data/raw/train_images/4177483982.jpg,Cassava Green Mottle (CGM),CGM,Diagnostic : Cassava Green Mottle (CGM). Cette feuille de manioc présente des symptômes caractéristiques de cette condition.,False
/home/hounfodjidagba/learning/cassava/data/cassava/train/cmd/train-cmd-2124.jpg,CMD,CMD,Diagnostic : Cassava Mosaic Disease (CMD). Cette feuille de manioc présente des symptômes caractéristiques de cette condition.,True
/home/hounfodjidagba/learning/cassava/data/raw/train_images/459566440.jpg,CBB,CBB,Diagnostic : Cassava Bacterial Blight (CBB). Cette feuille de manioc présente des symptômes caractéristiques de cette condition.,True
/home/hounfodjidagba/learning/cassava/data/cassava/train/cmd/train-cmd-1330.jpg,Cassava Mosaic Disease (CMD),CMD,Diagnostic : Cassava Mosaic Disease (CMD). Cette feuille de manioc présente des symptômes caractéristiques de cette condition.,False
/home/hounfodjidagba/learning/cassava/data/raw/train_images/3073813239.jpg,Cassava Bacterial Blight (CBB),CBB,Diagnostic : Cassava Bacterial Blight (CBB). Cette feuille de manioc présente des symptômes caractéristiques de cette condition.,False
/home/hounfodjidagba/learning/cassava/data/cbsd-1/1617103758442.jpg,CBSD,CBSD,Diagnostic : Cassava Brown Streak Disease (CBSD). Cette feuille de manioc présente des symptômes caractéristiques de cette condition.,True
/home/hounfodjidagba/learning/cassava/data/healthy_001/1617172599815.jpg,Healthy,Healthy,Diagnostic : Healthy. Cette feuille de manioc présente des symptômes caractéristiques de cette condition.,True
/home/hounfodjidagba/learning/cassava/data/cassava/train/cbsd/train-cbsd-920.jpg,Cassava Brown Streak Disease (CBSD),CBSD,Diagnostic : Cassava Brown Streak Disease (CBSD). Cette feuille de manioc présente des symptômes caractéristiques de cette condition.,False
/home/hounfodjidagba/learning/cassava/data/raw/train_images/4047167362.jpg,CMD,CMD,Diagnostic : Cassava Mosaic Disease (CMD). Cette feuille de manioc présente des symptômes caractéristiques de cette condition.,True
/home/hounfodjidagba/learning/cassava/data/raw/train_images/2475450560.jpg,Cassava Mosaic Disease (CMD),CMD,Diagnostic : Cassava Mosaic Disease (CMD). Cette feuille de manioc présente des symptômes caractéristiques de cette condition.,False
/home/hounfodjidagba/learning/cassava/data/raw/train_images/3799139727.jpg,Cassava Mosaic Disease (CMD),CMD,Diagnostic : Cassava Mosaic Disease (CMD). Cette feuille de manioc présente des symptômes caractéristiques de cette condition.,False
/home/hounfodjidagba/learning/cassava/data/raw/train_images/1908552116.jpg,Healthy,Healthy,Diagnostic : Healthy. Cette feuille de manioc présente des symptômes caractéristiques de cette condition.,True
/home/hounfodjidagba/learning/cassava/data/healthy_002/1616767440055.jpg,Healthy,Healthy,Diagnostic : Healthy. Cette feuille de manioc présente des symptômes caractéristiques de cette condition.,True
/home/hounfodjidagba/learning/cassava/data/raw/train_images/3700407204.jpg,Cassava Mosaic Disease (CMD),CMD,Diagnostic : Cassava Mosaic Disease (CMD). Cette feuille de manioc présente des symptômes caractéristiques de cette condition.,False
/home/hounfodjidagba/learning/cassava/data/cbsd-2/1617170823078.jpg,Cassava Brown Streak Disease (CBSD),CBSD,Diagnostic : Cassava Brown Streak Disease (CBSD). Cette feuille de manioc présente des symptômes caractéristiques de cette condition.,False
/home/hounfodjidagba/learning/cassava/data/raw/train_images/3059732503.jpg,CMD,CMD,Diagnostic : Cassava Mosaic Disease (CMD). Cette feuille de manioc présente des symptômes caractéristiques de cette condition.,True
/home/hounfodjidagba/learning/cassava/data/raw/train_images/2220870435.jpg,CGM,CMD,Diagnostic : Cassava Mosaic Disease (CMD). Cette feuille de manioc présente des symptômes caractéristiques de cette condition.,False
/home/hounfodjidagba/learning/cassava/data/cbsd-2/1617172361314.jpg,Cassava Brown Streak Disease (CBSD),CBSD,Diagnostic : Cassava Brown Streak Disease (CBSD). Cette feuille de manioc présente des symptômes caractéristiques de cette condition.,False
/home/hounfodjidagba/learning/cassava/data/raw/train_images/1586292581.jpg,CBB,CBB,Diagnostic : Cassava Bacterial Blight (CBB). Cette feuille de manioc présente des symptômes caractéristiques de cette condition.,True
/home/hounfodjidagba/learning/cassava/data/raw/train_images/1889205491.jpg,CBB,CBB,Diagnostic : Cassava Bacterial Blight (CBB). Cette feuille de manioc présente des symptômes caractéristiques de cette condition.,True
/home/hounfodjidagba/learning/cassava/data/cassava/train/cbsd/train-cbsd-856.jpg,CBSD,CBSD,Diagnostic : Cassava Brown Streak Disease (CBSD). Cette feuille de manioc présente des symptômes caractéristiques de cette condition.,True
/home/hounfodjidagba/learning/cassava/data/raw/train_images/918534391.jpg,CBB,CBB,Diagnostic : Cassava Bacterial Blight (CBB). Cette feuille de manioc présente des symptômes caractéristiques de cette condition.,True
/home/hounfodjidagba/learning/cassava/data/raw/train_images/1012804587.jpg,Cassava Brown Streak Disease (CBSD),CBSD,Diagnostic : Cassava Brown Streak Disease (CBSD). Cette feuille de manioc présente des symptômes caractéristiques de cette condition.,False
/home/hounfodjidagba/learning/cassava/data/raw/train_images/965919968.jpg,Cassava Bacterial Blight (CBB),CBB,Diagnostic : Cassava Bacterial Blight (CBB). Cette feuille de manioc présente des symptômes caractéristiques de cette condition.,False
/home/hounfodjidagba/learning/cassava/data/raw/train_images/3304963858.jpg,CGM,CGM,Diagnostic : Cassava Green Mottle (CGM). Cette feuille de manioc présente des symptômes caractéristiques de cette condition.,True
/home/hounfodjidagba/learning/cassava/data/cassava/train/cmd/train-cmd-1144.jpg,Cassava Mosaic Disease (CMD),CMD,Diagnostic : Cassava Mosaic Disease (CMD). Cette feuille de manioc présente des symptômes caractéristiques de cette condition.,False
/home/hounfodjidagba/learning/cassava/data/cassava/train/healthy/train-healthy-219.jpg,Healthy,Healthy,Diagnostic : Healthy. Cette feuille de manioc présente des symptômes caractéristiques de cette condition.,True
/home/hounfodjidagba/learning/cassava/data/raw/train_images/1312770396.jpg,CBB,CBB,Diagnostic : Cassava Bacterial Blight (CBB). Cette feuille de manioc présente des symptômes caractéristiques de cette condition.,True
/home/hounfodjidagba/learning/cassava/data/cmd_005/uuid_8b8f1fd8-a5ec-4f5d-b7b1-b62049de031a.jpg,CMD,CMD,Diagnostic : Cassava Mosaic Disease (CMD). Cette feuille de manioc présente des symptômes caractéristiques de cette condition.,True
/home/hounfodjidagba/learning/cassava/data/raw/train_images/133736168.jpg,CMD,CMD,Diagnostic : Cassava Mosaic Disease (CMD). Cette feuille de manioc présente des symptômes caractéristiques de cette condition.,True
/home/hounfodjidagba/learning/cassava/data/raw/train_images/2115648947.jpg,CMD,CMD,Diagnostic : Cassava Mosaic Disease (CMD). Cette feuille de manioc présente des symptômes caractéristiques de cette condition.,True
/home/hounfodjidagba/learning/cassava/data/raw/train_images/3527982471.jpg,Cassava Mosaic Disease (CMD),CMD,Diagnostic : Cassava Mosaic Disease (CMD). Cette feuille de manioc présente des symptômes caractéristiques de cette condition.,False
/home/hounfodjidagba/learning/cassava/data/raw/train_images/3178152218.jpg,Cassava Mosaic Disease (CMD),CMD,Diagnostic : Cassava Mosaic Disease (CMD). Cette feuille de manioc présente des symptômes caractéristiques de cette condition.,False
/home/hounfodjidagba/learning/cassava/data/cassava/train/cbsd/train-cbsd-268.jpg,Cassava Brown Streak Disease (CBSD),CBSD,Diagnostic : Cassava Brown Streak Disease (CBSD). Cette feuille de manioc présente des symptômes caractéristiques de cette condition.,False
/home/hounfodjidagba/learning/cassava/data/raw/train_images/4217871378.jpg,CGM,CGM,Diagnostic : Cassava Green Mottle (CGM). Cette feuille de manioc présente des symptômes caractéristiques de cette condition.,True
/home/hounfodjidagba/learning/cassava/data/raw/train_images/2271999976.jpg,Cassava Green Mottle (CGM),CGM,Diagnostic : Cassava Green Mottle (CGM). Cette feuille de manioc présente des symptômes caractéristiques de cette condition.,False
/home/hounfodjidagba/learning/cassava/data/cmd_001/1616851163719.jpg,Cassava Mosaic Disease (CMD),CMD,Diagnostic : Cassava Mosaic Disease (CMD). Cette feuille de manioc présente des symptômes caractéristiques de cette condition.,False
/home/hounfodjidagba/learning/cassava/data/cbsd-1/1617103216802.jpg,Cassava Brown Streak Disease (CBSD),CBSD,Diagnostic : Cassava Brown Streak Disease (CBSD). Cette feuille de manioc présente des symptômes caractéristiques de cette condition.,False
/home/hounfodjidagba/learning/cassava/data/raw/train_images/719512192.jpg,CMD,CMD,Diagnostic : Cassava Mosaic Disease (CMD). Cette feuille de manioc présente des symptômes caractéristiques de cette condition.,True
/home/hounfodjidagba/learning/cassava/data/raw/train_images/3413587734.jpg,CBSD,CBB,Diagnostic : Cassava Bacterial Blight (CBB). Cette feuille de manioc présente des symptômes caractéristiques de cette condition.,False
/home/hounfodjidagba/learning/cassava/data/raw/train_images/253312886.jpg,CMD,CMD,Diagnostic : Cassava Mosaic Disease (CMD). Cette feuille de manioc présente des symptômes caractéristiques de cette condition.,True
/home/hounfodjidagba/learning/cassava/data/cassava/train/cbsd/train-cbsd-731.jpg,CBSD,CGM,Diagnostic : Cassava Green Mottle (CGM). Cette feuille de manioc présente des symptômes caractéristiques de cette condition.,False
/home/hounfodjidagba/learning/cassava/data/raw/train_images/720072964.jpg,Cassava Mosaic Disease (CMD),CMD,Diagnostic : Cassava Mosaic Disease (CMD). Cette feuille de manioc présente des symptômes caractéristiques de cette condition.,False
/home/hounfodjidagba/learning/cassava/data/raw/train_images/3858664861.jpg,Cassava Green Mottle (CGM),CGM,Diagnostic : Cassava Green Mottle (CGM). Cette feuille de manioc présente des symptômes caractéristiques de cette condition.,False
/home/hounfodjidagba/learning/cassava/data/cassava/train/cbb/train-cbb-227.jpg,Cassava Bacterial Blight (CBB),CBB,Diagnostic : Cassava Bacterial Blight (CBB). Cette feuille de manioc présente des symptômes caractéristiques de cette condition.,False
/home/hounfodjidagba/learning/cassava/data/cbsd-1/1617105492911.jpg,CBSD,CBSD,Diagnostic : Cassava Brown Streak Disease (CBSD). Cette feuille de manioc présente des symptômes caractéristiques de cette condition.,True
/home/hounfodjidagba/learning/cassava/data/cbsd-2/1617175477680.jpg,CBSD,CBSD,Diagnostic : Cassava Brown Streak Disease (CBSD). Cette feuille de manioc présente des symptômes caractéristiques de cette condition.,True
/home/hounfodjidagba/learning/cassava/data/cmd_001/1616825144485.jpg,CMD,CMD,Diagnostic : Cassava Mosaic Disease (CMD). Cette feuille de manioc présente des symptômes caractéristiques de cette condition.,True
/home/hounfodjidagba/learning/cassava/data/raw/train_images/1292954141.jpg,CBB,CBB,Diagnostic : Cassava Bacterial Blight (CBB). Cette feuille de manioc présente des symptômes caractéristiques de cette condition.,True
/home/hounfodjidagba/learning/cassava/data/cassava/train/cbb/train-cbb-212.jpg,Cassava Bacterial Blight (CBB),CBSD,Diagnostic : Cassava Brown Streak Disease (CBSD). Cette feuille de manioc présente des symptômes caractéristiques de cette condition.,False
/home/hounfodjidagba/learning/cassava/data/raw/train_images/3885271451.jpg,CMD,CGM,Diagnostic : Cassava Green Mottle (CGM). Cette feuille de manioc présente des symptômes caractéristiques de cette condition.,False
/home/hounfodjidagba/learning/cassava/data/cassava/train/cbb/train-cbb-78.jpg,CBB,CBB,Diagnostic : Cassava Bacterial Blight (CBB). Cette feuille de manioc présente des symptômes caractéristiques de cette condition.,True
/home/hounfodjidagba/learning/cassava/data/cmd_002/uuid_0d5b671f-1767-4a72-baf3-f316d3e711a4.jpg,CMD,CMD,Diagnostic : Cassava Mosaic Disease (CMD). Cette feuille de manioc présente des symptômes caractéristiques de cette condition.,True
/home/hounfodjidagba/learning/cassava/data/raw/train_images/897925605.jpg,Cassava Mosaic Disease (CMD),CMD,Diagnostic : Cassava Mosaic Disease (CMD). Cette feuille de manioc présente des symptômes caractéristiques de cette condition.,False
/home/hounfodjidagba/learning/cassava/data/raw/train_images/1503505916.jpg,CMD,CMD,Diagnostic : Cassava Mosaic Disease (CMD). Cette feuille de manioc présente des symptômes caractéristiques de cette condition.,True
/home/hounfodjidagba/learning/cassava/data/cassava/train/cgm/train-cgm-80.jpg,CGM,CGM,Diagnostic : Cassava Green Mottle (CGM). Cette feuille de manioc présente des symptômes caractéristiques de cette condition.,True
/home/hounfodjidagba/learning/cassava/data/cmd_003/uuid_4abb5eed-2cce-48e3-bf2c-044244f43518.jpg,Cassava Mosaic Disease (CMD),CMD,Diagnostic : Cassava Mosaic Disease (CMD). Cette feuille de manioc présente des symptômes caractéristiques de cette condition.,False
/home/hounfodjidagba/learning/cassava/data/raw/train_images/1377618103.jpg,CMD,CMD,Diagnostic : Cassava Mosaic Disease (CMD). Cette feuille de manioc présente des symptômes caractéristiques de cette condition.,True
/home/hounfodjidagba/learning/cassava/data/raw/train_images/2488940657.jpg,CBSD,CBSD,Diagnostic : Cassava Brown Streak Disease (CBSD). Cette feuille de manioc présente des symptômes caractéristiques de cette condition.,True
/home/hounfodjidagba/learning/cassava/data/raw/train_images/272311882.jpg,Cassava Mosaic Disease (CMD),CMD,Diagnostic : Cassava Mosaic Disease (CMD). Cette feuille de manioc présente des symptômes caractéristiques de cette condition.,False
/home/hounfodjidagba/learning/cassava/data/cbsd-1/1617095445486.jpg,CBSD,CBSD,Diagnostic : Cassava Brown Streak Disease (CBSD). Cette feuille de manioc présente des symptômes caractéristiques de cette condition.,True
/home/hounfodjidagba/learning/cassava/data/cmd_003/uuid_4c4b320f-0e71-41d1-b193-72460901333e.jpg,CMD,CMD,Diagnostic : Cassava Mosaic Disease (CMD). Cette feuille de manioc présente des symptômes caractéristiques de cette condition.,True
/home/hounfodjidagba/learning/cassava/data/cassava/train/cbb/train-cbb-317.jpg,Cassava Bacterial Blight (CBB),CBSD,Diagnostic : Cassava Brown Streak Disease (CBSD). Cette feuille de manioc présente des symptômes caractéristiques de cette condition.,False
/home/hounfodjidagba/learning/cassava/data/raw/train_images/3271089723.jpg,CGM,CGM,Diagnostic : Cassava Green Mottle (CGM). Cette feuille de manioc présente des symptômes caractéristiques de cette condition.,True
/home/hounfodjidagba/learning/cassava/data/raw/train_images/2271678953.jpg,CMD,CMD,Diagnostic : Cassava Mosaic Disease (CMD). Cette feuille de manioc présente des symptômes caractéristiques de cette condition.,True
/home/hounfodjidagba/learning/cassava/data/raw/train_images/2204845110.jpg,Cassava Mosaic Disease (CMD),CMD,Diagnostic : Cassava Mosaic Disease (CMD). Cette feuille de manioc présente des symptômes caractéristiques de cette condition.,False
/home/hounfodjidagba/learning/cassava/data/raw/train_images/2274097266.jpg,CMD,CMD,Diagnostic : Cassava Mosaic Disease (CMD). Cette feuille de manioc présente des symptômes caractéristiques de cette condition.,True
/home/hounfodjidagba/learning/cassava/data/cbsd-2/1617175279158.jpg,CBSD,CBSD,Diagnostic : Cassava Brown Streak Disease (CBSD). Cette feuille de manioc présente des symptômes caractéristiques de cette condition.,True
/home/hounfodjidagba/learning/cassava/data/cbsd-1/1617096972128.jpg,Cassava Brown Streak Disease (CBSD),CBSD,Diagnostic : Cassava Brown Streak Disease (CBSD). Cette feuille de manioc présente des symptômes caractéristiques de cette condition.,False
/home/hounfodjidagba/learning/cassava/data/raw/train_images/2768884840.jpg,Cassava Green Mottle (CGM),CGM,Diagnostic : Cassava Green Mottle (CGM). Cette feuille de manioc présente des symptômes caractéristiques de cette condition.,False
/home/hounfodjidagba/learning/cassava/data/raw/train_images/3323135755.jpg,Cassava Green Mottle (CGM),CMD,Diagnostic : Cassava Mosaic Disease (CMD). Cette feuille de manioc présente des symptômes caractéristiques de cette condition.,False
/home/hounfodjidagba/learning/cassava/data/cbsd-1/1617098902373.jpg,CBSD,CBSD,Diagnostic : Cassava Brown Streak Disease (CBSD). Cette feuille de manioc présente des symptômes caractéristiques de cette condition.,True
/home/hounfodjidagba/learning/cassava/data/raw/train_images/3700452393.jpg,CGM,CGM,Diagnostic : Cassava Green Mottle (CGM). Cette feuille de manioc présente des symptômes caractéristiques de cette condition.,True
/home/hounfodjidagba/learning/cassava/data/raw/train_images/4049425598.jpg,Cassava Green Mottle (CGM),CMD,Diagnostic : Cassava Mosaic Disease (CMD). Cette feuille de manioc présente des symptômes caractéristiques de cette condition.,False
/home/hounfodjidagba/learning/cassava/data/healthy_001/1617183232525.jpg,Healthy,CMD,Diagnostic : Cassava Mosaic Disease (CMD). Cette feuille de manioc présente des symptômes caractéristiques de cette condition.,False
/home/hounfodjidagba/learning/cassava/data/raw/train_images/2261494787.jpg,Healthy,Healthy,Diagnostic : Healthy. Cette feuille de manioc présente des symptômes caractéristiques de cette condition.,True
/home/hounfodjidagba/learning/cassava/data/cassava/train/healthy/train-healthy-160.jpg,Healthy,Healthy,Diagnostic : Healthy. Cette feuille de manioc présente des symptômes caractéristiques de cette condition.,True
/home/hounfodjidagba/learning/cassava/data/raw/train_images/1257614231.jpg,CGM,CGM,Diagnostic : Cassava Green Mottle (CGM). Cette feuille de manioc présente des symptômes caractéristiques de cette condition.,True
/home/hounfodjidagba/learning/cassava/data/cassava/train/cbsd/train-cbsd-81.jpg,Cassava Brown Streak Disease (CBSD),CBSD,Diagnostic : Cassava Brown Streak Disease (CBSD). Cette feuille de manioc présente des symptômes caractéristiques de cette condition.,False
/home/hounfodjidagba/learning/cassava/data/healthy_001/1617002143669.jpg,Healthy,Healthy,Diagnostic : Healthy. Cette feuille de manioc présente des symptômes caractéristiques de cette condition.,True
/home/hounfodjidagba/learning/cassava/data/cassava/train/healthy/train-healthy-194.jpg,Healthy,Healthy,Diagnostic : Healthy. Cette feuille de manioc présente des symptômes caractéristiques de cette condition.,True
/home/hounfodjidagba/learning/cassava/data/raw/train_images/3197552229.jpg,Cassava Mosaic Disease (CMD),CMD,Diagnostic : Cassava Mosaic Disease (CMD). Cette feuille de manioc présente des symptômes caractéristiques de cette condition.,False
/home/hounfodjidagba/learning/cassava/data/raw/train_images/2971198259.jpg,Healthy,Healthy,Diagnostic : Healthy. Cette feuille de manioc présente des symptômes caractéristiques de cette condition.,True
/home/hounfodjidagba/learning/cassava/data/cassava/train/cbb/train-cbb-169.jpg,Cassava Bacterial Blight (CBB),CBSD,Diagnostic : Cassava Brown Streak Disease (CBSD). Cette feuille de manioc présente des symptômes caractéristiques de cette condition.,False
/home/hounfodjidagba/learning/cassava/data/raw/train_images/90625412.jpg,CMD,CMD,Diagnostic : Cassava Mosaic Disease (CMD). Cette feuille de manioc présente des symptômes caractéristiques de cette condition.,True
/home/hounfodjidagba/learning/cassava/data/raw/train_images/2473268326.jpg,CBB,CBB,Diagnostic : Cassava Bacterial Blight (CBB). Cette feuille de manioc présente des symptômes caractéristiques de cette condition.,True
/home/hounfodjidagba/learning/cassava/data/raw/train_images/2306710719.jpg,Cassava Green Mottle (CGM),CMD,Diagnostic : Cassava Mosaic Disease (CMD). Cette feuille de manioc présente des symptômes caractéristiques de cette condition.,False
/home/hounfodjidagba/learning/cassava/data/raw/train_images/1382842589.jpg,Cassava Green Mottle (CGM),CGM,Diagnostic : Cassava Green Mottle (CGM). Cette feuille de manioc présente des symptômes caractéristiques de cette condition.,False
/home/hounfodjidagba/learning/cassava/data/cassava/train/cmd/train-cmd-1134.jpg,Cassava Mosaic Disease (CMD),CMD,Diagnostic : Cassava Mosaic Disease (CMD). Cette feuille de manioc présente des symptômes caractéristiques de cette condition.,False
/home/hounfodjidagba/learning/cassava/data/raw/train_images/277374156.jpg,CMD,CMD,Diagnostic : Cassava Mosaic Disease (CMD). Cette feuille de manioc présente des symptômes caractéristiques de cette condition.,True
/home/hounfodjidagba/learning/cassava/data/cassava/train/cbb/train-cbb-331.jpg,Cassava Bacterial Blight (CBB),CGM,Diagnostic : Cassava Green Mottle (CGM). Cette feuille de manioc présente des symptômes caractéristiques de cette condition.,False
/home/hounfodjidagba/learning/cassava/data/cmd_001/1616851195709.jpg,Cassava Mosaic Disease (CMD),CMD,Diagnostic : Cassava Mosaic Disease (CMD). Cette feuille de manioc présente des symptômes caractéristiques de cette condition.,False
/home/hounfodjidagba/learning/cassava/data/raw/train_images/1208930498.jpg,CBB,CMD,Diagnostic : Cassava Mosaic Disease (CMD). Cette feuille de manioc présente des symptômes caractéristiques de cette condition.,False
/home/hounfodjidagba/learning/cassava/data/raw/train_images/4062287710.jpg,CGM,CBSD,Diagnostic : Cassava Brown Streak Disease (CBSD). Cette feuille de manioc présente des symptômes caractéristiques de cette condition.,False
/home/hounfodjidagba/learning/cassava/data/raw/train_images/23064716.jpg,Cassava Green Mottle (CGM),CBB,Diagnostic : Cassava Bacterial Blight (CBB). Cette feuille de manioc présente des symptômes caractéristiques de cette condition.,False
/home/hounfodjidagba/learning/cassava/data/cassava/train/cbsd/train-cbsd-898.jpg,CBSD,CBSD,Diagnostic : Cassava Brown Streak Disease (CBSD). Cette feuille de manioc présente des symptômes caractéristiques de cette condition.,True
/home/hounfodjidagba/learning/cassava/data/raw/train_images/822532439.jpg,CBB,CBB,Diagnostic : Cassava Bacterial Blight (CBB). Cette feuille de manioc présente des symptômes caractéristiques de cette condition.,True
/home/hounfodjidagba/learning/cassava/data/healthy_001/1617181132579.jpg,Healthy,Healthy,Diagnostic : Healthy. Cette feuille de manioc présente des symptômes caractéristiques de cette condition.,True
/home/hounfodjidagba/learning/cassava/data/raw/train_images/449389274.jpg,Cassava Mosaic Disease (CMD),CMD,Diagnostic : Cassava Mosaic Disease (CMD). Cette feuille de manioc présente des symptômes caractéristiques de cette condition.,False
/home/hounfodjidagba/learning/cassava/data/raw/train_images/2275946300.jpg,CGM,Healthy,Diagnostic : Healthy. Cette feuille de manioc présente des symptômes caractéristiques de cette condition.,False
/home/hounfodjidagba/learning/cassava/data/cassava/train/cbb/train-cbb-9.jpg,CBB,CBB,Diagnostic : Cassava Bacterial Blight (CBB). Cette feuille de manioc présente des symptômes caractéristiques de cette condition.,True
/home/hounfodjidagba/learning/cassava/data/raw/train_images/617651411.jpg,Cassava Bacterial Blight (CBB),CBB,Diagnostic : Cassava Bacterial Blight (CBB). Cette feuille de manioc présente des symptômes caractéristiques de cette condition.,False
/home/hounfodjidagba/learning/cassava/data/raw/train_images/541997227.jpg,Cassava Mosaic Disease (CMD),CMD,Diagnostic : Cassava Mosaic Disease (CMD). Cette feuille de manioc présente des symptômes caractéristiques de cette condition.,False
/home/hounfodjidagba/learning/cassava/data/cassava/train/cgm/train-cgm-428.jpg,Cassava Green Mottle (CGM),CGM,Diagnostic : Cassava Green Mottle (CGM). Cette feuille de manioc présente des symptômes caractéristiques de cette condition.,False
/home/hounfodjidagba/learning/cassava/data/raw/train_images/207854902.jpg,Healthy,CBB,Diagnostic : Cassava Bacterial Blight (CBB). Cette feuille de manioc présente des symptômes caractéristiques de cette condition.,False
/home/hounfodjidagba/learning/cassava/data/raw/train_images/1715814415.jpg,Healthy,Healthy,Diagnostic : Healthy. Cette feuille de manioc présente des symptômes caractéristiques de cette condition.,True
/home/hounfodjidagba/learning/cassava/data/raw/train_images/2220363674.jpg,CMD,CMD,Diagnostic : Cassava Mosaic Disease (CMD). Cette feuille de manioc présente des symptômes caractéristiques de cette condition.,True
/home/hounfodjidagba/learning/cassava/data/raw/train_images/1319252065.jpg,Healthy,Healthy,Diagnostic : Healthy. Cette feuille de manioc présente des symptômes caractéristiques de cette condition.,True
/home/hounfodjidagba/learning/cassava/data/raw/train_images/1412766908.jpg,Cassava Mosaic Disease (CMD),CMD,Diagnostic : Cassava Mosaic Disease (CMD). Cette feuille de manioc présente des symptômes caractéristiques de cette condition.,False
/home/hounfodjidagba/learning/cassava/data/raw/train_images/2164217173.jpg,Cassava Bacterial Blight (CBB),Healthy,Diagnostic : Healthy. Cette feuille de manioc présente des symptômes caractéristiques de cette condition.,False
/home/hounfodjidagba/learning/cassava/data/raw/train_images/3969288877.jpg,CGM,CGM,Diagnostic : Cassava Green Mottle (CGM). Cette feuille de manioc présente des symptômes caractéristiques de cette condition.,True
/home/hounfodjidagba/learning/cassava/data/raw/train_images/4037044151.jpg,Cassava Mosaic Disease (CMD),CMD,Diagnostic : Cassava Mosaic Disease (CMD). Cette feuille de manioc présente des symptômes caractéristiques de cette condition.,False
/home/hounfodjidagba/learning/cassava/data/raw/train_images/4037648479.jpg,CGM,CBSD,Diagnostic : Cassava Brown Streak Disease (CBSD). Cette feuille de manioc présente des symptômes caractéristiques de cette condition.,False
/home/hounfodjidagba/learning/cassava/data/raw/train_images/2129562481.jpg,Cassava Mosaic Disease (CMD),CMD,Diagnostic : Cassava Mosaic Disease (CMD). Cette feuille de manioc présente des symptômes caractéristiques de cette condition.,False
/home/hounfodjidagba/learning/cassava/data/cmd_004/uuid_56421eba-aca2-4517-a613-8b41b1bd4ac4.jpg,Cassava Mosaic Disease (CMD),CMD,Diagnostic : Cassava Mosaic Disease (CMD). Cette feuille de manioc présente des symptômes caractéristiques de cette condition.,False
/home/hounfodjidagba/learning/cassava/data/raw/train_images/236043422.jpg,Healthy,CBB,Diagnostic : Cassava Bacterial Blight (CBB). Cette feuille de manioc présente des symptômes caractéristiques de cette condition.,False
/home/hounfodjidagba/learning/cassava/data/raw/train_images/3822484793.jpg,CGM,CGM,Diagnostic : Cassava Green Mottle (CGM). Cette feuille de manioc présente des symptômes caractéristiques de cette condition.,True
/home/hounfodjidagba/learning/cassava/data/raw/train_images/3288995572.jpg,Cassava Mosaic Disease (CMD),CMD,Diagnostic : Cassava Mosaic Disease (CMD). Cette feuille de manioc présente des symptômes caractéristiques de cette condition.,False
/home/hounfodjidagba/learning/cassava/data/cbsd-2/1617170242412.jpg,CBSD,CBSD,Diagnostic : Cassava Brown Streak Disease (CBSD). Cette feuille de manioc présente des symptômes caractéristiques de cette condition.,True
/home/hounfodjidagba/learning/cassava/data/raw/train_images/3973846840.jpg,Cassava Green Mottle (CGM),CGM,Diagnostic : Cassava Green Mottle (CGM). Cette feuille de manioc présente des symptômes caractéristiques de cette condition.,False
/home/hounfodjidagba/learning/cassava/data/cmd_002/uuid_01b15b52-b3e8-4581-9abf-66b6c6bea7b5.jpg,CMD,CMD,Diagnostic : Cassava Mosaic Disease (CMD). Cette feuille de manioc présente des symptômes caractéristiques de cette condition.,True
/home/hounfodjidagba/learning/cassava/data/raw/train_images/118373722.jpg,Cassava Mosaic Disease (CMD),CMD,Diagnostic : Cassava Mosaic Disease (CMD). Cette feuille de manioc présente des symptômes caractéristiques de cette condition.,False
/home/hounfodjidagba/learning/cassava/data/cassava/train/cbb/train-cbb-159.jpg,CBB,CBB,Diagnostic : Cassava Bacterial Blight (CBB). Cette feuille de manioc présente des symptômes caractéristiques de cette condition.,True
/home/hounfodjidagba/learning/cassava/data/cassava/train/cbsd/train-cbsd-383.jpg,CBSD,CBSD,Diagnostic : Cassava Brown Streak Disease (CBSD). Cette feuille de manioc présente des symptômes caractéristiques de cette condition.,True
/home/hounfodjidagba/learning/cassava/data/cbsd-2/1617107183911.jpg,Cassava Brown Streak Disease (CBSD),CBSD,Diagnostic : Cassava Brown Streak Disease (CBSD). Cette feuille de manioc présente des symptômes caractéristiques de cette condition.,False
/home/hounfodjidagba/learning/cassava/data/raw/train_images/1371273944.jpg,CBSD,CBSD,Diagnostic : Cassava Brown Streak Disease (CBSD). Cette feuille de manioc présente des symptômes caractéristiques de cette condition.,True
/home/hounfodjidagba/learning/cassava/data/raw/train_images/777180004.jpg,CGM,CMD,Diagnostic : Cassava Mosaic Disease (CMD). Cette feuille de manioc présente des symptômes caractéristiques de cette condition.,False
/home/hounfodjidagba/learning/cassava/data/raw/train_images/2647070246.jpg,Cassava Green Mottle (CGM),CMD,Diagnostic : Cassava Mosaic Disease (CMD). Cette feuille de manioc présente des symptômes caractéristiques de cette condition.,False
/home/hounfodjidagba/learning/cassava/data/raw/train_images/3554938501.jpg,Cassava Green Mottle (CGM),CGM,Diagnostic : Cassava Green Mottle (CGM). Cette feuille de manioc présente des symptômes caractéristiques de cette condition.,False
/home/hounfodjidagba/learning/cassava/data/healthy_002/1616746224301.jpg,Healthy,Healthy,Diagnostic : Healthy. Cette feuille de manioc présente des symptômes caractéristiques de cette condition.,True
/home/hounfodjidagba/learning/cassava/data/cmd_002/uuid_1b5fec5d-1ab9-41b5-8b6f-670255d7d78d.jpg,Cassava Mosaic Disease (CMD),CMD,Diagnostic : Cassava Mosaic Disease (CMD). Cette feuille de manioc présente des symptômes caractéristiques de cette condition.,False
/home/hounfodjidagba/learning/cassava/data/raw/train_images/1346754206.jpg,Healthy,CGM,Diagnostic : Cassava Green Mottle (CGM). Cette feuille de manioc présente des symptômes caractéristiques de cette condition.,False
/home/hounfodjidagba/learning/cassava/data/cbsd-2/1617171804430.jpg,CBSD,CBSD,Diagnostic : Cassava Brown Streak Disease (CBSD). Cette feuille de manioc présente des symptômes caractéristiques de cette condition.,True
/home/hounfodjidagba/learning/cassava/data/raw/train_images/3128583938.jpg,CBSD,CBSD,Diagnostic : Cassava Brown Streak Disease (CBSD). Cette feuille de manioc présente des symptômes caractéristiques de cette condition.,True
/home/hounfodjidagba/learning/cassava/data/raw/train_images/2896379895.jpg,CBB,CBB,Diagnostic : Cassava Bacterial Blight (CBB). Cette feuille de manioc présente des symptômes caractéristiques de cette condition.,True
/home/hounfodjidagba/learning/cassava/data/raw/train_images/269713568.jpg,CBSD,CBSD,Diagnostic : Cassava Brown Streak Disease (CBSD). Cette feuille de manioc présente des symptômes caractéristiques de cette condition.,True
/home/hounfodjidagba/learning/cassava/data/healthy_002/1616760578987.jpg,Healthy,Healthy,Diagnostic : Healthy. Cette feuille de manioc présente des symptômes caractéristiques de cette condition.,True
/home/hounfodjidagba/learning/cassava/data/cassava/train/cgm/train-cgm-631.jpg,CGM,CGM,Diagnostic : Cassava Green Mottle (CGM). Cette feuille de manioc présente des symptômes caractéristiques de cette condition.,True
/home/hounfodjidagba/learning/cassava/data/raw/train_images/2926838073.jpg,CMD,CMD,Diagnostic : Cassava Mosaic Disease (CMD). Cette feuille de manioc présente des symptômes caractéristiques de cette condition.,True
/home/hounfodjidagba/learning/cassava/data/raw/train_images/1293096589.jpg,CGM,CGM,Diagnostic : Cassava Green Mottle (CGM). Cette feuille de manioc présente des symptômes caractéristiques de cette condition.,True
/home/hounfodjidagba/learning/cassava/data/raw/train_images/3044369161.jpg,CMD,CMD,Diagnostic : Cassava Mosaic Disease (CMD). Cette feuille de manioc présente des symptômes caractéristiques de cette condition.,True
/home/hounfodjidagba/learning/cassava/data/cmd_002/uuid_0ecb47db-8e1b-4f63-b28b-d6156c0a2228.jpg,CMD,CMD,Diagnostic : Cassava Mosaic Disease (CMD). Cette feuille de manioc présente des symptômes caractéristiques de cette condition.,True
/home/hounfodjidagba/learning/cassava/data/cbsd-2/1617175539280.jpg,CBSD,CBSD,Diagnostic : Cassava Brown Streak Disease (CBSD). Cette feuille de manioc présente des symptômes caractéristiques de cette condition.,True
/home/hounfodjidagba/learning/cassava/data/raw/train_images/2934640241.jpg,Cassava Bacterial Blight (CBB),Healthy,Diagnostic : Healthy. Cette feuille de manioc présente des symptômes caractéristiques de cette condition.,False
/home/hounfodjidagba/learning/cassava/data/raw/train_images/2469928769.jpg,CGM,CBSD,Diagnostic : Cassava Brown Streak Disease (CBSD). Cette feuille de manioc présente des symptômes caractéristiques de cette condition.,False
/home/hounfodjidagba/learning/cassava/data/raw/train_images/7288550.jpg,CBSD,CGM,Diagnostic : Cassava Green Mottle (CGM). Cette feuille de manioc présente des symptômes caractéristiques de cette condition.,False
/home/hounfodjidagba/learning/cassava/data/cmd_003/uuid_5e7eedda-96ab-4b01-89e2-1786d34f3023.jpg,CMD,CMD,Diagnostic : Cassava Mosaic Disease (CMD). Cette feuille de manioc présente des symptômes caractéristiques de cette condition.,True
/home/hounfodjidagba/learning/cassava/data/raw/train_images/3105262918.jpg,Cassava Mosaic Disease (CMD),CMD,Diagnostic : Cassava Mosaic Disease (CMD). Cette feuille de manioc présente des symptômes caractéristiques de cette condition.,False
/home/hounfodjidagba/learning/cassava/data/raw/train_images/867855885.jpg,Healthy,Healthy,Diagnostic : Healthy. Cette feuille de manioc présente des symptômes caractéristiques de cette condition.,True
/home/hounfodjidagba/learning/cassava/data/raw/train_images/2832373366.jpg,Cassava Mosaic Disease (CMD),CMD,Diagnostic : Cassava Mosaic Disease (CMD). Cette feuille de manioc présente des symptômes caractéristiques de cette condition.,False
/home/hounfodjidagba/learning/cassava/data/raw/train_images/1331134229.jpg,Cassava Bacterial Blight (CBB),CBB,Diagnostic : Cassava Bacterial Blight (CBB). Cette feuille de manioc présente des symptômes caractéristiques de cette condition.,False
/home/hounfodjidagba/learning/cassava/data/cmd_004/uuid_640fa7b7-e015-4f99-8dbe-30fa102832e2.jpg,CMD,CMD,Diagnostic : Cassava Mosaic Disease (CMD). Cette feuille de manioc présente des symptômes caractéristiques de cette condition.,True
/home/hounfodjidagba/learning/cassava/data/raw/train_images/190698162.jpg,Cassava Bacterial Blight (CBB),CBSD,Diagnostic : Cassava Brown Streak Disease (CBSD). Cette feuille de manioc présente des symptômes caractéristiques de cette condition.,False
/home/hounfodjidagba/learning/cassava/data/raw/train_images/1299200628.jpg,Cassava Bacterial Blight (CBB),CBB,Diagnostic : Cassava Bacterial Blight (CBB). Cette feuille de manioc présente des symptômes caractéristiques de cette condition.,False
/home/hounfodjidagba/learning/cassava/data/raw/train_images/2417496242.jpg,Cassava Mosaic Disease (CMD),CMD,Diagnostic : Cassava Mosaic Disease (CMD). Cette feuille de manioc présente des symptômes caractéristiques de cette condition.,False
/home/hounfodjidagba/learning/cassava/data/cassava/train/cgm/train-cgm-313.jpg,Cassava Green Mottle (CGM),CGM,Diagnostic : Cassava Green Mottle (CGM). Cette feuille de manioc présente des symptômes caractéristiques de cette condition.,False
/home/hounfodjidagba/learning/cassava/data/raw/train_images/2934031861.jpg,Cassava Green Mottle (CGM),CGM,Diagnostic : Cassava Green Mottle (CGM). Cette feuille de manioc présente des symptômes caractéristiques de cette condition.,False
/home/hounfodjidagba/learning/cassava/data/raw/train_images/3409314423.jpg,CMD,CMD,Diagnostic : Cassava Mosaic Disease (CMD). Cette feuille de manioc présente des symptômes caractéristiques de cette condition.,True
/home/hounfodjidagba/learning/cassava/data/raw/train_images/847229985.jpg,CMD,CMD,Diagnostic : Cassava Mosaic Disease (CMD). Cette feuille de manioc présente des symptômes caractéristiques de cette condition.,True
/home/hounfodjidagba/learning/cassava/data/raw/train_images/1319853450.jpg,CBSD,CBSD,Diagnostic : Cassava Brown Streak Disease (CBSD). Cette feuille de manioc présente des symptômes caractéristiques de cette condition.,True
/home/hounfodjidagba/learning/cassava/data/raw/train_images/2002072647.jpg,Cassava Green Mottle (CGM),CGM,Diagnostic : Cassava Green Mottle (CGM). Cette feuille de manioc présente des symptômes caractéristiques de cette condition.,False
/home/hounfodjidagba/learning/cassava/data/raw/train_images/2997913778.jpg,Healthy,Healthy,Diagnostic : Healthy. Cette feuille de manioc présente des symptômes caractéristiques de cette condition.,True
/home/hounfodjidagba/learning/cassava/data/raw/train_images/3855787297.jpg,Healthy,Healthy,Diagnostic : Healthy. Cette feuille de manioc présente des symptômes caractéristiques de cette condition.,True
/home/hounfodjidagba/learning/cassava/data/cassava/train/healthy/train-healthy-99.jpg,Healthy,Healthy,Diagnostic : Healthy. Cette feuille de manioc présente des symptômes caractéristiques de cette condition.,True
/home/hounfodjidagba/learning/cassava/data/raw/train_images/1149131142.jpg,Cassava Mosaic Disease (CMD),CMD,Diagnostic : Cassava Mosaic Disease (CMD). Cette feuille de manioc présente des symptômes caractéristiques de cette condition.,False
/home/hounfodjidagba/learning/cassava/data/raw/train_images/2280369062.jpg,Cassava Green Mottle (CGM),CGM,Diagnostic : Cassava Green Mottle (CGM). Cette feuille de manioc présente des symptômes caractéristiques de cette condition.,False
/home/hounfodjidagba/learning/cassava/data/raw/train_images/508241911.jpg,Healthy,CBB,Diagnostic : Cassava Bacterial Blight (CBB). Cette feuille de manioc présente des symptômes caractéristiques de cette condition.,False
/home/hounfodjidagba/learning/cassava/data/raw/train_images/1774492072.jpg,CBB,CMD,Diagnostic : Cassava Mosaic Disease (CMD). Cette feuille de manioc présente des symptômes caractéristiques de cette condition.,False
/home/hounfodjidagba/learning/cassava/data/cassava/train/cgm/train-cgm-122.jpg,CGM,CGM,Diagnostic : Cassava Green Mottle (CGM). Cette feuille de manioc présente des symptômes caractéristiques de cette condition.,True
/home/hounfodjidagba/learning/cassava/data/cmd_001/1616911632260.jpg,Cassava Mosaic Disease (CMD),CMD,Diagnostic : Cassava Mosaic Disease (CMD). Cette feuille de manioc présente des symptômes caractéristiques de cette condition.,False
/home/hounfodjidagba/learning/cassava/data/cmd_003/uuid_5a1b9f42-5099-472d-8141-5c0e45c5c89a.jpg,Cassava Mosaic Disease (CMD),CMD,Diagnostic : Cassava Mosaic Disease (CMD). Cette feuille de manioc présente des symptômes caractéristiques de cette condition.,False
/home/hounfodjidagba/learning/cassava/data/raw/train_images/278959446.jpg,CMD,CMD,Diagnostic : Cassava Mosaic Disease (CMD). Cette feuille de manioc présente des symptômes caractéristiques de cette condition.,True
/home/hounfodjidagba/learning/cassava/data/raw/train_images/2269370589.jpg,CMD,CMD,Diagnostic : Cassava Mosaic Disease (CMD). Cette feuille de manioc présente des symptômes caractéristiques de cette condition.,True
/home/hounfodjidagba/learning/cassava/data/raw/train_images/2323920389.jpg,CMD,CMD,Diagnostic : Cassava Mosaic Disease (CMD). Cette feuille de manioc présente des symptômes caractéristiques de cette condition.,True
/home/hounfodjidagba/learning/cassava/data/raw/train_images/1181473732.jpg,CBSD,CBSD,Diagnostic : Cassava Brown Streak Disease (CBSD). Cette feuille de manioc présente des symptômes caractéristiques de cette condition.,True
/home/hounfodjidagba/learning/cassava/data/cbsd-2/1617172647504.jpg,CBSD,CBSD,Diagnostic : Cassava Brown Streak Disease (CBSD). Cette feuille de manioc présente des symptômes caractéristiques de cette condition.,True
/home/hounfodjidagba/learning/cassava/data/raw/train_images/2813897976.jpg,Cassava Bacterial Blight (CBB),CBB,Diagnostic : Cassava Bacterial Blight (CBB). Cette feuille de manioc présente des symptômes caractéristiques de cette condition.,False
/home/hounfodjidagba/learning/cassava/data/cbsd-1/1617099320204.jpg,CBSD,CBSD,Diagnostic : Cassava Brown Streak Disease (CBSD). Cette feuille de manioc présente des symptômes caractéristiques de cette condition.,True
/home/hounfodjidagba/learning/cassava/data/cbsd-1/1617104960124.jpg,Cassava Brown Streak Disease (CBSD),CBSD,Diagnostic : Cassava Brown Streak Disease (CBSD). Cette feuille de manioc présente des symptômes caractéristiques de cette condition.,False
/home/hounfodjidagba/learning/cassava/data/raw/train_images/2682627088.jpg,CMD,CMD,Diagnostic : Cassava Mosaic Disease (CMD). Cette feuille de manioc présente des symptômes caractéristiques de cette condition.,True
/home/hounfodjidagba/learning/cassava/data/raw/train_images/1350837396.jpg,CGM,CMD,Diagnostic : Cassava Mosaic Disease (CMD). Cette feuille de manioc présente des symptômes caractéristiques de cette condition.,False
/home/hounfodjidagba/learning/cassava/data/raw/train_images/40696329.jpg,Cassava Mosaic Disease (CMD),Healthy,Diagnostic : Healthy. Cette feuille de manioc présente des symptômes caractéristiques de cette condition.,False
/home/hounfodjidagba/learning/cassava/data/raw/train_images/2641912037.jpg,Cassava Bacterial Blight (CBB),CBB,Diagnostic : Cassava Bacterial Blight (CBB). Cette feuille de manioc présente des symptômes caractéristiques de cette condition.,False
/home/hounfodjidagba/learning/cassava/data/raw/train_images/2479115666.jpg,CGM,CGM,Diagnostic : Cassava Green Mottle (CGM). Cette feuille de manioc présente des symptômes caractéristiques de cette condition.,True
/home/hounfodjidagba/learning/cassava/data/raw/train_images/2199495585.jpg,Cassava Mosaic Disease (CMD),CMD,Diagnostic : Cassava Mosaic Disease (CMD). Cette feuille de manioc présente des symptômes caractéristiques de cette condition.,False
/home/hounfodjidagba/learning/cassava/data/raw/train_images/3885779532.jpg,Cassava Mosaic Disease (CMD),CMD,Diagnostic : Cassava Mosaic Disease (CMD). Cette feuille de manioc présente des symptômes caractéristiques de cette condition.,False
/home/hounfodjidagba/learning/cassava/data/raw/train_images/3735562929.jpg,CGM,CGM,Diagnostic : Cassava Green Mottle (CGM). Cette feuille de manioc présente des symptômes caractéristiques de cette condition.,True
/home/hounfodjidagba/learning/cassava/data/raw/train_images/2566043775.jpg,Cassava Mosaic Disease (CMD),CMD,Diagnostic : Cassava Mosaic Disease (CMD). Cette feuille de manioc présente des symptômes caractéristiques de cette condition.,False
/home/hounfodjidagba/learning/cassava/data/cbsd-1/1616821619116.jpg,CBSD,CBSD,Diagnostic : Cassava Brown Streak Disease (CBSD). Cette feuille de manioc présente des symptômes caractéristiques de cette condition.,True
/home/hounfodjidagba/learning/cassava/data/healthy_001/1617001942539.jpg,Healthy,Healthy,Diagnostic : Healthy. Cette feuille de manioc présente des symptômes caractéristiques de cette condition.,True
/home/hounfodjidagba/learning/cassava/data/cassava/train/cbb/train-cbb-281.jpg,Cassava Bacterial Blight (CBB),CBB,Diagnostic : Cassava Bacterial Blight (CBB). Cette feuille de manioc présente des symptômes caractéristiques de cette condition.,False
/home/hounfodjidagba/learning/cassava/data/cassava/train/cbsd/train-cbsd-1038.jpg,Cassava Brown Streak Disease (CBSD),CBSD,Diagnostic : Cassava Brown Streak Disease (CBSD). Cette feuille de manioc présente des symptômes caractéristiques de cette condition.,False
/home/hounfodjidagba/learning/cassava/data/raw/train_images/3650775304.jpg,Cassava Green Mottle (CGM),CGM,Diagnostic : Cassava Green Mottle (CGM). Cette feuille de manioc présente des symptômes caractéristiques de cette condition.,False
/home/hounfodjidagba/learning/cassava/data/raw/train_images/695167489.jpg,CBB,CBB,Diagnostic : Cassava Bacterial Blight (CBB). Cette feuille de manioc présente des symptômes caractéristiques de cette condition.,True
/home/hounfodjidagba/learning/cassava/data/raw/train_images/891874541.jpg,CBSD,CBSD,Diagnostic : Cassava Brown Streak Disease (CBSD). Cette feuille de manioc présente des symptômes caractéristiques de cette condition.,True
/home/hounfodjidagba/learning/cassava/data/cassava/train/cmd/train-cmd-1564.jpg,CMD,CMD,Diagnostic : Cassava Mosaic Disease (CMD). Cette feuille de manioc présente des symptômes caractéristiques de cette condition.,True
/home/hounfodjidagba/learning/cassava/data/cassava/train/cmd/train-cmd-77.jpg,Cassava Mosaic Disease (CMD),CMD,Diagnostic : Cassava Mosaic Disease (CMD). Cette feuille de manioc présente des symptômes caractéristiques de cette condition.,False
/home/hounfodjidagba/learning/cassava/data/raw/train_images/2992863090.jpg,Healthy,CBSD,Diagnostic : Cassava Brown Streak Disease (CBSD). Cette feuille de manioc présente des symptômes caractéristiques de cette condition.,False
/home/hounfodjidagba/learning/cassava/data/raw/train_images/1266326020.jpg,Cassava Mosaic Disease (CMD),CMD,Diagnostic : Cassava Mosaic Disease (CMD). Cette feuille de manioc présente des symptômes caractéristiques de cette condition.,False
/home/hounfodjidagba/learning/cassava/data/cassava/train/cbb/train-cbb-402.jpg,Cassava Bacterial Blight (CBB),CBB,Diagnostic : Cassava Bacterial Blight (CBB). Cette feuille de manioc présente des symptômes caractéristiques de cette condition.,False
/home/hounfodjidagba/learning/cassava/data/raw/train_images/868275841.jpg,CBB,CBB,Diagnostic : Cassava Bacterial Blight (CBB). Cette feuille de manioc présente des symptômes caractéristiques de cette condition.,True
/home/hounfodjidagba/learning/cassava/data/raw/train_images/3292807348.jpg,Healthy,CBB,Diagnostic : Cassava Bacterial Blight (CBB). Cette feuille de manioc présente des symptômes caractéristiques de cette condition.,False
/home/hounfodjidagba/learning/cassava/data/raw/train_images/2423665630.jpg,Cassava Brown Streak Disease (CBSD),CBSD,Diagnostic : Cassava Brown Streak Disease (CBSD). Cette feuille de manioc présente des symptômes caractéristiques de cette condition.,False
/home/hounfodjidagba/learning/cassava/data/cbsd-1/1617104148962.jpg,CBSD,CBSD,Diagnostic : Cassava Brown Streak Disease (CBSD). Cette feuille de manioc présente des symptômes caractéristiques de cette condition.,True
/home/hounfodjidagba/learning/cassava/data/raw/train_images/3142477676.jpg,Cassava Bacterial Blight (CBB),Healthy,Diagnostic : Healthy. Cette feuille de manioc présente des symptômes caractéristiques de cette condition.,False
/home/hounfodjidagba/learning/cassava/data/cmd_003/uuid_3ec1956f-05d2-4b58-bc48-bf1ec1f096ff.jpg,Cassava Mosaic Disease (CMD),CMD,Diagnostic : Cassava Mosaic Disease (CMD). Cette feuille de manioc présente des symptômes caractéristiques de cette condition.,False
/home/hounfodjidagba/learning/cassava/data/raw/train_images/1355825847.jpg,CBB,CBB,Diagnostic : Cassava Bacterial Blight (CBB). Cette feuille de manioc présente des symptômes caractéristiques de cette condition.,True
/home/hounfodjidagba/learning/cassava/data/cbsd-2/1617172689045.jpg,CBSD,CBSD,Diagnostic : Cassava Brown Streak Disease (CBSD). Cette feuille de manioc présente des symptômes caractéristiques de cette condition.,True
/home/hounfodjidagba/learning/cassava/data/raw/train_images/798006612.jpg,CMD,CMD,Diagnostic : Cassava Mosaic Disease (CMD). Cette feuille de manioc présente des symptômes caractéristiques de cette condition.,True
/home/hounfodjidagba/learning/cassava/data/raw/train_images/3714160036.jpg,Cassava Mosaic Disease (CMD),CMD,Diagnostic : Cassava Mosaic Disease (CMD). Cette feuille de manioc présente des symptômes caractéristiques de cette condition.,False
/home/hounfodjidagba/learning/cassava/data/raw/train_images/1300977508.jpg,Healthy,Healthy,Diagnostic : Healthy. Cette feuille de manioc présente des symptômes caractéristiques de cette condition.,True
/home/hounfodjidagba/learning/cassava/data/cassava/train/cgm/train-cgm-230.jpg,CGM,CBSD,Diagnostic : Cassava Brown Streak Disease (CBSD). Cette feuille de manioc présente des symptômes caractéristiques de cette condition.,False
/home/hounfodjidagba/learning/cassava/data/raw/train_images/3640588854.jpg,Healthy,CBB,Diagnostic : Cassava Bacterial Blight (CBB). Cette feuille de manioc présente des symptômes caractéristiques de cette condition.,False
/home/hounfodjidagba/learning/cassava/data/raw/train_images/846141770.jpg,CGM,CGM,Diagnostic : Cassava Green Mottle (CGM). Cette feuille de manioc présente des symptômes caractéristiques de cette condition.,True
/home/hounfodjidagba/learning/cassava/data/raw/train_images/1696170421.jpg,CGM,CGM,Diagnostic : Cassava Green Mottle (CGM). Cette feuille de manioc présente des symptômes caractéristiques de cette condition.,True
/home/hounfodjidagba/learning/cassava/data/raw/train_images/1509840012.jpg,CMD,CMD,Diagnostic : Cassava Mosaic Disease (CMD). Cette feuille de manioc présente des symptômes caractéristiques de cette condition.,True
/home/hounfodjidagba/learning/cassava/data/raw/train_images/1393783706.jpg,Cassava Green Mottle (CGM),CGM,Diagnostic : Cassava Green Mottle (CGM). Cette feuille de manioc présente des symptômes caractéristiques de cette condition.,False
/home/hounfodjidagba/learning/cassava/data/raw/train_images/1616207760.jpg,CGM,CGM,Diagnostic : Cassava Green Mottle (CGM). Cette feuille de manioc présente des symptômes caractéristiques de cette condition.,True
/home/hounfodjidagba/learning/cassava/data/raw/train_images/3061201332.jpg,CMD,CMD,Diagnostic : Cassava Mosaic Disease (CMD). Cette feuille de manioc présente des symptômes caractéristiques de cette condition.,True
/home/hounfodjidagba/learning/cassava/data/cmd_003/uuid_5c8548c3-e414-4f5e-b27c-56f714bb64dc.jpg,CMD,CMD,Diagnostic : Cassava Mosaic Disease (CMD). Cette feuille de manioc présente des symptômes caractéristiques de cette condition.,True
/home/hounfodjidagba/learning/cassava/data/raw/train_images/3184292480.jpg,Healthy,CBSD,Diagnostic : Cassava Brown Streak Disease (CBSD). Cette feuille de manioc présente des symptômes caractéristiques de cette condition.,False
/home/hounfodjidagba/learning/cassava/data/cassava/train/cbsd/train-cbsd-1317.jpg,Cassava Brown Streak Disease (CBSD),CBSD,Diagnostic : Cassava Brown Streak Disease (CBSD). Cette feuille de manioc présente des symptômes caractéristiques de cette condition.,False
/home/hounfodjidagba/learning/cassava/data/raw/train_images/775831061.jpg,CBB,Healthy,Diagnostic : Healthy. Cette feuille de manioc présente des symptômes caractéristiques de cette condition.,False
/home/hounfodjidagba/learning/cassava/data/raw/train_images/1201250931.jpg,Cassava Green Mottle (CGM),CGM,Diagnostic : Cassava Green Mottle (CGM). Cette feuille de manioc présente des symptômes caractéristiques de cette condition.,False
/home/hounfodjidagba/learning/cassava/data/raw/train_images/1554463892.jpg,CMD,CMD,Diagnostic : Cassava Mosaic Disease (CMD). Cette feuille de manioc présente des symptômes caractéristiques de cette condition.,True
/home/hounfodjidagba/learning/cassava/data/cassava/train/cbsd/train-cbsd-1073.jpg,CBSD,CBSD,Diagnostic : Cassava Brown Streak Disease (CBSD). Cette feuille de manioc présente des symptômes caractéristiques de cette condition.,True
/home/hounfodjidagba/learning/cassava/data/raw/train_images/3230113512.jpg,CMD,CMD,Diagnostic : Cassava Mosaic Disease (CMD). Cette feuille de manioc présente des symptômes caractéristiques de cette condition.,True
/home/hounfodjidagba/learning/cassava/data/cmd_003/uuid_4e60b1a4-c495-4bb0-a9ed-839f6aea0073.jpg,CMD,CMD,Diagnostic : Cassava Mosaic Disease (CMD). Cette feuille de manioc présente des symptômes caractéristiques de cette condition.,True
/home/hounfodjidagba/learning/cassava/data/cbsd-1/1617097321231.jpg,Cassava Brown Streak Disease (CBSD),CBSD,Diagnostic : Cassava Brown Streak Disease (CBSD). Cette feuille de manioc présente des symptômes caractéristiques de cette condition.,False
/home/hounfodjidagba/learning/cassava/data/raw/train_images/4286169099.jpg,Healthy,Healthy,Diagnostic : Healthy. Cette feuille de manioc présente des symptômes caractéristiques de cette condition.,True
/home/hounfodjidagba/learning/cassava/data/cbsd-1/1617105210610.jpg,CBSD,CBSD,Diagnostic : Cassava Brown Streak Disease (CBSD). Cette feuille de manioc présente des symptômes caractéristiques de cette condition.,True
/home/hounfodjidagba/learning/cassava/data/raw/train_images/1608948365.jpg,Cassava Mosaic Disease (CMD),CMD,Diagnostic : Cassava Mosaic Disease (CMD). Cette feuille de manioc présente des symptômes caractéristiques de cette condition.,False
/home/hounfodjidagba/learning/cassava/data/cmd_003/uuid_6c02dd2a-21e6-4416-a08c-9a36f6523c1f.jpg,CMD,CMD,Diagnostic : Cassava Mosaic Disease (CMD). Cette feuille de manioc présente des symptômes caractéristiques de cette condition.,True
/home/hounfodjidagba/learning/cassava/data/cassava/train/cmd/train-cmd-1906.jpg,Cassava Mosaic Disease (CMD),CMD,Diagnostic : Cassava Mosaic Disease (CMD). Cette feuille de manioc présente des symptômes caractéristiques de cette condition.,False
/home/hounfodjidagba/learning/cassava/data/raw/train_images/2738825218.jpg,Healthy,Healthy,Diagnostic : Healthy. Cette feuille de manioc présente des symptômes caractéristiques de cette condition.,True
/home/hounfodjidagba/learning/cassava/data/raw/train_images/2434985861.jpg,CGM,CMD,Diagnostic : Cassava Mosaic Disease (CMD). Cette feuille de manioc présente des symptômes caractéristiques de cette condition.,False
/home/hounfodjidagba/learning/cassava/data/cassava/train/cbsd/train-cbsd-929.jpg,CBSD,CBSD,Diagnostic : Cassava Brown Streak Disease (CBSD). Cette feuille de manioc présente des symptômes caractéristiques de cette condition.,True
/home/hounfodjidagba/learning/cassava/data/cbsd-1/1616822222290.jpg,Cassava Brown Streak Disease (CBSD),CBSD,Diagnostic : Cassava Brown Streak Disease (CBSD). Cette feuille de manioc présente des symptômes caractéristiques de cette condition.,False
/home/hounfodjidagba/learning/cassava/data/raw/train_images/3556554979.jpg,Cassava Green Mottle (CGM),CBSD,Diagnostic : Cassava Brown Streak Disease (CBSD). Cette feuille de manioc présente des symptômes caractéristiques de cette condition.,False
/home/hounfodjidagba/learning/cassava/data/cmd_005/uuid_29a68de7-1fc9-4823-84e7-5e0a687876ef.jpg,Cassava Mosaic Disease (CMD),CMD,Diagnostic : Cassava Mosaic Disease (CMD). Cette feuille de manioc présente des symptômes caractéristiques de cette condition.,False
/home/hounfodjidagba/learning/cassava/data/cbsd-2/1617172206667.jpg,CBSD,CBSD,Diagnostic : Cassava Brown Streak Disease (CBSD). Cette feuille de manioc présente des symptômes caractéristiques de cette condition.,True
/home/hounfodjidagba/learning/cassava/data/cbsd-1/1617097048206.jpg,CBSD,CBSD,Diagnostic : Cassava Brown Streak Disease (CBSD). Cette feuille de manioc présente des symptômes caractéristiques de cette condition.,True
/home/hounfodjidagba/learning/cassava/data/cbsd-1/1617097011016.jpg,Cassava Brown Streak Disease (CBSD),CBSD,Diagnostic : Cassava Brown Streak Disease (CBSD). Cette feuille de manioc présente des symptômes caractéristiques de cette condition.,False
/home/hounfodjidagba/learning/cassava/data/cassava/train/cgm/train-cgm-74.jpg,CGM,CMD,Diagnostic : Cassava Mosaic Disease (CMD). Cette feuille de manioc présente des symptômes caractéristiques de cette condition.,False
/home/hounfodjidagba/learning/cassava/data/cmd_002/uuid_2f31966c-305b-46e2-a018-845b11e8d6e1.jpg,Cassava Mosaic Disease (CMD),CMD,Diagnostic : Cassava Mosaic Disease (CMD). Cette feuille de manioc présente des symptômes caractéristiques de cette condition.,False
/home/hounfodjidagba/learning/cassava/data/cassava/train/cgm/train-cgm-550.jpg,CGM,CGM,Diagnostic : Cassava Green Mottle (CGM). Cette feuille de manioc présente des symptômes caractéristiques de cette condition.,True
/home/hounfodjidagba/learning/cassava/data/raw/train_images/2021244568.jpg,CMD,CMD,Diagnostic : Cassava Mosaic Disease (CMD). Cette feuille de manioc présente des symptômes caractéristiques de cette condition.,True
/home/hounfodjidagba/learning/cassava/data/cassava/train/cbb/train-cbb-428.jpg,Cassava Bacterial Blight (CBB),CBB,Diagnostic : Cassava Bacterial Blight (CBB). Cette feuille de manioc présente des symptômes caractéristiques de cette condition.,False
/home/hounfodjidagba/learning/cassava/data/raw/train_images/1122080430.jpg,Healthy,Healthy,Diagnostic : Healthy. Cette feuille de manioc présente des symptômes caractéristiques de cette condition.,True
/home/hounfodjidagba/learning/cassava/data/raw/train_images/51748275.jpg,CGM,CGM,Diagnostic : Cassava Green Mottle (CGM). Cette feuille de manioc présente des symptômes caractéristiques de cette condition.,True
/home/hounfodjidagba/learning/cassava/data/raw/train_images/2101603304.jpg,CGM,CMD,Diagnostic : Cassava Mosaic Disease (CMD). Cette feuille de manioc présente des symptômes caractéristiques de cette condition.,False
/home/hounfodjidagba/learning/cassava/data/cbsd-2/1617176546299.jpg,Cassava Brown Streak Disease (CBSD),CBSD,Diagnostic : Cassava Brown Streak Disease (CBSD). Cette feuille de manioc présente des symptômes caractéristiques de cette condition.,False
/home/hounfodjidagba/learning/cassava/data/cassava/train/cmd/train-cmd-1455.jpg,CMD,CMD,Diagnostic : Cassava Mosaic Disease (CMD). Cette feuille de manioc présente des symptômes caractéristiques de cette condition.,True
/home/hounfodjidagba/learning/cassava/data/cassava/train/cbb/train-cbb-397.jpg,CBB,CGM,Diagnostic : Cassava Green Mottle (CGM). Cette feuille de manioc présente des symptômes caractéristiques de cette condition.,False
/home/hounfodjidagba/learning/cassava/data/cmd_001/1616997764807.jpg,CMD,CMD,Diagnostic : Cassava Mosaic Disease (CMD). Cette feuille de manioc présente des symptômes caractéristiques de cette condition.,True
/home/hounfodjidagba/learning/cassava/data/raw/train_images/1604328731.jpg,Cassava Brown Streak Disease (CBSD),CBSD,Diagnostic : Cassava Brown Streak Disease (CBSD). Cette feuille de manioc présente des symptômes caractéristiques de cette condition.,False
/home/hounfodjidagba/learning/cassava/data/raw/train_images/3416552356.jpg,Healthy,Healthy,Diagnostic : Healthy. Cette feuille de manioc présente des symptômes caractéristiques de cette condition.,True
/home/hounfodjidagba/learning/cassava/data/cassava/train/cbsd/train-cbsd-639.jpg,Cassava Brown Streak Disease (CBSD),CBSD,Diagnostic : Cassava Brown Streak Disease (CBSD). Cette feuille de manioc présente des symptômes caractéristiques de cette condition.,False
/home/hounfodjidagba/learning/cassava/data/cmd_002/uuid_01c156df-6170-4695-898c-2a6f87a6743b.jpg,CMD,CMD,Diagnostic : Cassava Mosaic Disease (CMD). Cette feuille de manioc présente des symptômes caractéristiques de cette condition.,True
/home/hounfodjidagba/learning/cassava/data/cassava/train/cbb/train-cbb-249.jpg,CBB,CBSD,Diagnostic : Cassava Brown Streak Disease (CBSD). Cette feuille de manioc présente des symptômes caractéristiques de cette condition.,False
/home/hounfodjidagba/learning/cassava/data/raw/train_images/1149243998.jpg,CBB,CBB,Diagnostic : Cassava Bacterial Blight (CBB). Cette feuille de manioc présente des symptômes caractéristiques de cette condition.,True
/home/hounfodjidagba/learning/cassava/data/raw/train_images/3945022752.jpg,CMD,CMD,Diagnostic : Cassava Mosaic Disease (CMD). Cette feuille de manioc présente des symptômes caractéristiques de cette condition.,True
/home/hounfodjidagba/learning/cassava/data/raw/train_images/729514787.jpg,Cassava Mosaic Disease (CMD),CMD,Diagnostic : Cassava Mosaic Disease (CMD). Cette feuille de manioc présente des symptômes caractéristiques de cette condition.,False
/home/hounfodjidagba/learning/cassava/data/cassava/train/cgm/train-cgm-366.jpg,CGM,CGM,Diagnostic : Cassava Green Mottle (CGM). Cette feuille de manioc présente des symptômes caractéristiques de cette condition.,True
/home/hounfodjidagba/learning/cassava/data/cbsd-1/1617099108020.jpg,Cassava Brown Streak Disease (CBSD),CBSD,Diagnostic : Cassava Brown Streak Disease (CBSD). Cette feuille de manioc présente des symptômes caractéristiques de cette condition.,False
/home/hounfodjidagba/learning/cassava/data/cmd_002/uuid_0cc8c672-b084-474a-ad5c-9a53df6b7f36.jpg,Cassava Mosaic Disease (CMD),CMD,Diagnostic : Cassava Mosaic Disease (CMD). Cette feuille de manioc présente des symptômes caractéristiques de cette condition.,False
/home/hounfodjidagba/learning/cassava/data/cassava/train/cgm/train-cgm-246.jpg,CGM,CBB,Diagnostic : Cassava Bacterial Blight (CBB). Cette feuille de manioc présente des symptômes caractéristiques de cette condition.,False
/home/hounfodjidagba/learning/cassava/data/cbsd-1/1616822863664.jpg,CBSD,CBSD,Diagnostic : Cassava Brown Streak Disease (CBSD). Cette feuille de manioc présente des symptômes caractéristiques de cette condition.,True
/home/hounfodjidagba/learning/cassava/data/cbsd-1/1617098944398.jpg,Cassava Brown Streak Disease (CBSD),CBSD,Diagnostic : Cassava Brown Streak Disease (CBSD). Cette feuille de manioc présente des symptômes caractéristiques de cette condition.,False
/home/hounfodjidagba/learning/cassava/data/cmd_002/uuid_1ad57d92-fb33-4103-a90a-28572e4fdc8e.jpg,Cassava Mosaic Disease (CMD),CMD,Diagnostic : Cassava Mosaic Disease (CMD). Cette feuille de manioc présente des symptômes caractéristiques de cette condition.,False
/home/hounfodjidagba/learning/cassava/data/raw/train_images/2213547855.jpg,Cassava Mosaic Disease (CMD),CMD,Diagnostic : Cassava Mosaic Disease (CMD). Cette feuille de manioc présente des symptômes caractéristiques de cette condition.,False
/home/hounfodjidagba/learning/cassava/data/cmd_002/uuid_3d5cf805-393e-42ae-a7d2-4f32a8e9dcfd.jpg,CMD,CMD,Diagnostic : Cassava Mosaic Disease (CMD). Cette feuille de manioc présente des symptômes caractéristiques de cette condition.,True
/home/hounfodjidagba/learning/cassava/data/cmd_002/uuid_2f25746f-64d6-4561-a8c1-6ef7965de443.jpg,CMD,CMD,Diagnostic : Cassava Mosaic Disease (CMD). Cette feuille de manioc présente des symptômes caractéristiques de cette condition.,True
/home/hounfodjidagba/learning/cassava/data/raw/train_images/256421932.jpg,Cassava Mosaic Disease (CMD),CMD,Diagnostic : Cassava Mosaic Disease (CMD). Cette feuille de manioc présente des symptômes caractéristiques de cette condition.,False
/home/hounfodjidagba/learning/cassava/data/raw/train_images/497624056.jpg,CMD,CMD,Diagnostic : Cassava Mosaic Disease (CMD). Cette feuille de manioc présente des symptômes caractéristiques de cette condition.,True
/home/hounfodjidagba/learning/cassava/data/raw/train_images/718077278.jpg,CBSD,CGM,Diagnostic : Cassava Green Mottle (CGM). Cette feuille de manioc présente des symptômes caractéristiques de cette condition.,False
/home/hounfodjidagba/learning/cassava/data/raw/train_images/4241697639.jpg,Cassava Green Mottle (CGM),CGM,Diagnostic : Cassava Green Mottle (CGM). Cette feuille de manioc présente des symptômes caractéristiques de cette condition.,False
/home/hounfodjidagba/learning/cassava/data/raw/train_images/1104000386.jpg,Cassava Mosaic Disease (CMD),CMD,Diagnostic : Cassava Mosaic Disease (CMD). Cette feuille de manioc présente des symptômes caractéristiques de cette condition.,False
/home/hounfodjidagba/learning/cassava/data/raw/train_images/2972586546.jpg,CBB,CBB,Diagnostic : Cassava Bacterial Blight (CBB). Cette feuille de manioc présente des symptômes caractéristiques de cette condition.,True
/home/hounfodjidagba/learning/cassava/data/cmd_001/1616997280021.jpg,Cassava Mosaic Disease (CMD),CBSD,Diagnostic : Cassava Brown Streak Disease (CBSD). Cette feuille de manioc présente des symptômes caractéristiques de cette condition.,False
/home/hounfodjidagba/learning/cassava/data/raw/train_images/3626400961.jpg,Cassava Mosaic Disease (CMD),CMD,Diagnostic : Cassava Mosaic Disease (CMD). Cette feuille de manioc présente des symptômes caractéristiques de cette condition.,False
/home/hounfodjidagba/learning/cassava/data/raw/train_images/4194767619.jpg,CMD,CMD,Diagnostic : Cassava Mosaic Disease (CMD). Cette feuille de manioc présente des symptômes caractéristiques de cette condition.,True
/home/hounfodjidagba/learning/cassava/data/raw/train_images/3455409383.jpg,Cassava Green Mottle (CGM),CMD,Diagnostic : Cassava Mosaic Disease (CMD). Cette feuille de manioc présente des symptômes caractéristiques de cette condition.,False
/home/hounfodjidagba/learning/cassava/data/raw/train_images/1258444443.jpg,Cassava Bacterial Blight (CBB),CMD,Diagnostic : Cassava Mosaic Disease (CMD). Cette feuille de manioc présente des symptômes caractéristiques de cette condition.,False
/home/hounfodjidagba/learning/cassava/data/raw/train_images/457102375.jpg,Cassava Mosaic Disease (CMD),CMD,Diagnostic : Cassava Mosaic Disease (CMD). Cette feuille de manioc présente des symptômes caractéristiques de cette condition.,False
/home/hounfodjidagba/learning/cassava/data/cmd_002/uuid_0f6a22a5-492e-4fd5-98c1-52ada643ef3c.jpg,CMD,CMD,Diagnostic : Cassava Mosaic Disease (CMD). Cette feuille de manioc présente des symptômes caractéristiques de cette condition.,True
/home/hounfodjidagba/learning/cassava/data/raw/train_images/832048490.jpg,Cassava Mosaic Disease (CMD),CMD,Diagnostic : Cassava Mosaic Disease (CMD). Cette feuille de manioc présente des symptômes caractéristiques de cette condition.,False
/home/hounfodjidagba/learning/cassava/data/raw/train_images/1668838224.jpg,Cassava Bacterial Blight (CBB),CBB,Diagnostic : Cassava Bacterial Blight (CBB). Cette feuille de manioc présente des symptômes caractéristiques de cette condition.,False
/home/hounfodjidagba/learning/cassava/data/raw/train_images/1369983957.jpg,Cassava Mosaic Disease (CMD),CMD,Diagnostic : Cassava Mosaic Disease (CMD). Cette feuille de manioc présente des symptômes caractéristiques de cette condition.,False
/home/hounfodjidagba/learning/cassava/data/cbsd-1/1617099977948.jpg,Cassava Brown Streak Disease (CBSD),CBSD,Diagnostic : Cassava Brown Streak Disease (CBSD). Cette feuille de manioc présente des symptômes caractéristiques de cette condition.,False
/home/hounfodjidagba/learning/cassava/data/raw/train_images/703084766.jpg,Cassava Mosaic Disease (CMD),CMD,Diagnostic : Cassava Mosaic Disease (CMD). Cette feuille de manioc présente des symptômes caractéristiques de cette condition.,False
/home/hounfodjidagba/learning/cassava/data/cassava/train/cgm/train-cgm-161.jpg,Cassava Green Mottle (CGM),CGM,Diagnostic : Cassava Green Mottle (CGM). Cette feuille de manioc présente des symptômes caractéristiques de cette condition.,False
/home/hounfodjidagba/learning/cassava/data/raw/train_images/1795274640.jpg,CMD,CMD,Diagnostic : Cassava Mosaic Disease (CMD). Cette feuille de manioc présente des symptômes caractéristiques de cette condition.,True
/home/hounfodjidagba/learning/cassava/data/cmd_003/uuid_5a8ba7f4-1222-4f9f-ae92-6cbde5b76789.jpg,Cassava Mosaic Disease (CMD),CMD,Diagnostic : Cassava Mosaic Disease (CMD). Cette feuille de manioc présente des symptômes caractéristiques de cette condition.,False
/home/hounfodjidagba/learning/cassava/data/raw/train_images/3304963858.jpg,Cassava Green Mottle (CGM),CGM,Diagnostic : Cassava Green Mottle (CGM). Cette feuille de manioc présente des symptômes caractéristiques de cette condition.,False
/home/hounfodjidagba/learning/cassava/data/raw/train_images/1803764964.jpg,Cassava Mosaic Disease (CMD),CMD,Diagnostic : Cassava Mosaic Disease (CMD). Cette feuille de manioc présente des symptômes caractéristiques de cette condition.,False
/home/hounfodjidagba/learning/cassava/data/raw/train_images/473823142.jpg,Healthy,Healthy,Diagnostic : Healthy. Cette feuille de manioc présente des symptômes caractéristiques de cette condition.,True
/home/hounfodjidagba/learning/cassava/data/raw/train_images/3153425687.jpg,CMD,CMD,Diagnostic : Cassava Mosaic Disease (CMD). Cette feuille de manioc présente des symptômes caractéristiques de cette condition.,True
/home/hounfodjidagba/learning/cassava/data/raw/train_images/2156160232.jpg,Cassava Green Mottle (CGM),CBSD,Diagnostic : Cassava Brown Streak Disease (CBSD). Cette feuille de manioc présente des symptômes caractéristiques de cette condition.,False
/home/hounfodjidagba/learning/cassava/data/raw/train_images/2505719500.jpg,Healthy,Healthy,Diagnostic : Healthy. Cette feuille de manioc présente des symptômes caractéristiques de cette condition.,True
/home/hounfodjidagba/learning/cassava/data/raw/train_images/3882757126.jpg,Cassava Bacterial Blight (CBB),Healthy,Diagnostic : Healthy. Cette feuille de manioc présente des symptômes caractéristiques de cette condition.,False
/home/hounfodjidagba/learning/cassava/data/cbsd-1/1617091672829.jpg,Cassava Brown Streak Disease (CBSD),CBSD,Diagnostic : Cassava Brown Streak Disease (CBSD). Cette feuille de manioc présente des symptômes caractéristiques de cette condition.,False
/home/hounfodjidagba/learning/cassava/data/raw/train_images/199380974.jpg,CGM,Healthy,Diagnostic : Healthy. Cette feuille de manioc présente des symptômes caractéristiques de cette condition.,False
/home/hounfodjidagba/learning/cassava/data/raw/train_images/2312410687.jpg,Healthy,Healthy,Diagnostic : Healthy. Cette feuille de manioc présente des symptômes caractéristiques de cette condition.,True
/home/hounfodjidagba/learning/cassava/data/cassava/train/cbsd/train-cbsd-1168.jpg,CBSD,CBSD,Diagnostic : Cassava Brown Streak Disease (CBSD). Cette feuille de manioc présente des symptômes caractéristiques de cette condition.,True
/home/hounfodjidagba/learning/cassava/data/cassava/train/cmd/train-cmd-2090.jpg,Cassava Mosaic Disease (CMD),CMD,Diagnostic : Cassava Mosaic Disease (CMD). Cette feuille de manioc présente des symptômes caractéristiques de cette condition.,False
/home/hounfodjidagba/learning/cassava/data/cbsd-1/1617095639451.jpg,CBSD,CBSD,Diagnostic : Cassava Brown Streak Disease (CBSD). Cette feuille de manioc présente des symptômes caractéristiques de cette condition.,True
/home/hounfodjidagba/learning/cassava/data/cbsd-2/1617176415226.jpg,Cassava Brown Streak Disease (CBSD),CBSD,Diagnostic : Cassava Brown Streak Disease (CBSD). Cette feuille de manioc présente des symptômes caractéristiques de cette condition.,False
/home/hounfodjidagba/learning/cassava/data/raw/train_images/1071136061.jpg,Cassava Mosaic Disease (CMD),CMD,Diagnostic : Cassava Mosaic Disease (CMD). Cette feuille de manioc présente des symptômes caractéristiques de cette condition.,False
/home/hounfodjidagba/learning/cassava/data/raw/train_images/302604113.jpg,CMD,CMD,Diagnostic : Cassava Mosaic Disease (CMD). Cette feuille de manioc présente des symptômes caractéristiques de cette condition.,True
/home/hounfodjidagba/learning/cassava/data/raw/train_images/2363265177.jpg,Cassava Bacterial Blight (CBB),CBB,Diagnostic : Cassava Bacterial Blight (CBB). Cette feuille de manioc présente des symptômes caractéristiques de cette condition.,False
/home/hounfodjidagba/learning/cassava/data/raw/train_images/4153465850.jpg,Cassava Mosaic Disease (CMD),CMD,Diagnostic : Cassava Mosaic Disease (CMD). Cette feuille de manioc présente des symptômes caractéristiques de cette condition.,False
/home/hounfodjidagba/learning/cassava/data/cassava/train/cmd/train-cmd-809.jpg,CMD,Healthy,Diagnostic : Healthy. Cette feuille de manioc présente des symptômes caractéristiques de cette condition.,False
/home/hounfodjidagba/learning/cassava/data/raw/train_images/828383067.jpg,Cassava Mosaic Disease (CMD),CMD,Diagnostic : Cassava Mosaic Disease (CMD). Cette feuille de manioc présente des symptômes caractéristiques de cette condition.,False
/home/hounfodjidagba/learning/cassava/data/raw/train_images/3741620114.jpg,CMD,CMD,Diagnostic : Cassava Mosaic Disease (CMD). Cette feuille de manioc présente des symptômes caractéristiques de cette condition.,True
/home/hounfodjidagba/learning/cassava/data/cbsd-1/1617095662033.jpg,CBSD,CBSD,Diagnostic : Cassava Brown Streak Disease (CBSD). Cette feuille de manioc présente des symptômes caractéristiques de cette condition.,True
/home/hounfodjidagba/learning/cassava/data/cassava/train/cbb/train-cbb-59.jpg,Cassava Bacterial Blight (CBB),CMD,Diagnostic : Cassava Mosaic Disease (CMD). Cette feuille de manioc présente des symptômes caractéristiques de cette condition.,False
/home/hounfodjidagba/learning/cassava/data/raw/train_images/2478018732.jpg,Healthy,CBSD,Diagnostic : Cassava Brown Streak Disease (CBSD). Cette feuille de manioc présente des symptômes caractéristiques de cette condition.,False
/home/hounfodjidagba/learning/cassava/data/raw/train_images/3773282185.jpg,Cassava Mosaic Disease (CMD),CMD,Diagnostic : Cassava Mosaic Disease (CMD). Cette feuille de manioc présente des symptômes caractéristiques de cette condition.,False
/home/hounfodjidagba/learning/cassava/data/cassava/train/cbb/train-cbb-76.jpg,CBB,CBB,Diagnostic : Cassava Bacterial Blight (CBB). Cette feuille de manioc présente des symptômes caractéristiques de cette condition.,True
/home/hounfodjidagba/learning/cassava/data/healthy_002/1616746919218.jpg,Healthy,Healthy,Diagnostic : Healthy. Cette feuille de manioc présente des symptômes caractéristiques de cette condition.,True
/home/hounfodjidagba/learning/cassava/data/raw/train_images/873095310.jpg,Cassava Green Mottle (CGM),CGM,Diagnostic : Cassava Green Mottle (CGM). Cette feuille de manioc présente des symptômes caractéristiques de cette condition.,False
/home/hounfodjidagba/learning/cassava/data/raw/train_images/1166973570.jpg,CBB,CBSD,Diagnostic : Cassava Brown Streak Disease (CBSD). Cette feuille de manioc présente des symptômes caractéristiques de cette condition.,False
/home/hounfodjidagba/learning/cassava/data/raw/train_images/2769467220.jpg,Cassava Mosaic Disease (CMD),CGM,Diagnostic : Cassava Green Mottle (CGM). Cette feuille de manioc présente des symptômes caractéristiques de cette condition.,False
/home/hounfodjidagba/learning/cassava/data/raw/train_images/1659810136.jpg,Cassava Mosaic Disease (CMD),CMD,Diagnostic : Cassava Mosaic Disease (CMD). Cette feuille de manioc présente des symptômes caractéristiques de cette condition.,False
/home/hounfodjidagba/learning/cassava/data/raw/train_images/3074981220.jpg,Cassava Bacterial Blight (CBB),CBB,Diagnostic : Cassava Bacterial Blight (CBB). Cette feuille de manioc présente des symptômes caractéristiques de cette condition.,False
/home/hounfodjidagba/learning/cassava/data/raw/train_images/224258371.jpg,Cassava Mosaic Disease (CMD),CMD,Diagnostic : Cassava Mosaic Disease (CMD). Cette feuille de manioc présente des symptômes caractéristiques de cette condition.,False
/home/hounfodjidagba/learning/cassava/data/raw/train_images/1005695738.jpg,Cassava Mosaic Disease (CMD),CMD,Diagnostic : Cassava Mosaic Disease (CMD). Cette feuille de manioc présente des symptômes caractéristiques de cette condition.,False
/home/hounfodjidagba/learning/cassava/data/raw/train_images/3027608054.jpg,Healthy,CBSD,Diagnostic : Cassava Brown Streak Disease (CBSD). Cette feuille de manioc présente des symptômes caractéristiques de cette condition.,False
/home/hounfodjidagba/learning/cassava/data/raw/train_images/3462734747.jpg,Cassava Green Mottle (CGM),Healthy,Diagnostic : Healthy. Cette feuille de manioc présente des symptômes caractéristiques de cette condition.,False
/home/hounfodjidagba/learning/cassava/data/raw/train_images/272170079.jpg,Cassava Bacterial Blight (CBB),Healthy,Diagnostic : Healthy. Cette feuille de manioc présente des symptômes caractéristiques de cette condition.,False
/home/hounfodjidagba/learning/cassava/data/raw/train_images/1517468243.jpg,Cassava Brown Streak Disease (CBSD),CGM,Diagnostic : Cassava Green Mottle (CGM). Cette feuille de manioc présente des symptômes caractéristiques de cette condition.,False
/home/hounfodjidagba/learning/cassava/data/raw/train_images/127742871.jpg,Healthy,Healthy,Diagnostic : Healthy. Cette feuille de manioc présente des symptômes caractéristiques de cette condition.,True
/home/hounfodjidagba/learning/cassava/data/raw/train_images/3506949016.jpg,CGM,CGM,Diagnostic : Cassava Green Mottle (CGM). Cette feuille de manioc présente des symptômes caractéristiques de cette condition.,True
/home/hounfodjidagba/learning/cassava/data/raw/train_images/3246576507.jpg,Healthy,CBSD,Diagnostic : Cassava Brown Streak Disease (CBSD). Cette feuille de manioc présente des symptômes caractéristiques de cette condition.,False
/home/hounfodjidagba/learning/cassava/data/cassava/train/cmd/train-cmd-532.jpg,CMD,CMD,Diagnostic : Cassava Mosaic Disease (CMD). Cette feuille de manioc présente des symptômes caractéristiques de cette condition.,True
/home/hounfodjidagba/learning/cassava/data/raw/train_images/4153984677.jpg,CBSD,CBB,Diagnostic : Cassava Bacterial Blight (CBB). Cette feuille de manioc présente des symptômes caractéristiques de cette condition.,False
/home/hounfodjidagba/learning/cassava/data/raw/train_images/4204435196.jpg,Cassava Bacterial Blight (CBB),CBB,Diagnostic : Cassava Bacterial Blight (CBB). Cette feuille de manioc présente des symptômes caractéristiques de cette condition.,False
/home/hounfodjidagba/learning/cassava/data/cassava/train/cbsd/train-cbsd-1153.jpg,Cassava Brown Streak Disease (CBSD),CBSD,Diagnostic : Cassava Brown Streak Disease (CBSD). Cette feuille de manioc présente des symptômes caractéristiques de cette condition.,False
/home/hounfodjidagba/learning/cassava/data/raw/train_images/2034410033.jpg,Cassava Bacterial Blight (CBB),CBB,Diagnostic : Cassava Bacterial Blight (CBB). Cette feuille de manioc présente des symptômes caractéristiques de cette condition.,False
/home/hounfodjidagba/learning/cassava/data/raw/train_images/1359809318.jpg,Healthy,Healthy,Diagnostic : Healthy. Cette feuille de manioc présente des symptômes caractéristiques de cette condition.,True
/home/hounfodjidagba/learning/cassava/data/cassava/train/cbb/train-cbb-235.jpg,Cassava Bacterial Blight (CBB),CBB,Diagnostic : Cassava Bacterial Blight (CBB). Cette feuille de manioc présente des symptômes caractéristiques de cette condition.,False
/home/hounfodjidagba/learning/cassava/data/raw/train_images/1648069139.jpg,CMD,CMD,Diagnostic : Cassava Mosaic Disease (CMD). Cette feuille de manioc présente des symptômes caractéristiques de cette condition.,True
/home/hounfodjidagba/learning/cassava/data/cassava/train/cmd/train-cmd-119.jpg,CMD,CMD,Diagnostic : Cassava Mosaic Disease (CMD). Cette feuille de manioc présente des symptômes caractéristiques de cette condition.,True
/home/hounfodjidagba/learning/cassava/data/raw/train_images/4153204450.jpg,Cassava Bacterial Blight (CBB),CMD,Diagnostic : Cassava Mosaic Disease (CMD). Cette feuille de manioc présente des symptômes caractéristiques de cette condition.,False
/home/hounfodjidagba/learning/cassava/data/cbsd-2/1617176589976.jpg,Cassava Brown Streak Disease (CBSD),CBSD,Diagnostic : Cassava Brown Streak Disease (CBSD). Cette feuille de manioc présente des symptômes caractéristiques de cette condition.,False
/home/hounfodjidagba/learning/cassava/data/cassava/train/cgm/train-cgm-30.jpg,Cassava Green Mottle (CGM),CBSD,Diagnostic : Cassava Brown Streak Disease (CBSD). Cette feuille de manioc présente des symptômes caractéristiques de cette condition.,False
/home/hounfodjidagba/learning/cassava/data/raw/train_images/429832892.jpg,Cassava Bacterial Blight (CBB),CBB,Diagnostic : Cassava Bacterial Blight (CBB). Cette feuille de manioc présente des symptômes caractéristiques de cette condition.,False
/home/hounfodjidagba/learning/cassava/data/raw/train_images/102485576.jpg,CBB,CMD,Diagnostic : Cassava Mosaic Disease (CMD). Cette feuille de manioc présente des symptômes caractéristiques de cette condition.,False
/home/hounfodjidagba/learning/cassava/data/raw/train_images/1270368553.jpg,CMD,CMD,Diagnostic : Cassava Mosaic Disease (CMD). Cette feuille de manioc présente des symptômes caractéristiques de cette condition.,True
/home/hounfodjidagba/learning/cassava/data/raw/train_images/2126394627.jpg,CMD,CMD,Diagnostic : Cassava Mosaic Disease (CMD). Cette feuille de manioc présente des symptômes caractéristiques de cette condition.,True
/home/hounfodjidagba/learning/cassava/data/raw/train_images/2763991113.jpg,Cassava Mosaic Disease (CMD),CMD,Diagnostic : Cassava Mosaic Disease (CMD). Cette feuille de manioc présente des symptômes caractéristiques de cette condition.,False
/home/hounfodjidagba/learning/cassava/data/cmd_001/1616998787607.jpg,CMD,CMD,Diagnostic : Cassava Mosaic Disease (CMD). Cette feuille de manioc présente des symptômes caractéristiques de cette condition.,True
/home/hounfodjidagba/learning/cassava/data/raw/train_images/3775318400.jpg,Cassava Mosaic Disease (CMD),CMD,Diagnostic : Cassava Mosaic Disease (CMD). Cette feuille de manioc présente des symptômes caractéristiques de cette condition.,False
/home/hounfodjidagba/learning/cassava/data/raw/train_images/1097928870.jpg,Cassava Mosaic Disease (CMD),Healthy,Diagnostic : Healthy. Cette feuille de manioc présente des symptômes caractéristiques de cette condition.,False
/home/hounfodjidagba/learning/cassava/data/raw/train_images/1837622218.jpg,Cassava Bacterial Blight (CBB),CBB,Diagnostic : Cassava Bacterial Blight (CBB). Cette feuille de manioc présente des symptômes caractéristiques de cette condition.,False
/home/hounfodjidagba/learning/cassava/data/cbsd-1/1617095407410.jpg,CBSD,CBSD,Diagnostic : Cassava Brown Streak Disease (CBSD). Cette feuille de manioc présente des symptômes caractéristiques de cette condition.,True
/home/hounfodjidagba/learning/cassava/data/raw/train_images/458696690.jpg,Cassava Brown Streak Disease (CBSD),CBSD,Diagnostic : Cassava Brown Streak Disease (CBSD). Cette feuille de manioc présente des symptômes caractéristiques de cette condition.,False
/home/hounfodjidagba/learning/cassava/data/raw/train_images/3701977874.jpg,CGM,CMD,Diagnostic : Cassava Mosaic Disease (CMD). Cette feuille de manioc présente des symptômes caractéristiques de cette condition.,False
/home/hounfodjidagba/learning/cassava/data/raw/train_images/154044716.jpg,CMD,CMD,Diagnostic : Cassava Mosaic Disease (CMD). Cette feuille de manioc présente des symptômes caractéristiques de cette condition.,True
/home/hounfodjidagba/learning/cassava/data/cbsd-1/1616821791352.jpg,Cassava Brown Streak Disease (CBSD),CBSD,Diagnostic : Cassava Brown Streak Disease (CBSD). Cette feuille de manioc présente des symptômes caractéristiques de cette condition.,False
/home/hounfodjidagba/learning/cassava/data/healthy_001/1617181259302.jpg,Healthy,Healthy,Diagnostic : Healthy. Cette feuille de manioc présente des symptômes caractéristiques de cette condition.,True
/home/hounfodjidagba/learning/cassava/data/raw/train_images/987098553.jpg,CBSD,CBSD,Diagnostic : Cassava Brown Streak Disease (CBSD). Cette feuille de manioc présente des symptômes caractéristiques de cette condition.,True
/home/hounfodjidagba/learning/cassava/data/cassava/train/cmd/train-cmd-1263.jpg,CMD,CMD,Diagnostic : Cassava Mosaic Disease (CMD). Cette feuille de manioc présente des symptômes caractéristiques de cette condition.,True
/home/hounfodjidagba/learning/cassava/data/raw/train_images/1806336706.jpg,CBB,CBB,Diagnostic : Cassava Bacterial Blight (CBB). Cette feuille de manioc présente des symptômes caractéristiques de cette condition.,True
/home/hounfodjidagba/learning/cassava/data/cassava/train/cgm/train-cgm-749.jpg,CGM,CGM,Diagnostic : Cassava Green Mottle (CGM). Cette feuille de manioc présente des symptômes caractéristiques de cette condition.,True
/home/hounfodjidagba/learning/cassava/data/cbsd-2/1617170643239.jpg,Cassava Brown Streak Disease (CBSD),CBSD,Diagnostic : Cassava Brown Streak Disease (CBSD). Cette feuille de manioc présente des symptômes caractéristiques de cette condition.,False
/home/hounfodjidagba/learning/cassava/data/cassava/train/cbsd/train-cbsd-632.jpg,CBSD,CBSD,Diagnostic : Cassava Brown Streak Disease (CBSD). Cette feuille de manioc présente des symptômes caractéristiques de cette condition.,True
/home/hounfodjidagba/learning/cassava/data/raw/train_images/3465822891.jpg,CMD,CMD,Diagnostic : Cassava Mosaic Disease (CMD). Cette feuille de manioc présente des symptômes caractéristiques de cette condition.,True
/home/hounfodjidagba/learning/cassava/data/raw/train_images/332612328.jpg,Cassava Mosaic Disease (CMD),CMD,Diagnostic : Cassava Mosaic Disease (CMD). Cette feuille de manioc présente des symptômes caractéristiques de cette condition.,False
/home/hounfodjidagba/learning/cassava/data/cassava/train/cbsd/train-cbsd-76.jpg,Cassava Brown Streak Disease (CBSD),CBB,Diagnostic : Cassava Bacterial Blight (CBB). Cette feuille de manioc présente des symptômes caractéristiques de cette condition.,False
/home/hounfodjidagba/learning/cassava/data/cassava/train/cgm/train-cgm-319.jpg,CGM,CGM,Diagnostic : Cassava Green Mottle (CGM). Cette feuille de manioc présente des symptômes caractéristiques de cette condition.,True
/home/hounfodjidagba/learning/cassava/data/cassava/train/cgm/train-cgm-522.jpg,Cassava Green Mottle (CGM),CGM,Diagnostic : Cassava Green Mottle (CGM). Cette feuille de manioc présente des symptômes caractéristiques de cette condition.,False
/home/hounfodjidagba/learning/cassava/data/raw/train_images/1587173996.jpg,Healthy,CBB,Diagnostic : Cassava Bacterial Blight (CBB). Cette feuille de manioc présente des symptômes caractéristiques de cette condition.,False
/home/hounfodjidagba/learning/cassava/data/cmd_001/1616824707772.jpg,Cassava Mosaic Disease (CMD),CMD,Diagnostic : Cassava Mosaic Disease (CMD). Cette feuille de manioc présente des symptômes caractéristiques de cette condition.,False
/home/hounfodjidagba/learning/cassava/data/raw/train_images/874590064.jpg,Cassava Mosaic Disease (CMD),CMD,Diagnostic : Cassava Mosaic Disease (CMD). Cette feuille de manioc présente des symptômes caractéristiques de cette condition.,False
/home/hounfodjidagba/learning/cassava/data/raw/train_images/2143925311.jpg,Cassava Bacterial Blight (CBB),CBB,Diagnostic : Cassava Bacterial Blight (CBB). Cette feuille de manioc présente des symptômes caractéristiques de cette condition.,False
/home/hounfodjidagba/learning/cassava/data/cmd_001/1616757892967.jpg,CMD,CMD,Diagnostic : Cassava Mosaic Disease (CMD). Cette feuille de manioc présente des symptômes caractéristiques de cette condition.,True
/home/hounfodjidagba/learning/cassava/data/raw/train_images/3288339403.jpg,Cassava Mosaic Disease (CMD),CMD,Diagnostic : Cassava Mosaic Disease (CMD). Cette feuille de manioc présente des symptômes caractéristiques de cette condition.,False
/home/hounfodjidagba/learning/cassava/data/raw/train_images/4171429454.jpg,Healthy,Healthy,Diagnostic : Healthy. Cette feuille de manioc présente des symptômes caractéristiques de cette condition.,True
/home/hounfodjidagba/learning/cassava/data/cbsd-1/1617091546772.jpg,Cassava Brown Streak Disease (CBSD),CBSD,Diagnostic : Cassava Brown Streak Disease (CBSD). Cette feuille de manioc présente des symptômes caractéristiques de cette condition.,False
/home/hounfodjidagba/learning/cassava/data/raw/train_images/3360732633.jpg,CMD,CMD,Diagnostic : Cassava Mosaic Disease (CMD). Cette feuille de manioc présente des symptômes caractéristiques de cette condition.,True
/home/hounfodjidagba/learning/cassava/data/raw/train_images/181879072.jpg,CMD,CMD,Diagnostic : Cassava Mosaic Disease (CMD). Cette feuille de manioc présente des symptômes caractéristiques de cette condition.,True
/home/hounfodjidagba/learning/cassava/data/raw/train_images/2654037367.jpg,Healthy,CBSD,Diagnostic : Cassava Brown Streak Disease (CBSD). Cette feuille de manioc présente des symptômes caractéristiques de cette condition.,False
/home/hounfodjidagba/learning/cassava/data/raw/train_images/353746186.jpg,Cassava Bacterial Blight (CBB),CBSD,Diagnostic : Cassava Brown Streak Disease (CBSD). Cette feuille de manioc présente des symptômes caractéristiques de cette condition.,False
/home/hounfodjidagba/learning/cassava/data/cassava/train/cbb/train-cbb-165.jpg,Cassava Bacterial Blight (CBB),CBB,Diagnostic : Cassava Bacterial Blight (CBB). Cette feuille de manioc présente des symptômes caractéristiques de cette condition.,False
/home/hounfodjidagba/learning/cassava/data/raw/train_images/2476584583.jpg,CGM,CGM,Diagnostic : Cassava Green Mottle (CGM). Cette feuille de manioc présente des symptômes caractéristiques de cette condition.,True
/home/hounfodjidagba/learning/cassava/data/raw/train_images/1018433055.jpg,CMD,Healthy,Diagnostic : Healthy. Cette feuille de manioc présente des symptômes caractéristiques de cette condition.,False
/home/hounfodjidagba/learning/cassava/data/raw/train_images/3863749717.jpg,CGM,CGM,Diagnostic : Cassava Green Mottle (CGM). Cette feuille de manioc présente des symptômes caractéristiques de cette condition.,True
/home/hounfodjidagba/learning/cassava/data/cmd_001/1616925655235.jpg,Cassava Mosaic Disease (CMD),CMD,Diagnostic : Cassava Mosaic Disease (CMD). Cette feuille de manioc présente des symptômes caractéristiques de cette condition.,False
/home/hounfodjidagba/learning/cassava/data/raw/train_images/3594319135.jpg,CGM,CMD,Diagnostic : Cassava Mosaic Disease (CMD). Cette feuille de manioc présente des symptômes caractéristiques de cette condition.,False
/home/hounfodjidagba/learning/cassava/data/raw/train_images/1800771351.jpg,CMD,CMD,Diagnostic : Cassava Mosaic Disease (CMD). Cette feuille de manioc présente des symptômes caractéristiques de cette condition.,True
/home/hounfodjidagba/learning/cassava/data/raw/train_images/965919968.jpg,Cassava Bacterial Blight (CBB),CBB,Diagnostic : Cassava Bacterial Blight (CBB). Cette feuille de manioc présente des symptômes caractéristiques de cette condition.,False
/home/hounfodjidagba/learning/cassava/data/cbsd-1/1617099861143.jpg,CBSD,CBSD,Diagnostic : Cassava Brown Streak Disease (CBSD). Cette feuille de manioc présente des symptômes caractéristiques de cette condition.,True
/home/hounfodjidagba/learning/cassava/data/raw/train_images/1715814415.jpg,Healthy,Healthy,Diagnostic : Healthy. Cette feuille de manioc présente des symptômes caractéristiques de cette condition.,True
/home/hounfodjidagba/learning/cassava/data/raw/train_images/1663857014.jpg,CGM,Healthy,Diagnostic : Healthy. Cette feuille de manioc présente des symptômes caractéristiques de cette condition.,False
/home/hounfodjidagba/learning/cassava/data/cmd_001/1616830347461.jpg,Cassava Mosaic Disease (CMD),CMD,Diagnostic : Cassava Mosaic Disease (CMD). Cette feuille de manioc présente des symptômes caractéristiques de cette condition.,False
/home/hounfodjidagba/learning/cassava/data/cassava/train/cgm/train-cgm-424.jpg,CGM,CBSD,Diagnostic : Cassava Brown Streak Disease (CBSD). Cette feuille de manioc présente des symptômes caractéristiques de cette condition.,False
/home/hounfodjidagba/learning/cassava/data/raw/train_images/3393471148.jpg,Cassava Green Mottle (CGM),CGM,Diagnostic : Cassava Green Mottle (CGM). Cette feuille de manioc présente des symptômes caractéristiques de cette condition.,False
/home/hounfodjidagba/learning/cassava/data/cbsd-1/1617099615605.jpg,CBSD,CBSD,Diagnostic : Cassava Brown Streak Disease (CBSD). Cette feuille de manioc présente des symptômes caractéristiques de cette condition.,True
/home/hounfodjidagba/learning/cassava/data/raw/train_images/2703475066.jpg,CBB,CBB,Diagnostic : Cassava Bacterial Blight (CBB). Cette feuille de manioc présente des symptômes caractéristiques de cette condition.,True
/home/hounfodjidagba/learning/cassava/data/raw/train_images/3354624529.jpg,Cassava Mosaic Disease (CMD),CMD,Diagnostic : Cassava Mosaic Disease (CMD). Cette feuille de manioc présente des symptômes caractéristiques de cette condition.,False
/home/hounfodjidagba/learning/cassava/data/raw/train_images/2272287996.jpg,Cassava Mosaic Disease (CMD),CMD,Diagnostic : Cassava Mosaic Disease (CMD). Cette feuille de manioc présente des symptômes caractéristiques de cette condition.,False
/home/hounfodjidagba/learning/cassava/data/cassava/train/cgm/train-cgm-543.jpg,Cassava Green Mottle (CGM),CGM,Diagnostic : Cassava Green Mottle (CGM). Cette feuille de manioc présente des symptômes caractéristiques de cette condition.,False
/home/hounfodjidagba/learning/cassava/data/raw/train_images/1572165439.jpg,CMD,CMD,Diagnostic : Cassava Mosaic Disease (CMD). Cette feuille de manioc présente des symptômes caractéristiques de cette condition.,True
/home/hounfodjidagba/learning/cassava/data/raw/train_images/944255811.jpg,CBB,Healthy,Diagnostic : Healthy. Cette feuille de manioc présente des symptômes caractéristiques de cette condition.,False
/home/hounfodjidagba/learning/cassava/data/raw/train_images/19890423.jpg,Healthy,Healthy,Diagnostic : Healthy. Cette feuille de manioc présente des symptômes caractéristiques de cette condition.,True
/home/hounfodjidagba/learning/cassava/data/cmd_002/uuid_3b79fa50-393c-4452-b675-cd875dc16cdc.jpg,Cassava Mosaic Disease (CMD),CMD,Diagnostic : Cassava Mosaic Disease (CMD). Cette feuille de manioc présente des symptômes caractéristiques de cette condition.,False
/home/hounfodjidagba/learning/cassava/data/cassava/train/cbb/train-cbb-294.jpg,Cassava Bacterial Blight (CBB),CBB,Diagnostic : Cassava Bacterial Blight (CBB). Cette feuille de manioc présente des symptômes caractéristiques de cette condition.,False
/home/hounfodjidagba/learning/cassava/data/cmd_003/uuid_4b24bd55-360f-44ba-aa96-9d92063a5ef9.jpg,Cassava Mosaic Disease (CMD),CMD,Diagnostic : Cassava Mosaic Disease (CMD). Cette feuille de manioc présente des symptômes caractéristiques de cette condition.,False
/home/hounfodjidagba/learning/cassava/data/healthy_001/1617172693612.jpg,Healthy,Healthy,Diagnostic : Healthy. Cette feuille de manioc présente des symptômes caractéristiques de cette condition.,True
/home/hounfodjidagba/learning/cassava/data/cbsd-1/1617103237913.jpg,CBSD,CBSD,Diagnostic : Cassava Brown Streak Disease (CBSD). Cette feuille de manioc présente des symptômes caractéristiques de cette condition.,True
/home/hounfodjidagba/learning/cassava/data/raw/train_images/1269646820.jpg,CGM,CBB,Diagnostic : Cassava Bacterial Blight (CBB). Cette feuille de manioc présente des symptômes caractéristiques de cette condition.,False
/home/hounfodjidagba/learning/cassava/data/cmd_001/1616830625914.jpg,CMD,CMD,Diagnostic : Cassava Mosaic Disease (CMD). Cette feuille de manioc présente des symptômes caractéristiques de cette condition.,True
/home/hounfodjidagba/learning/cassava/data/cbsd-1/1617097310826.jpg,Cassava Brown Streak Disease (CBSD),CBSD,Diagnostic : Cassava Brown Streak Disease (CBSD). Cette feuille de manioc présente des symptômes caractéristiques de cette condition.,False
/home/hounfodjidagba/learning/cassava/data/raw/train_images/2889124481.jpg,Cassava Mosaic Disease (CMD),CGM,Diagnostic : Cassava Green Mottle (CGM). Cette feuille de manioc présente des symptômes caractéristiques de cette condition.,False
/home/hounfodjidagba/learning/cassava/data/healthy_001/1617181322800.jpg,Healthy,Healthy,Diagnostic : Healthy. Cette feuille de manioc présente des symptômes caractéristiques de cette condition.,True
/home/hounfodjidagba/learning/cassava/data/cassava/train/cbb/train-cbb-91.jpg,CBB,CBB,Diagnostic : Cassava Bacterial Blight (CBB). Cette feuille de manioc présente des symptômes caractéristiques de cette condition.,True
/home/hounfodjidagba/learning/cassava/data/raw/train_images/225654531.jpg,CGM,CGM,Diagnostic : Cassava Green Mottle (CGM). Cette feuille de manioc présente des symptômes caractéristiques de cette condition.,True
/home/hounfodjidagba/learning/cassava/data/cmd_003/uuid_6cb14476-fb0d-49d4-a92e-a557effd06e0.jpg,Cassava Mosaic Disease (CMD),CMD,Diagnostic : Cassava Mosaic Disease (CMD). Cette feuille de manioc présente des symptômes caractéristiques de cette condition.,False
/home/hounfodjidagba/learning/cassava/data/raw/train_images/2059527396.jpg,Healthy,Healthy,Diagnostic : Healthy. Cette feuille de manioc présente des symptômes caractéristiques de cette condition.,True
/home/hounfodjidagba/learning/cassava/data/cmd_003/uuid_6f15b4a8-2eaa-4fe2-ad99-fa73ea796550.jpg,Cassava Mosaic Disease (CMD),CMD,Diagnostic : Cassava Mosaic Disease (CMD). Cette feuille de manioc présente des symptômes caractéristiques de cette condition.,False
/home/hounfodjidagba/learning/cassava/data/cmd_002/uuid_3c8895c8-6baf-4034-9e47-02edc82dd89f.jpg,CMD,CMD,Diagnostic : Cassava Mosaic Disease (CMD). Cette feuille de manioc présente des symptômes caractéristiques de cette condition.,True
/home/hounfodjidagba/learning/cassava/data/raw/train_images/1946708779.jpg,CMD,CMD,Diagnostic : Cassava Mosaic Disease (CMD). Cette feuille de manioc présente des symptômes caractéristiques de cette condition.,True
/home/hounfodjidagba/learning/cassava/data/cassava/train/cmd/train-cmd-1212.jpg,Cassava Mosaic Disease (CMD),CMD,Diagnostic : Cassava Mosaic Disease (CMD). Cette feuille de manioc présente des symptômes caractéristiques de cette condition.,False
/home/hounfodjidagba/learning/cassava/data/raw/train_images/1285287595.jpg,Cassava Brown Streak Disease (CBSD),CBSD,Diagnostic : Cassava Brown Streak Disease (CBSD). Cette feuille de manioc présente des symptômes caractéristiques de cette condition.,False
/home/hounfodjidagba/learning/cassava/data/raw/train_images/2888884309.jpg,CMD,CMD,Diagnostic : Cassava Mosaic Disease (CMD). Cette feuille de manioc présente des symptômes caractéristiques de cette condition.,True
/home/hounfodjidagba/learning/cassava/data/raw/train_images/4064456640.jpg,CMD,CMD,Diagnostic : Cassava Mosaic Disease (CMD). Cette feuille de manioc présente des symptômes caractéristiques de cette condition.,True
/home/hounfodjidagba/learning/cassava/data/raw/train_images/1968909684.jpg,CGM,CGM,Diagnostic : Cassava Green Mottle (CGM). Cette feuille de manioc présente des symptômes caractéristiques de cette condition.,True
/home/hounfodjidagba/learning/cassava/data/raw/train_images/2468085000.jpg,Cassava Mosaic Disease (CMD),CMD,Diagnostic : Cassava Mosaic Disease (CMD). Cette feuille de manioc présente des symptômes caractéristiques de cette condition.,False
/home/hounfodjidagba/learning/cassava/data/raw/train_images/4239074071.jpg,Cassava Brown Streak Disease (CBSD),CBSD,Diagnostic : Cassava Brown Streak Disease (CBSD). Cette feuille de manioc présente des symptômes caractéristiques de cette condition.,False
/home/hounfodjidagba/learning/cassava/data/raw/train_images/284270936.jpg,Healthy,Healthy,Diagnostic : Healthy. Cette feuille de manioc présente des symptômes caractéristiques de cette condition.,True
/home/hounfodjidagba/learning/cassava/data/cmd_001/1616911116835.jpg,CMD,CMD,Diagnostic : Cassava Mosaic Disease (CMD). Cette feuille de manioc présente des symptômes caractéristiques de cette condition.,True
/home/hounfodjidagba/learning/cassava/data/cmd_002/uuid_3c485968-b373-438d-9a56-70a9a47e78dd.jpg,Cassava Mosaic Disease (CMD),CMD,Diagnostic : Cassava Mosaic Disease (CMD). Cette feuille de manioc présente des symptômes caractéristiques de cette condition.,False
/home/hounfodjidagba/learning/cassava/data/cbsd-2/1617170848868.jpg,CBSD,CBSD,Diagnostic : Cassava Brown Streak Disease (CBSD). Cette feuille de manioc présente des symptômes caractéristiques de cette condition.,True
/home/hounfodjidagba/learning/cassava/data/cmd_002/uuid_0c08b218-e892-4a3b-8ed4-54a9346fa124.jpg,CMD,CMD,Diagnostic : Cassava Mosaic Disease (CMD). Cette feuille de manioc présente des symptômes caractéristiques de cette condition.,True
/home/hounfodjidagba/learning/cassava/data/raw/train_images/3853081007.jpg,Cassava Mosaic Disease (CMD),CMD,Diagnostic : Cassava Mosaic Disease (CMD). Cette feuille de manioc présente des symptômes caractéristiques de cette condition.,False
/home/hounfodjidagba/learning/cassava/data/cmd_004/uuid_c97d734d-d63e-4392-bed8-d97c1100aa25.jpg,Cassava Mosaic Disease (CMD),CMD,Diagnostic : Cassava Mosaic Disease (CMD). Cette feuille de manioc présente des symptômes caractéristiques de cette condition.,False
/home/hounfodjidagba/learning/cassava/data/cmd_003/uuid_4df7a26f-12ec-4c74-b43c-cb13f0e0e8ad.jpg,Cassava Mosaic Disease (CMD),CMD,Diagnostic : Cassava Mosaic Disease (CMD). Cette feuille de manioc présente des symptômes caractéristiques de cette condition.,False
/home/hounfodjidagba/learning/cassava/data/cbsd-1/1617104560698.jpg,CBSD,CBSD,Diagnostic : Cassava Brown Streak Disease (CBSD). Cette feuille de manioc présente des symptômes caractéristiques de cette condition.,True
/home/hounfodjidagba/learning/cassava/data/raw/train_images/709094492.jpg,Cassava Mosaic Disease (CMD),CMD,Diagnostic : Cassava Mosaic Disease (CMD). Cette feuille de manioc présente des symptômes caractéristiques de cette condition.,False
/home/hounfodjidagba/learning/cassava/data/raw/train_images/1242176689.jpg,Cassava Mosaic Disease (CMD),CMD,Diagnostic : Cassava Mosaic Disease (CMD). Cette feuille de manioc présente des symptômes caractéristiques de cette condition.,False
/home/hounfodjidagba/learning/cassava/data/healthy_001/1616768361476.jpg,Healthy,CBSD,Diagnostic : Cassava Brown Streak Disease (CBSD). Cette feuille de manioc présente des symptômes caractéristiques de cette condition.,False
/home/hounfodjidagba/learning/cassava/data/cmd_003/uuid_5da2a1a4-8aed-4e9b-8eda-1b4eebf98d5e.jpg,CMD,CMD,Diagnostic : Cassava Mosaic Disease (CMD). Cette feuille de manioc présente des symptômes caractéristiques de cette condition.,True
/home/hounfodjidagba/learning/cassava/data/raw/train_images/2907281169.jpg,CMD,CMD,Diagnostic : Cassava Mosaic Disease (CMD). Cette feuille de manioc présente des symptômes caractéristiques de cette condition.,True
/home/hounfodjidagba/learning/cassava/data/raw/train_images/2041011559.jpg,Cassava Mosaic Disease (CMD),CMD,Diagnostic : Cassava Mosaic Disease (CMD). Cette feuille de manioc présente des symptômes caractéristiques de cette condition.,False
/home/hounfodjidagba/learning/cassava/data/raw/train_images/1943654053.jpg,CMD,CMD,Diagnostic : Cassava Mosaic Disease (CMD). Cette feuille de manioc présente des symptômes caractéristiques de cette condition.,True
/home/hounfodjidagba/learning/cassava/data/raw/train_images/1474472052.jpg,CBB,CBB,Diagnostic : Cassava Bacterial Blight (CBB). Cette feuille de manioc présente des symptômes caractéristiques de cette condition.,True
/home/hounfodjidagba/learning/cassava/data/raw/train_images/4166830303.jpg,Cassava Brown Streak Disease (CBSD),CBB,Diagnostic : Cassava Bacterial Blight (CBB). Cette feuille de manioc présente des symptômes caractéristiques de cette condition.,False
/home/hounfodjidagba/learning/cassava/data/cmd_002/uuid_0a3c7e1b-64db-4d00-9a6b-80484a22b456.jpg,Cassava Mosaic Disease (CMD),CMD,Diagnostic : Cassava Mosaic Disease (CMD). Cette feuille de manioc présente des symptômes caractéristiques de cette condition.,False
/home/hounfodjidagba/learning/cassava/data/cmd_004/uuid_e119bc74-31fd-4668-aa42-d408d10790b7.jpg,CMD,CMD,Diagnostic : Cassava Mosaic Disease (CMD). Cette feuille de manioc présente des symptômes caractéristiques de cette condition.,True
/home/hounfodjidagba/learning/cassava/data/cassava/train/cbsd/train-cbsd-355.jpg,CBSD,CBSD,Diagnostic : Cassava Brown Streak Disease (CBSD). Cette feuille de manioc présente des symptômes caractéristiques de cette condition.,True
/home/hounfodjidagba/learning/cassava/data/raw/train_images/3704692183.jpg,Cassava Green Mottle (CGM),CGM,Diagnostic : Cassava Green Mottle (CGM). Cette feuille de manioc présente des symptômes caractéristiques de cette condition.,False
/home/hounfodjidagba/learning/cassava/data/cassava/train/cgm/train-cgm-378.jpg,Cassava Green Mottle (CGM),CGM,Diagnostic : Cassava Green Mottle (CGM). Cette feuille de manioc présente des symptômes caractéristiques de cette condition.,False
/home/hounfodjidagba/learning/cassava/data/cbsd-1/1617099479532.jpg,Cassava Brown Streak Disease (CBSD),CBSD,Diagnostic : Cassava Brown Streak Disease (CBSD). Cette feuille de manioc présente des symptômes caractéristiques de cette condition.,False
/home/hounfodjidagba/learning/cassava/data/raw/train_images/2200310457.jpg,Cassava Mosaic Disease (CMD),CMD,Diagnostic : Cassava Mosaic Disease (CMD). Cette feuille de manioc présente des symptômes caractéristiques de cette condition.,False
/home/hounfodjidagba/learning/cassava/data/raw/train_images/736834551.jpg,Healthy,CBB,Diagnostic : Cassava Bacterial Blight (CBB). Cette feuille de manioc présente des symptômes caractéristiques de cette condition.,False
/home/hounfodjidagba/learning/cassava/data/raw/train_images/3485891168.jpg,Cassava Bacterial Blight (CBB),CBB,Diagnostic : Cassava Bacterial Blight (CBB). Cette feuille de manioc présente des symptômes caractéristiques de cette condition.,False
/home/hounfodjidagba/learning/cassava/data/raw/train_images/2569445436.jpg,Healthy,CBSD,Diagnostic : Cassava Brown Streak Disease (CBSD). Cette feuille de manioc présente des symptômes caractéristiques de cette condition.,False
/home/hounfodjidagba/learning/cassava/data/raw/train_images/239823668.jpg,Healthy,Healthy,Diagnostic : Healthy. Cette feuille de manioc présente des symptômes caractéristiques de cette condition.,True
/home/hounfodjidagba/learning/cassava/data/cbsd-1/1617099571626.jpg,Cassava Brown Streak Disease (CBSD),CBSD,Diagnostic : Cassava Brown Streak Disease (CBSD). Cette feuille de manioc présente des symptômes caractéristiques de cette condition.,False
/home/hounfodjidagba/learning/cassava/data/raw/train_images/2023813792.jpg,Cassava Bacterial Blight (CBB),CBB,Diagnostic : Cassava Bacterial Blight (CBB). Cette feuille de manioc présente des symptômes caractéristiques de cette condition.,False
/home/hounfodjidagba/learning/cassava/data/cbsd-1/1617103386120.jpg,Cassava Brown Streak Disease (CBSD),CBSD,Diagnostic : Cassava Brown Streak Disease (CBSD). Cette feuille de manioc présente des symptômes caractéristiques de cette condition.,False
/home/hounfodjidagba/learning/cassava/data/raw/train_images/325567514.jpg,Healthy,Healthy,Diagnostic : Healthy. Cette feuille de manioc présente des symptômes caractéristiques de cette condition.,True
/home/hounfodjidagba/learning/cassava/data/raw/train_images/1926101032.jpg,CMD,CMD,Diagnostic : Cassava Mosaic Disease (CMD). Cette feuille de manioc présente des symptômes caractéristiques de cette condition.,True
/home/hounfodjidagba/learning/cassava/data/raw/train_images/2698706438.jpg,CGM,CMD,Diagnostic : Cassava Mosaic Disease (CMD). Cette feuille de manioc présente des symptômes caractéristiques de cette condition.,False
/home/hounfodjidagba/learning/cassava/data/raw/train_images/3809607157.jpg,Cassava Green Mottle (CGM),CGM,Diagnostic : Cassava Green Mottle (CGM). Cette feuille de manioc présente des symptômes caractéristiques de cette condition.,False
/home/hounfodjidagba/learning/cassava/data/raw/train_images/915934159.jpg,CMD,CMD,Diagnostic : Cassava Mosaic Disease (CMD). Cette feuille de manioc présente des symptômes caractéristiques de cette condition.,True
/home/hounfodjidagba/learning/cassava/data/raw/train_images/2455232179.jpg,Healthy,Healthy,Diagnostic : Healthy. Cette feuille de manioc présente des symptômes caractéristiques de cette condition.,True
/home/hounfodjidagba/learning/cassava/data/raw/train_images/1480331459.jpg,CMD,CMD,Diagnostic : Cassava Mosaic Disease (CMD). Cette feuille de manioc présente des symptômes caractéristiques de cette condition.,True
/home/hounfodjidagba/learning/cassava/data/raw/train_images/2496761158.jpg,CGM,CBSD,Diagnostic : Cassava Brown Streak Disease (CBSD). Cette feuille de manioc présente des symptômes caractéristiques de cette condition.,False
/home/hounfodjidagba/learning/cassava/data/cmd_004/uuid_50020812-0148-4a22-879f-0400490bce5e.jpg,CMD,CMD,Diagnostic : Cassava Mosaic Disease (CMD). Cette feuille de manioc présente des symptômes caractéristiques de cette condition.,True
/home/hounfodjidagba/learning/cassava/data/raw/train_images/3178427125.jpg,CBSD,CMD,Diagnostic : Cassava Mosaic Disease (CMD). Cette feuille de manioc présente des symptômes caractéristiques de cette condition.,False
/home/hounfodjidagba/learning/cassava/data/cmd_004/uuid_8501b7c5-210f-4775-9208-c4028bbd9cb8.jpg,CMD,CMD,Diagnostic : Cassava Mosaic Disease (CMD). Cette feuille de manioc présente des symptômes caractéristiques de cette condition.,True
/home/hounfodjidagba/learning/cassava/data/cassava/train/cgm/train-cgm-554.jpg,CGM,CGM,Diagnostic : Cassava Green Mottle (CGM). Cette feuille de manioc présente des symptômes caractéristiques de cette condition.,True
/home/hounfodjidagba/learning/cassava/data/cmd_003/uuid_6d3b6d53-d37b-476d-b33f-c1dcfc060562.jpg,Cassava Mosaic Disease (CMD),CMD,Diagnostic : Cassava Mosaic Disease (CMD). Cette feuille de manioc présente des symptômes caractéristiques de cette condition.,False
/home/hounfodjidagba/learning/cassava/data/raw/train_images/2423665630.jpg,CBSD,CBSD,Diagnostic : Cassava Brown Streak Disease (CBSD). Cette feuille de manioc présente des symptômes caractéristiques de cette condition.,True
/home/hounfodjidagba/learning/cassava/data/cassava/train/cbb/train-cbb-57.jpg,Cassava Bacterial Blight (CBB),CMD,Diagnostic : Cassava Mosaic Disease (CMD). Cette feuille de manioc présente des symptômes caractéristiques de cette condition.,False
/home/hounfodjidagba/learning/cassava/data/cmd_005/uuid_29d222f0-c05a-48e3-ae4d-38c68b3b802d.jpg,CMD,CMD,Diagnostic : Cassava Mosaic Disease (CMD). Cette feuille de manioc présente des symptômes caractéristiques de cette condition.,True
/home/hounfodjidagba/learning/cassava/data/raw/train_images/562337477.jpg,Healthy,CGM,Diagnostic : Cassava Green Mottle (CGM). Cette feuille de manioc présente des symptômes caractéristiques de cette condition.,False
/home/hounfodjidagba/learning/cassava/data/cbsd-1/1617098940046.jpg,Cassava Brown Streak Disease (CBSD),CBSD,Diagnostic : Cassava Brown Streak Disease (CBSD). Cette feuille de manioc présente des symptômes caractéristiques de cette condition.,False
/home/hounfodjidagba/learning/cassava/data/raw/train_images/2994003111.jpg,CGM,CGM,Diagnostic : Cassava Green Mottle (CGM). Cette feuille de manioc présente des symptômes caractéristiques de cette condition.,True
/home/hounfodjidagba/learning/cassava/data/raw/train_images/2435784137.jpg,Cassava Bacterial Blight (CBB),CBB,Diagnostic : Cassava Bacterial Blight (CBB). Cette feuille de manioc présente des symptômes caractéristiques de cette condition.,False
/home/hounfodjidagba/learning/cassava/data/cassava/train/cbsd/train-cbsd-563.jpg,Cassava Brown Streak Disease (CBSD),CBSD,Diagnostic : Cassava Brown Streak Disease (CBSD). Cette feuille de manioc présente des symptômes caractéristiques de cette condition.,False
/home/hounfodjidagba/learning/cassava/data/raw/train_images/1097206620.jpg,CMD,CMD,Diagnostic : Cassava Mosaic Disease (CMD). Cette feuille de manioc présente des symptômes caractéristiques de cette condition.,True
/home/hounfodjidagba/learning/cassava/data/raw/train_images/462053910.jpg,CMD,CMD,Diagnostic : Cassava Mosaic Disease (CMD). Cette feuille de manioc présente des symptômes caractéristiques de cette condition.,True
/home/hounfodjidagba/learning/cassava/data/raw/train_images/140350208.jpg,Cassava Green Mottle (CGM),CBSD,Diagnostic : Cassava Brown Streak Disease (CBSD). Cette feuille de manioc présente des symptômes caractéristiques de cette condition.,False
/home/hounfodjidagba/learning/cassava/data/raw/train_images/1794652676.jpg,CBSD,CBSD,Diagnostic : Cassava Brown Streak Disease (CBSD). Cette feuille de manioc présente des symptômes caractéristiques de cette condition.,True
/home/hounfodjidagba/learning/cassava/data/raw/train_images/3081882480.jpg,Cassava Mosaic Disease (CMD),CMD,Diagnostic : Cassava Mosaic Disease (CMD). Cette feuille de manioc présente des symptômes caractéristiques de cette condition.,False
/home/hounfodjidagba/learning/cassava/data/cbsd-2/1617176766063.jpg,Cassava Brown Streak Disease (CBSD),CBSD,Diagnostic : Cassava Brown Streak Disease (CBSD). Cette feuille de manioc présente des symptômes caractéristiques de cette condition.,False
/home/hounfodjidagba/learning/cassava/data/raw/train_images/935723534.jpg,Cassava Bacterial Blight (CBB),CBB,Diagnostic : Cassava Bacterial Blight (CBB). Cette feuille de manioc présente des symptômes caractéristiques de cette condition.,False
/home/hounfodjidagba/learning/cassava/data/healthy_002/1616767398383.jpg,Healthy,Healthy,Diagnostic : Healthy. Cette feuille de manioc présente des symptômes caractéristiques de cette condition.,True
/home/hounfodjidagba/learning/cassava/data/raw/train_images/232991186.jpg,CGM,CGM,Diagnostic : Cassava Green Mottle (CGM). Cette feuille de manioc présente des symptômes caractéristiques de cette condition.,True
/home/hounfodjidagba/learning/cassava/data/raw/train_images/1831635820.jpg,CMD,CMD,Diagnostic : Cassava Mosaic Disease (CMD). Cette feuille de manioc présente des symptômes caractéristiques de cette condition.,True
/home/hounfodjidagba/learning/cassava/data/cbsd-1/1617105627142.jpg,Cassava Brown Streak Disease (CBSD),CBSD,Diagnostic : Cassava Brown Streak Disease (CBSD). Cette feuille de manioc présente des symptômes caractéristiques de cette condition.,False
/home/hounfodjidagba/learning/cassava/data/raw/train_images/25519336.jpg,Cassava Bacterial Blight (CBB),CBB,Diagnostic : Cassava Bacterial Blight (CBB). Cette feuille de manioc présente des symptômes caractéristiques de cette condition.,False
/home/hounfodjidagba/learning/cassava/data/cmd_002/uuid_2d0f3ee7-b5c5-4516-92a5-3ab9d8afb238.jpg,Cassava Mosaic Disease (CMD),CMD,Diagnostic : Cassava Mosaic Disease (CMD). Cette feuille de manioc présente des symptômes caractéristiques de cette condition.,False
/home/hounfodjidagba/learning/cassava/data/cmd_002/uuid_2b256238-f72b-43c0-9e79-358275a4f101.jpg,CMD,CMD,Diagnostic : Cassava Mosaic Disease (CMD). Cette feuille de manioc présente des symptômes caractéristiques de cette condition.,True
/home/hounfodjidagba/learning/cassava/data/raw/train_images/1649231975.jpg,Healthy,Healthy,Diagnostic : Healthy. Cette feuille de manioc présente des symptômes caractéristiques de cette condition.,True
/home/hounfodjidagba/learning/cassava/data/raw/train_images/1117432302.jpg,Cassava Green Mottle (CGM),CGM,Diagnostic : Cassava Green Mottle (CGM). Cette feuille de manioc présente des symptômes caractéristiques de cette condition.,False
/home/hounfodjidagba/learning/cassava/data/raw/train_images/225654531.jpg,CGM,CGM,Diagnostic : Cassava Green Mottle (CGM). Cette feuille de manioc présente des symptômes caractéristiques de cette condition.,True
/home/hounfodjidagba/learning/cassava/data/cbsd-2/1617172261127.jpg,Cassava Brown Streak Disease (CBSD),CBSD,Diagnostic : Cassava Brown Streak Disease (CBSD). Cette feuille de manioc présente des symptômes caractéristiques de cette condition.,False
/home/hounfodjidagba/learning/cassava/data/raw/train_images/1434200283.jpg,Healthy,Healthy,Diagnostic : Healthy. Cette feuille de manioc présente des symptômes caractéristiques de cette condition.,True
/home/hounfodjidagba/learning/cassava/data/raw/train_images/844267975.jpg,Cassava Green Mottle (CGM),CGM,Diagnostic : Cassava Green Mottle (CGM). Cette feuille de manioc présente des symptômes caractéristiques de cette condition.,False
/home/hounfodjidagba/learning/cassava/data/cassava/train/cgm/train-cgm-185.jpg,CGM,CGM,Diagnostic : Cassava Green Mottle (CGM). Cette feuille de manioc présente des symptômes caractéristiques de cette condition.,True
/home/hounfodjidagba/learning/cassava/data/raw/train_images/245276230.jpg,Cassava Mosaic Disease (CMD),CMD,Diagnostic : Cassava Mosaic Disease (CMD). Cette feuille de manioc présente des symptômes caractéristiques de cette condition.,False
/home/hounfodjidagba/learning/cassava/data/raw/train_images/3727711580.jpg,Cassava Bacterial Blight (CBB),Healthy,Diagnostic : Healthy. Cette feuille de manioc présente des symptômes caractéristiques de cette condition.,False
/home/hounfodjidagba/learning/cassava/data/cassava/train/cgm/train-cgm-234.jpg,CGM,CGM,Diagnostic : Cassava Green Mottle (CGM). Cette feuille de manioc présente des symptômes caractéristiques de cette condition.,True
/home/hounfodjidagba/learning/cassava/data/raw/train_images/1805115397.jpg,Cassava Bacterial Blight (CBB),CBB,Diagnostic : Cassava Bacterial Blight (CBB). Cette feuille de manioc présente des symptômes caractéristiques de cette condition.,False
/home/hounfodjidagba/learning/cassava/data/cbsd-1/1617092174281.jpg,Cassava Brown Streak Disease (CBSD),CBSD,Diagnostic : Cassava Brown Streak Disease (CBSD). Cette feuille de manioc présente des symptômes caractéristiques de cette condition.,False
/home/hounfodjidagba/learning/cassava/data/cassava/train/cmd/train-cmd-1801.jpg,CMD,CMD,Diagnostic : Cassava Mosaic Disease (CMD). Cette feuille de manioc présente des symptômes caractéristiques de cette condition.,True
/home/hounfodjidagba/learning/cassava/data/raw/train_images/1093739814.jpg,Cassava Mosaic Disease (CMD),CMD,Diagnostic : Cassava Mosaic Disease (CMD). Cette feuille de manioc présente des symptômes caractéristiques de cette condition.,False
/home/hounfodjidagba/learning/cassava/data/cassava/train/cbsd/train-cbsd-1375.jpg,Cassava Brown Streak Disease (CBSD),CBSD,Diagnostic : Cassava Brown Streak Disease (CBSD). Cette feuille de manioc présente des symptômes caractéristiques de cette condition.,False
/home/hounfodjidagba/learning/cassava/data/raw/train_images/36663927.jpg,CMD,CMD,Diagnostic : Cassava Mosaic Disease (CMD). Cette feuille de manioc présente des symptômes caractéristiques de cette condition.,True
/home/hounfodjidagba/learning/cassava/data/raw/train_images/4049743612.jpg,CGM,CGM,Diagnostic : Cassava Green Mottle (CGM). Cette feuille de manioc présente des symptômes caractéristiques de cette condition.,True
/home/hounfodjidagba/learning/cassava/data/raw/train_images/2265275376.jpg,Cassava Brown Streak Disease (CBSD),CBSD,Diagnostic : Cassava Brown Streak Disease (CBSD). Cette feuille de manioc présente des symptômes caractéristiques de cette condition.,False
/home/hounfodjidagba/learning/cassava/data/raw/train_images/3527693882.jpg,Cassava Mosaic Disease (CMD),CMD,Diagnostic : Cassava Mosaic Disease (CMD). Cette feuille de manioc présente des symptômes caractéristiques de cette condition.,False
/home/hounfodjidagba/learning/cassava/data/cmd_002/uuid_0e580a6e-1a0a-4116-8528-9dbcc546d380.jpg,Cassava Mosaic Disease (CMD),CMD,Diagnostic : Cassava Mosaic Disease (CMD). Cette feuille de manioc présente des symptômes caractéristiques de cette condition.,False
/home/hounfodjidagba/learning/cassava/data/raw/train_images/3896038163.jpg,Cassava Mosaic Disease (CMD),CMD,Diagnostic : Cassava Mosaic Disease (CMD). Cette feuille de manioc présente des symptômes caractéristiques de cette condition.,False
/home/hounfodjidagba/learning/cassava/data/cmd_003/uuid_6b6dab5c-8332-44e0-a384-98e90723e902.jpg,Cassava Mosaic Disease (CMD),CMD,Diagnostic : Cassava Mosaic Disease (CMD). Cette feuille de manioc présente des symptômes caractéristiques de cette condition.,False
/home/hounfodjidagba/learning/cassava/data/cbsd-1/1617091541828.jpg,CBSD,CBSD,Diagnostic : Cassava Brown Streak Disease (CBSD). Cette feuille de manioc présente des symptômes caractéristiques de cette condition.,True
/home/hounfodjidagba/learning/cassava/data/raw/train_images/2512237524.jpg,CBSD,CBSD,Diagnostic : Cassava Brown Streak Disease (CBSD). Cette feuille de manioc présente des symptômes caractéristiques de cette condition.,True
/home/hounfodjidagba/learning/cassava/data/cmd_004/uuid_6870b768-a591-4be2-9794-8b8929f410e1.jpg,Cassava Mosaic Disease (CMD),CMD,Diagnostic : Cassava Mosaic Disease (CMD). Cette feuille de manioc présente des symptômes caractéristiques de cette condition.,False
/home/hounfodjidagba/learning/cassava/data/raw/train_images/3533539817.jpg,Cassava Green Mottle (CGM),CGM,Diagnostic : Cassava Green Mottle (CGM). Cette feuille de manioc présente des symptômes caractéristiques de cette condition.,False
/home/hounfodjidagba/learning/cassava/data/raw/train_images/851691285.jpg,Cassava Green Mottle (CGM),CBSD,Diagnostic : Cassava Brown Streak Disease (CBSD). Cette feuille de manioc présente des symptômes caractéristiques de cette condition.,False
/home/hounfodjidagba/learning/cassava/data/raw/train_images/2342455447.jpg,Cassava Bacterial Blight (CBB),CBB,Diagnostic : Cassava Bacterial Blight (CBB). Cette feuille de manioc présente des symptômes caractéristiques de cette condition.,False
/home/hounfodjidagba/learning/cassava/data/raw/train_images/1496475043.jpg,CGM,CGM,Diagnostic : Cassava Green Mottle (CGM). Cette feuille de manioc présente des symptômes caractéristiques de cette condition.,True
/home/hounfodjidagba/learning/cassava/data/raw/train_images/459566440.jpg,CBB,CBB,Diagnostic : Cassava Bacterial Blight (CBB). Cette feuille de manioc présente des symptômes caractéristiques de cette condition.,True
/home/hounfodjidagba/learning/cassava/data/cmd_001/1617093875463.jpg,CMD,CMD,Diagnostic : Cassava Mosaic Disease (CMD). Cette feuille de manioc présente des symptômes caractéristiques de cette condition.,True
/home/hounfodjidagba/learning/cassava/data/cassava/train/cmd/train-cmd-1881.jpg,CMD,CGM,Diagnostic : Cassava Green Mottle (CGM). Cette feuille de manioc présente des symptômes caractéristiques de cette condition.,False
/home/hounfodjidagba/learning/cassava/data/cassava/train/cbb/train-cbb-185.jpg,CBB,CGM,Diagnostic : Cassava Green Mottle (CGM). Cette feuille de manioc présente des symptômes caractéristiques de cette condition.,False
/home/hounfodjidagba/learning/cassava/data/raw/train_images/302524536.jpg,Healthy,Healthy,Diagnostic : Healthy. Cette feuille de manioc présente des symptômes caractéristiques de cette condition.,True
/home/hounfodjidagba/learning/cassava/data/raw/train_images/29400522.jpg,CBB,CBSD,Diagnostic : Cassava Brown Streak Disease (CBSD). Cette feuille de manioc présente des symptômes caractéristiques de cette condition.,False
/home/hounfodjidagba/learning/cassava/data/cassava/train/cmd/train-cmd-725.jpg,CMD,CMD,Diagnostic : Cassava Mosaic Disease (CMD). Cette feuille de manioc présente des symptômes caractéristiques de cette condition.,True
/home/hounfodjidagba/learning/cassava/data/raw/train_images/224347038.jpg,Cassava Bacterial Blight (CBB),CBB,Diagnostic : Cassava Bacterial Blight (CBB). Cette feuille de manioc présente des symptômes caractéristiques de cette condition.,False
/home/hounfodjidagba/learning/cassava/data/cbsd-2/1617172027221.jpg,Cassava Brown Streak Disease (CBSD),CBSD,Diagnostic : Cassava Brown Streak Disease (CBSD). Cette feuille de manioc présente des symptômes caractéristiques de cette condition.,False
/home/hounfodjidagba/learning/cassava/data/raw/train_images/1092535479.jpg,CGM,CGM,Diagnostic : Cassava Green Mottle (CGM). Cette feuille de manioc présente des symptômes caractéristiques de cette condition.,True
/home/hounfodjidagba/learning/cassava/data/raw/train_images/1128080664.jpg,CBSD,CBSD,Diagnostic : Cassava Brown Streak Disease (CBSD). Cette feuille de manioc présente des symptômes caractéristiques de cette condition.,True
/home/hounfodjidagba/learning/cassava/data/raw/train_images/1691885163.jpg,CGM,CMD,Diagnostic : Cassava Mosaic Disease (CMD). Cette feuille de manioc présente des symptômes caractéristiques de cette condition.,False
/home/hounfodjidagba/learning/cassava/data/cassava/train/cbsd/train-cbsd-946.jpg,Cassava Brown Streak Disease (CBSD),CBB,Diagnostic : Cassava Bacterial Blight (CBB). Cette feuille de manioc présente des symptômes caractéristiques de cette condition.,False
/home/hounfodjidagba/learning/cassava/data/raw/train_images/2970234083.jpg,Cassava Green Mottle (CGM),CBSD,Diagnostic : Cassava Brown Streak Disease (CBSD). Cette feuille de manioc présente des symptômes caractéristiques de cette condition.,False
/home/hounfodjidagba/learning/cassava/data/raw/train_images/1381453836.jpg,Cassava Brown Streak Disease (CBSD),Healthy,Diagnostic : Healthy. Cette feuille de manioc présente des symptômes caractéristiques de cette condition.,False
/home/hounfodjidagba/learning/cassava/data/cmd_002/uuid_1ea1b3a2-3522-48a5-b005-cc2009a5f9bd.jpg,CMD,CMD,Diagnostic : Cassava Mosaic Disease (CMD). Cette feuille de manioc présente des symptômes caractéristiques de cette condition.,True
/home/hounfodjidagba/learning/cassava/data/raw/train_images/3663205279.jpg,CMD,CMD,Diagnostic : Cassava Mosaic Disease (CMD). Cette feuille de manioc présente des symptômes caractéristiques de cette condition.,True
/home/hounfodjidagba/learning/cassava/data/raw/train_images/197102142.jpg,Cassava Green Mottle (CGM),CMD,Diagnostic : Cassava Mosaic Disease (CMD). Cette feuille de manioc présente des symptômes caractéristiques de cette condition.,False
/home/hounfodjidagba/learning/cassava/data/cbsd-2/1617170114788.jpg,Cassava Brown Streak Disease (CBSD),CBSD,Diagnostic : Cassava Brown Streak Disease (CBSD). Cette feuille de manioc présente des symptômes caractéristiques de cette condition.,False
/home/hounfodjidagba/learning/cassava/data/cbsd-1/1617096220523.jpg,Cassava Brown Streak Disease (CBSD),CBSD,Diagnostic : Cassava Brown Streak Disease (CBSD). Cette feuille de manioc présente des symptômes caractéristiques de cette condition.,False
/home/hounfodjidagba/learning/cassava/data/raw/train_images/1012599090.jpg,CMD,CMD,Diagnostic : Cassava Mosaic Disease (CMD). Cette feuille de manioc présente des symptômes caractéristiques de cette condition.,True
/home/hounfodjidagba/learning/cassava/data/raw/train_images/1527880193.jpg,Cassava Mosaic Disease (CMD),CMD,Diagnostic : Cassava Mosaic Disease (CMD). Cette feuille de manioc présente des symptômes caractéristiques de cette condition.,False
/home/hounfodjidagba/learning/cassava/data/raw/train_images/1125148529.jpg,CGM,CGM,Diagnostic : Cassava Green Mottle (CGM). Cette feuille de manioc présente des symptômes caractéristiques de cette condition.,True
/home/hounfodjidagba/learning/cassava/data/healthy_002/1616767540964.jpg,Healthy,Healthy,Diagnostic : Healthy. Cette feuille de manioc présente des symptômes caractéristiques de cette condition.,True
/home/hounfodjidagba/learning/cassava/data/raw/train_images/1274870847.jpg,CMD,CMD,Diagnostic : Cassava Mosaic Disease (CMD). Cette feuille de manioc présente des symptômes caractéristiques de cette condition.,True
/home/hounfodjidagba/learning/cassava/data/raw/train_images/3722449524.jpg,CMD,CMD,Diagnostic : Cassava Mosaic Disease (CMD). Cette feuille de manioc présente des symptômes caractéristiques de cette condition.,True
/home/hounfodjidagba/learning/cassava/data/raw/train_images/2573412810.jpg,Cassava Brown Streak Disease (CBSD),CBSD,Diagnostic : Cassava Brown Streak Disease (CBSD). Cette feuille de manioc présente des symptômes caractéristiques de cette condition.,False
/home/hounfodjidagba/learning/cassava/data/raw/train_images/1220365722.jpg,CMD,CMD,Diagnostic : Cassava Mosaic Disease (CMD). Cette feuille de manioc présente des symptômes caractéristiques de cette condition.,True
/home/hounfodjidagba/learning/cassava/data/raw/train_images/1198521073.jpg,Healthy,Healthy,Diagnostic : Healthy. Cette feuille de manioc présente des symptômes caractéristiques de cette condition.,True
/home/hounfodjidagba/learning/cassava/data/raw/train_images/3458185025.jpg,Cassava Mosaic Disease (CMD),CMD,Diagnostic : Cassava Mosaic Disease (CMD). Cette feuille de manioc présente des symptômes caractéristiques de cette condition.,False
/home/hounfodjidagba/learning/cassava/data/cmd_005/uuid_51d379f9-78f1-43e6-a493-34f7685b8f65.jpg,Cassava Mosaic Disease (CMD),CMD,Diagnostic : Cassava Mosaic Disease (CMD). Cette feuille de manioc présente des symptômes caractéristiques de cette condition.,False
/home/hounfodjidagba/learning/cassava/data/cbsd-1/1617092934527.jpg,CBSD,CBSD,Diagnostic : Cassava Brown Streak Disease (CBSD). Cette feuille de manioc présente des symptômes caractéristiques de cette condition.,True
/home/hounfodjidagba/learning/cassava/data/raw/train_images/141080401.jpg,CMD,CMD,Diagnostic : Cassava Mosaic Disease (CMD). Cette feuille de manioc présente des symptômes caractéristiques de cette condition.,True
/home/hounfodjidagba/learning/cassava/data/raw/train_images/3615279906.jpg,Cassava Mosaic Disease (CMD),CMD,Diagnostic : Cassava Mosaic Disease (CMD). Cette feuille de manioc présente des symptômes caractéristiques de cette condition.,False
/home/hounfodjidagba/learning/cassava/data/cassava/train/cmd/train-cmd-2045.jpg,Cassava Mosaic Disease (CMD),CMD,Diagnostic : Cassava Mosaic Disease (CMD). Cette feuille de manioc présente des symptômes caractéristiques de cette condition.,False
/home/hounfodjidagba/learning/cassava/data/cassava/train/cgm/train-cgm-317.jpg,Cassava Green Mottle (CGM),CGM,Diagnostic : Cassava Green Mottle (CGM). Cette feuille de manioc présente des symptômes caractéristiques de cette condition.,False
/home/hounfodjidagba/learning/cassava/data/healthy_001/1617172389124.jpg,Healthy,Healthy,Diagnostic : Healthy. Cette feuille de manioc présente des symptômes caractéristiques de cette condition.,True
/home/hounfodjidagba/learning/cassava/data/raw/train_images/2873763227.jpg,CMD,CMD,Diagnostic : Cassava Mosaic Disease (CMD). Cette feuille de manioc présente des symptômes caractéristiques de cette condition.,True
/home/hounfodjidagba/learning/cassava/data/cassava/train/cbb/train-cbb-283.jpg,Cassava Bacterial Blight (CBB),CBB,Diagnostic : Cassava Bacterial Blight (CBB). Cette feuille de manioc présente des symptômes caractéristiques de cette condition.,False
/home/hounfodjidagba/learning/cassava/data/cassava/train/cmd/train-cmd-2292.jpg,CMD,CMD,Diagnostic : Cassava Mosaic Disease (CMD). Cette feuille de manioc présente des symptômes caractéristiques de cette condition.,True
/home/hounfodjidagba/learning/cassava/data/raw/train_images/1605560939.jpg,CGM,CBSD,Diagnostic : Cassava Brown Streak Disease (CBSD). Cette feuille de manioc présente des symptômes caractéristiques de cette condition.,False
/home/hounfodjidagba/learning/cassava/data/raw/train_images/1515534361.jpg,CGM,CGM,Diagnostic : Cassava Green Mottle (CGM). Cette feuille de manioc présente des symptômes caractéristiques de cette condition.,True
/home/hounfodjidagba/learning/cassava/data/raw/train_images/1998118528.jpg,Healthy,Healthy,Diagnostic : Healthy. Cette feuille de manioc présente des symptômes caractéristiques de cette condition.,True
/home/hounfodjidagba/learning/cassava/data/cbsd-1/1617095709960.jpg,CBSD,CBSD,Diagnostic : Cassava Brown Streak Disease (CBSD). Cette feuille de manioc présente des symptômes caractéristiques de cette condition.,True
/home/hounfodjidagba/learning/cassava/data/healthy_002/1616767588281.jpg,Healthy,Healthy,Diagnostic : Healthy. Cette feuille de manioc présente des symptômes caractéristiques de cette condition.,True
/home/hounfodjidagba/learning/cassava/data/cbsd-1/1617105793042.jpg,CBSD,CBSD,Diagnostic : Cassava Brown Streak Disease (CBSD). Cette feuille de manioc présente des symptômes caractéristiques de cette condition.,True
/home/hounfodjidagba/learning/cassava/data/raw/train_images/3140086152.jpg,Cassava Mosaic Disease (CMD),CMD,Diagnostic : Cassava Mosaic Disease (CMD). Cette feuille de manioc présente des symptômes caractéristiques de cette condition.,False
/home/hounfodjidagba/learning/cassava/data/raw/train_images/2169718096.jpg,Cassava Green Mottle (CGM),CGM,Diagnostic : Cassava Green Mottle (CGM). Cette feuille de manioc présente des symptômes caractéristiques de cette condition.,False
/home/hounfodjidagba/learning/cassava/data/raw/train_images/3059118065.jpg,Cassava Mosaic Disease (CMD),CMD,Diagnostic : Cassava Mosaic Disease (CMD). Cette feuille de manioc présente des symptômes caractéristiques de cette condition.,False
/home/hounfodjidagba/learning/cassava/data/raw/train_images/3285778653.jpg,Cassava Green Mottle (CGM),CGM,Diagnostic : Cassava Green Mottle (CGM). Cette feuille de manioc présente des symptômes caractéristiques de cette condition.,False
/home/hounfodjidagba/learning/cassava/data/raw/train_images/111358933.jpg,Cassava Bacterial Blight (CBB),CBSD,Diagnostic : Cassava Brown Streak Disease (CBSD). Cette feuille de manioc présente des symptômes caractéristiques de cette condition.,False
/home/hounfodjidagba/learning/cassava/data/raw/train_images/3763125512.jpg,CMD,CMD,Diagnostic : Cassava Mosaic Disease (CMD). Cette feuille de manioc présente des symptômes caractéristiques de cette condition.,True
/home/hounfodjidagba/learning/cassava/data/cmd_001/1616998411203.jpg,Cassava Mosaic Disease (CMD),CMD,Diagnostic : Cassava Mosaic Disease (CMD). Cette feuille de manioc présente des symptômes caractéristiques de cette condition.,False
/home/hounfodjidagba/learning/cassava/data/raw/train_images/1585833498.jpg,Cassava Mosaic Disease (CMD),CMD,Diagnostic : Cassava Mosaic Disease (CMD). Cette feuille de manioc présente des symptômes caractéristiques de cette condition.,False
/home/hounfodjidagba/learning/cassava/data/cbsd-1/1617095896187.jpg,Cassava Brown Streak Disease (CBSD),CMD,Diagnostic : Cassava Mosaic Disease (CMD). Cette feuille de manioc présente des symptômes caractéristiques de cette condition.,False
/home/hounfodjidagba/learning/cassava/data/raw/train_images/3957612771.jpg,CGM,CGM,Diagnostic : Cassava Green Mottle (CGM). Cette feuille de manioc présente des symptômes caractéristiques de cette condition.,True
/home/hounfodjidagba/learning/cassava/data/cmd_003/uuid_05c50256-ea13-4363-a4f2-9cf9f7fef84e.jpg,CMD,CMD,Diagnostic : Cassava Mosaic Disease (CMD). Cette feuille de manioc présente des symptômes caractéristiques de cette condition.,True
/home/hounfodjidagba/learning/cassava/data/cbsd-2/1617172920393.jpg,Cassava Brown Streak Disease (CBSD),CBSD,Diagnostic : Cassava Brown Streak Disease (CBSD). Cette feuille de manioc présente des symptômes caractéristiques de cette condition.,False
/home/hounfodjidagba/learning/cassava/data/cassava/train/cmd/train-cmd-1960.jpg,Cassava Mosaic Disease (CMD),CMD,Diagnostic : Cassava Mosaic Disease (CMD). Cette feuille de manioc présente des symptômes caractéristiques de cette condition.,False
/home/hounfodjidagba/learning/cassava/data/healthy_002/1616751673677.jpg,Healthy,Healthy,Diagnostic : Healthy. Cette feuille de manioc présente des symptômes caractéristiques de cette condition.,True
/home/hounfodjidagba/learning/cassava/data/raw/train_images/3811519582.jpg,CMD,CMD,Diagnostic : Cassava Mosaic Disease (CMD). Cette feuille de manioc présente des symptômes caractéristiques de cette condition.,True
/home/hounfodjidagba/learning/cassava/data/raw/train_images/1810849294.jpg,CGM,CGM,Diagnostic : Cassava Green Mottle (CGM). Cette feuille de manioc présente des symptômes caractéristiques de cette condition.,True
/home/hounfodjidagba/learning/cassava/data/cassava/train/cbsd/train-cbsd-1025.jpg,Cassava Brown Streak Disease (CBSD),CBSD,Diagnostic : Cassava Brown Streak Disease (CBSD). Cette feuille de manioc présente des symptômes caractéristiques de cette condition.,False
/home/hounfodjidagba/learning/cassava/data/cbsd-1/1616834389311.jpg,Cassava Brown Streak Disease (CBSD),CBSD,Diagnostic : Cassava Brown Streak Disease (CBSD). Cette feuille de manioc présente des symptômes caractéristiques de cette condition.,False
/home/hounfodjidagba/learning/cassava/data/raw/train_images/715948482.jpg,CBSD,CBSD,Diagnostic : Cassava Brown Streak Disease (CBSD). Cette feuille de manioc présente des symptômes caractéristiques de cette condition.,True
/home/hounfodjidagba/learning/cassava/data/raw/train_images/3912822365.jpg,CMD,CMD,Diagnostic : Cassava Mosaic Disease (CMD). Cette feuille de manioc présente des symptômes caractéristiques de cette condition.,True
/home/hounfodjidagba/learning/cassava/data/cassava/train/cmd/train-cmd-1687.jpg,CMD,CMD,Diagnostic : Cassava Mosaic Disease (CMD). Cette feuille de manioc présente des symptômes caractéristiques de cette condition.,True
/home/hounfodjidagba/learning/cassava/data/cbsd-1/1617104626538.jpg,CBSD,CBSD,Diagnostic : Cassava Brown Streak Disease (CBSD). Cette feuille de manioc présente des symptômes caractéristiques de cette condition.,True
/home/hounfodjidagba/learning/cassava/data/raw/train_images/2859464940.jpg,CMD,CMD,Diagnostic : Cassava Mosaic Disease (CMD). Cette feuille de manioc présente des symptômes caractéristiques de cette condition.,True
/home/hounfodjidagba/learning/cassava/data/cmd_003/uuid_5ada3297-af0c-4c22-8347-511df33d44b7.jpg,Cassava Mosaic Disease (CMD),CMD,Diagnostic : Cassava Mosaic Disease (CMD). Cette feuille de manioc présente des symptômes caractéristiques de cette condition.,False
/home/hounfodjidagba/learning/cassava/data/raw/train_images/4032940326.jpg,CGM,CGM,Diagnostic : Cassava Green Mottle (CGM). Cette feuille de manioc présente des symptômes caractéristiques de cette condition.,True
/home/hounfodjidagba/learning/cassava/data/cmd_001/1616911955417.jpg,Cassava Mosaic Disease (CMD),CMD,Diagnostic : Cassava Mosaic Disease (CMD). Cette feuille de manioc présente des symptômes caractéristiques de cette condition.,False
/home/hounfodjidagba/learning/cassava/data/cmd_001/1617093606736.jpg,Cassava Mosaic Disease (CMD),CMD,Diagnostic : Cassava Mosaic Disease (CMD). Cette feuille de manioc présente des symptômes caractéristiques de cette condition.,False
/home/hounfodjidagba/learning/cassava/data/raw/train_images/3995459350.jpg,CGM,CGM,Diagnostic : Cassava Green Mottle (CGM). Cette feuille de manioc présente des symptômes caractéristiques de cette condition.,True
/home/hounfodjidagba/learning/cassava/data/cmd_003/uuid_5d4b8c31-490f-4be8-bfab-c461cfe342be.jpg,CMD,CMD,Diagnostic : Cassava Mosaic Disease (CMD). Cette feuille de manioc présente des symptômes caractéristiques de cette condition.,True
/home/hounfodjidagba/learning/cassava/data/raw/train_images/2095530731.jpg,Cassava Brown Streak Disease (CBSD),CBSD,Diagnostic : Cassava Brown Streak Disease (CBSD). Cette feuille de manioc présente des symptômes caractéristiques de cette condition.,False
/home/hounfodjidagba/learning/cassava/data/raw/train_images/3799139727.jpg,CMD,CMD,Diagnostic : Cassava Mosaic Disease (CMD). Cette feuille de manioc présente des symptômes caractéristiques de cette condition.,True
/home/hounfodjidagba/learning/cassava/data/cassava/train/cgm/train-cgm-733.jpg,Cassava Green Mottle (CGM),CGM,Diagnostic : Cassava Green Mottle (CGM). Cette feuille de manioc présente des symptômes caractéristiques de cette condition.,False
/home/hounfodjidagba/learning/cassava/data/cassava/train/cmd/train-cmd-1401.jpg,Cassava Mosaic Disease (CMD),CMD,Diagnostic : Cassava Mosaic Disease (CMD). Cette feuille de manioc présente des symptômes caractéristiques de cette condition.,False
/home/hounfodjidagba/learning/cassava/data/raw/train_images/4252535713.jpg,Cassava Mosaic Disease (CMD),CMD,Diagnostic : Cassava Mosaic Disease (CMD). Cette feuille de manioc présente des symptômes caractéristiques de cette condition.,False
/home/hounfodjidagba/learning/cassava/data/raw/train_images/1358076537.jpg,CBB,Healthy,Diagnostic : Healthy. Cette feuille de manioc présente des symptômes caractéristiques de cette condition.,False
/home/hounfodjidagba/learning/cassava/data/raw/train_images/1314818419.jpg,CGM,CBB,Diagnostic : Cassava Bacterial Blight (CBB). Cette feuille de manioc présente des symptômes caractéristiques de cette condition.,False
/home/hounfodjidagba/learning/cassava/data/raw/train_images/936011517.jpg,Cassava Mosaic Disease (CMD),CMD,Diagnostic : Cassava Mosaic Disease (CMD). Cette feuille de manioc présente des symptômes caractéristiques de cette condition.,False
/home/hounfodjidagba/learning/cassava/data/cmd_001/1616830443609.jpg,Cassava Mosaic Disease (CMD),CMD,Diagnostic : Cassava Mosaic Disease (CMD). Cette feuille de manioc présente des symptômes caractéristiques de cette condition.,False
/home/hounfodjidagba/learning/cassava/data/cassava/train/cbsd/train-cbsd-658.jpg,CBSD,CBSD,Diagnostic : Cassava Brown Streak Disease (CBSD). Cette feuille de manioc présente des symptômes caractéristiques de cette condition.,True
/home/hounfodjidagba/learning/cassava/data/raw/train_images/145899550.jpg,CMD,CMD,Diagnostic : Cassava Mosaic Disease (CMD). Cette feuille de manioc présente des symptômes caractéristiques de cette condition.,True
/home/hounfodjidagba/learning/cassava/data/raw/train_images/2589664557.jpg,CBSD,Healthy,Diagnostic : Healthy. Cette feuille de manioc présente des symptômes caractéristiques de cette condition.,False
/home/hounfodjidagba/learning/cassava/data/raw/train_images/304408360.jpg,CMD,CMD,Diagnostic : Cassava Mosaic Disease (CMD). Cette feuille de manioc présente des symptômes caractéristiques de cette condition.,True
/home/hounfodjidagba/learning/cassava/data/cassava/train/cmd/train-cmd-1170.jpg,CMD,CMD,Diagnostic : Cassava Mosaic Disease (CMD). Cette feuille de manioc présente des symptômes caractéristiques de cette condition.,True
/home/hounfodjidagba/learning/cassava/data/raw/train_images/3296532916.jpg,Healthy,Healthy,Diagnostic : Healthy. Cette feuille de manioc présente des symptômes caractéristiques de cette condition.,True
/home/hounfodjidagba/learning/cassava/data/cbsd-2/1617176881660.jpg,Cassava Brown Streak Disease (CBSD),CBSD,Diagnostic : Cassava Brown Streak Disease (CBSD). Cette feuille de manioc présente des symptômes caractéristiques de cette condition.,False
/home/hounfodjidagba/learning/cassava/data/raw/train_images/3558210232.jpg,Cassava Green Mottle (CGM),CBB,Diagnostic : Cassava Bacterial Blight (CBB). Cette feuille de manioc présente des symptômes caractéristiques de cette condition.,False
/home/hounfodjidagba/learning/cassava/data/cassava/train/cgm/train-cgm-209.jpg,CGM,CMD,Diagnostic : Cassava Mosaic Disease (CMD). Cette feuille de manioc présente des symptômes caractéristiques de cette condition.,False
/home/hounfodjidagba/learning/cassava/data/cbsd-1/1617103324777.jpg,CBSD,CBSD,Diagnostic : Cassava Brown Streak Disease (CBSD). Cette feuille de manioc présente des symptômes caractéristiques de cette condition.,True
/home/hounfodjidagba/learning/cassava/data/cbsd-2/1617106740933.jpg,CBSD,CBSD,Diagnostic : Cassava Brown Streak Disease (CBSD). Cette feuille de manioc présente des symptômes caractéristiques de cette condition.,True
